"Date Time, GMT-06:00","Temp, °F (LGR S/N: 10431385, SEN S/N: 10431385)","RH, % (LGR S/N: 10431385, SEN S/N: 10431385)"
12/16/2019 13:38,70.201,21.654
12/16/2019 13:38,,
12/16/2019 15:38,72.869,25.238
12/16/2019 17:38,72.912,15.861
12/16/2019 19:38,71.92,15.344
12/16/2019 21:38,71.361,15.539
12/16/2019 23:38,71.017,15.843
12/17/2019 1:38,70.974,16.224
12/17/2019 3:38,70.803,16.567
12/17/2019 5:38,70.846,16.985
12/17/2019 7:38,70.673,16.737
12/17/2019 9:38,61.162,24.536
12/17/2019 11:38,62.319,25.387
12/17/2019 13:38,17.184,71.131
12/17/2019 15:38,7.486,67.453
12/17/2019 17:38,2.239,65.318
12/17/2019 19:38,-1.898,69.996
12/17/2019 21:38,-5.503,73.04
12/17/2019 23:38,-6.554,73.06
12/18/2019 1:38,-7.179,72.368
12/18/2019 3:38,-3.293,72.515
12/18/2019 5:38,-1.655,70.126
12/18/2019 7:38,0.091,69.769
12/18/2019 9:38,3.576,70.068
12/18/2019 11:38,7.83,66.231
12/18/2019 13:38,11.743,65.323
12/18/2019 15:38,13.458,69.187
12/18/2019 17:38,12.319,73.73
12/18/2019 19:38,12.447,77.836
12/18/2019 21:38,12.637,80.186
12/18/2019 23:38,11.808,81.191
12/19/2019 1:38,11.678,82.502
12/19/2019 3:38,9.583,81.754
12/19/2019 5:38,9.45,82.883
12/19/2019 7:38,7.966,83.503
12/19/2019 9:38,12.063,85.207
12/19/2019 11:38,22.136,79.01
12/19/2019 13:38,24.553,73.639
12/19/2019 15:38,23.189,72.503
12/19/2019 17:38,18.189,75.851
12/19/2019 19:38,18.948,76.382
12/19/2019 21:38,18.072,77.835
12/19/2019 23:38,18.423,80.086
12/20/2019 1:38,18.831,82.572
12/20/2019 3:38,17.6,83.648
12/20/2019 5:38,15.922,86.379
12/20/2019 7:38,16.286,87.712
12/20/2019 9:38,19.353,88.491
12/20/2019 11:38,20.842,89.529
12/20/2019 13:38,20.728,89.367
12/20/2019 15:38,18.657,89.211
12/20/2019 17:38,17.953,89.636
12/20/2019 19:38,17.362,88.83
12/20/2019 21:38,15.316,88.533
12/20/2019 23:38,13.708,88.967
12/21/2019 1:38,13.08,89.183
12/21/2019 3:38,13.584,89.636
12/21/2019 5:38,14.083,89.402
12/21/2019 7:38,15.316,89.868
12/21/2019 9:38,19.006,91.034
12/21/2019 11:38,26.906,83.599
12/21/2019 13:38,31.993,79.265
12/21/2019 15:38,32.592,79.444
12/21/2019 17:38,29.662,84.955
12/21/2019 19:38,29.406,86.231
12/21/2019 21:38,27.486,86.941
12/21/2019 23:38,27.694,86.97
12/22/2019 1:38,24.717,88.553
12/22/2019 3:38,23.956,91.241
12/22/2019 5:38,24.12,92.635
12/22/2019 7:38,24.12,92.564
12/22/2019 9:38,25.952,92.405
12/22/2019 11:38,31.138,86.393
12/22/2019 13:38,34.565,81.494
12/22/2019 15:38,33.633,82.308
12/22/2019 17:38,30.072,86.247
12/22/2019 19:38,27.327,86.845
12/22/2019 21:38,24.228,90.07
12/22/2019 23:38,22.192,89.919
12/23/2019 1:38,19.353,92.18
12/23/2019 3:38,20.898,92.341
12/23/2019 5:38,22.858,93.494
12/23/2019 7:38,22.636,93.389
12/23/2019 9:38,23.572,93.484
12/23/2019 11:38,28.994,87.351
12/23/2019 13:38,32.742,77.993
12/23/2019 15:38,32.193,78.294
12/23/2019 17:38,29.714,82.877
12/23/2019 19:38,29.251,84.925
12/23/2019 21:38,28.425,86.197
12/23/2019 23:38,26.483,88.485
12/24/2019 1:38,27.327,89.492
12/24/2019 3:38,27.642,91.007
12/24/2019 5:38,28.216,91.968
12/24/2019 7:38,28.632,92.297
12/24/2019 9:38,30.02,92.746
12/24/2019 11:38,31.743,92.196
12/24/2019 13:38,32.392,91.407
12/24/2019 15:38,31.993,93.235
12/24/2019 17:38,28.476,93.941
12/24/2019 19:38,28.008,95.116
12/24/2019 21:38,26.006,95.662
12/24/2019 23:38,26.748,97.523
12/25/2019 1:38,28.216,98.038
12/25/2019 3:38,31.037,98.44
12/25/2019 5:38,31.791,98.229
12/25/2019 7:38,32.092,98.277
12/25/2019 9:38,32.293,98.403
12/25/2019 11:38,33.138,97.68
12/25/2019 13:38,33.287,96.842
12/25/2019 15:38,32.891,97.164
12/25/2019 17:38,32.443,97.999
12/25/2019 19:38,32.293,98.261
12/25/2019 21:38,32.193,98.766
12/25/2019 23:38,28.891,98.169
12/26/2019 1:38,24.717,96.169
12/26/2019 3:38,23.628,96.607
12/26/2019 5:38,23.628,96.607
12/26/2019 7:38,22.08,93.968
12/26/2019 9:38,21.463,90.728
12/26/2019 11:38,22.581,89.053
12/26/2019 13:38,23.299,88.375
12/26/2019 15:38,24.283,87.361
12/26/2019 17:38,23.738,89.585
12/26/2019 19:38,24.445,94.141
12/26/2019 21:38,24.879,93.969
12/26/2019 23:38,24.609,90.95
12/27/2019 1:38,24.337,90.91
12/27/2019 3:38,25.041,90.431
12/27/2019 5:38,24.609,87.011
12/27/2019 7:38,20.842,89.287
12/27/2019 9:38,19.584,90.115
12/27/2019 11:38,23.518,88.749
12/27/2019 13:38,26.325,86.879
12/27/2019 15:38,25.738,86.599
12/27/2019 17:38,22.248,90.168
12/27/2019 19:38,21.182,92.408
12/27/2019 21:38,19.929,92.906
12/27/2019 23:38,20.502,94.736
12/28/2019 1:38,23.518,94.945
12/28/2019 3:38,26.96,94.573
12/28/2019 5:38,28.684,95.316
12/28/2019 7:38,30.225,98.122
12/28/2019 9:38,31.791,98.986
12/28/2019 11:38,32.891,99.067
12/28/2019 13:38,32.94,93.84
12/28/2019 15:38,32.193,96.696
12/28/2019 17:38,32.092,97.659
12/28/2019 19:38,32.142,98.19
12/28/2019 21:38,32.243,98.963
12/28/2019 23:38,32.392,99.554
12/29/2019 1:38,32.392,99.883
12/29/2019 3:38,32.542,99.86
12/29/2019 5:38,32.193,100
12/29/2019 7:38,32.043,100
12/29/2019 9:38,32.092,100
12/29/2019 11:38,32.293,100
12/29/2019 13:38,32.691,100
12/29/2019 15:38,32.592,100
12/29/2019 17:38,32.742,100
12/29/2019 19:38,32.293,100
12/29/2019 21:38,32.491,100
12/29/2019 23:38,31.692,100
12/30/2019 1:38,28.112,99.145
12/30/2019 3:38,23.518,97.476
12/30/2019 5:38,18.54,95.107
12/30/2019 7:38,17.004,94.635
12/30/2019 9:38,15.863,93.946
12/30/2019 11:38,16.767,92.637
12/30/2019 13:38,15.741,92.504
12/30/2019 15:38,15.436,92.34
12/30/2019 17:38,14.824,92.341
12/30/2019 19:38,14.702,92.462
12/30/2019 21:38,15.559,92.874
12/30/2019 23:38,17.362,92.257
12/31/2019 1:38,17.422,93.042
12/31/2019 3:38,15.193,92.911
12/31/2019 5:38,10.771,90.652
12/31/2019 7:38,8.645,91.028
12/31/2019 9:38,7.761,91.125
12/31/2019 11:38,11.161,90.804
12/31/2019 13:38,13.143,89.737
12/31/2019 15:38,13.332,89.67
12/31/2019 17:38,11.678,91.861
12/31/2019 19:38,9.516,91.532
12/31/2019 21:38,9.849,91.767
12/31/2019 23:38,10.377,92.033
1/1/2020 1:38,11.03,92.919
1/1/2020 3:38,12.828,93.982
1/1/2020 5:38,14.207,93.874
1/1/2020 7:38,16.286,94.476
1/1/2020 9:38,19.641,95.838
1/1/2020 11:38,23.463,94.795
1/1/2020 13:38,27.59,95.766
1/1/2020 15:38,29.199,94.724
1/1/2020 17:38,28.476,96.711
1/1/2020 19:38,28.891,97.013
1/1/2020 21:38,29.354,97.18
1/1/2020 23:38,29.149,97.172
1/2/2020 1:38,29.251,98.015
1/2/2020 3:38,32.043,98.648
1/2/2020 5:38,32.392,99.105
1/2/2020 7:38,29.764,95.769
1/2/2020 9:38,28.373,94.406
1/2/2020 11:38,30.58,93.97
1/2/2020 13:38,30.479,91.471
1/2/2020 15:38,30.58,93.413
1/2/2020 17:38,30.02,93.886
1/2/2020 19:38,31.138,94.199
1/2/2020 21:38,31.239,94.891
1/2/2020 23:38,30.936,95.83
1/3/2020 1:38,30.429,96.517
1/3/2020 3:38,29.97,96.564
1/3/2020 5:38,29.662,97.371
1/3/2020 7:38,28.787,97.964
1/3/2020 9:38,27.486,97.593
1/3/2020 11:38,27.381,96.657
1/3/2020 13:38,25.471,91.755
1/3/2020 15:38,24.553,91.956
1/3/2020 17:38,23.299,94.486
1/3/2020 19:38,25.095,95.047
1/3/2020 21:38,23.353,90.015
1/3/2020 23:38,17.895,88.184
1/4/2020 1:38,12.954,90.228
1/4/2020 3:38,11.55,90.324
1/4/2020 5:38,9.649,91.181
1/4/2020 7:38,8.238,88.495
1/4/2020 9:38,7.83,89.93
1/4/2020 11:38,14.207,91.403
1/4/2020 13:38,19.584,88.306
1/4/2020 15:38,20.158,86.805
1/4/2020 17:38,19.641,91.463
1/4/2020 19:38,21.294,93.469
1/4/2020 21:38,23.299,93.68
1/4/2020 23:38,24.609,94.593
1/5/2020 1:38,24.879,94.397
1/5/2020 3:38,25.632,95.722
1/5/2020 5:38,34.664,83.037
1/5/2020 7:38,34.516,82.5
1/5/2020 9:38,31.993,81.812
1/5/2020 11:38,32.193,78.241
1/5/2020 13:38,31.188,76.406
1/5/2020 15:38,28.839,73.447
1/5/2020 17:38,24.553,76.47
1/5/2020 19:38,22.636,76.756
1/5/2020 21:38,21.069,78.364
1/5/2020 23:38,23.846,87.767
1/6/2020 1:38,24.283,82.366
1/6/2020 3:38,23.133,81.43
1/6/2020 5:38,20.502,81.49
1/6/2020 7:38,18.889,82.43
1/6/2020 9:38,18.482,84.361
1/6/2020 11:38,23.133,80.745
1/6/2020 13:38,28.684,78.696
1/6/2020 15:38,32.342,84.426
1/6/2020 17:38,30.072,89.689
1/6/2020 19:38,27.171,85.398
1/6/2020 21:38,25.255,84.385
1/6/2020 23:38,23.077,85.883
1/7/2020 1:38,19.468,87.05
1/7/2020 3:38,18.54,85.108
1/7/2020 5:38,19.238,85.696
1/7/2020 7:38,25.041,77.05
1/7/2020 9:38,22.136,77.108
1/7/2020 11:38,15.559,67.115
1/7/2020 13:38,11.935,71.546
1/7/2020 15:38,9.45,74.025
1/7/2020 17:38,5.313,77.454
1/7/2020 19:38,1.175,78.323
1/7/2020 21:38,-1.493,78.388
1/7/2020 23:38,-4.131,81.174
1/8/2020 1:38,-4.727,82.178
1/8/2020 3:38,-8.451,80.349
1/8/2020 5:38,-8.36,80.691
1/8/2020 7:38,-6.911,82.717
1/8/2020 9:38,-1.172,84.179
1/8/2020 11:38,3.576,76.317
1/8/2020 13:38,5.385,71.683
1/8/2020 15:38,6.654,70.266
1/8/2020 17:38,5.599,74.444
1/8/2020 19:38,8.78,72.388
1/8/2020 21:38,9.849,77.156
1/8/2020 23:38,12.384,78.43
1/9/2020 1:38,14.886,79.403
1/9/2020 3:38,16.705,82.958
1/9/2020 5:38,19.18,85.073
1/9/2020 7:38,18.365,85.034
1/9/2020 9:38,19.756,85.177
1/9/2020 11:38,23.299,81.173
1/9/2020 13:38,23.902,79.772
1/9/2020 15:38,19.353,82.991
1/9/2020 17:38,18.657,86.691
1/9/2020 19:38,19.063,85.77
1/9/2020 21:38,18.657,87.227
1/9/2020 23:38,17.658,82.042
1/10/2020 1:38,14.392,83.016
1/10/2020 3:38,9.45,75.95
1/10/2020 5:38,6.654,71.729
1/10/2020 7:38,4.089,74.36
1/10/2020 9:38,3.133,82.67
1/10/2020 11:38,3.357,83.585
1/10/2020 13:38,2.836,78.832
1/10/2020 15:38,1.175,74.627
1/10/2020 17:38,-1.736,75.993
1/10/2020 19:38,-4.385,76.486
1/10/2020 21:38,-5.939,77.061
1/10/2020 23:38,-8.084,79.502
1/11/2020 1:38,-8.543,79.157
1/11/2020 3:38,-13.081,80.859
1/11/2020 5:38,-13.182,79.636
1/11/2020 7:38,-13.794,80.69
1/11/2020 9:38,-11.88,81.14
1/11/2020 11:38,-3.46,73.265
1/11/2020 13:38,-0.222,70.14
1/11/2020 15:38,3.576,72.156
1/11/2020 17:38,-0.854,73.283
1/11/2020 19:38,-5.503,78.201
1/11/2020 21:38,-2.304,80.423
1/11/2020 23:38,2.613,81.951
1/12/2020 1:38,8.373,84.283
1/12/2020 3:38,10.771,83.962
1/12/2020 5:38,11.55,80.811
1/12/2020 7:38,11.55,81.108
1/12/2020 9:38,12.7,79.871
1/12/2020 11:38,15.071,77.763
1/12/2020 13:38,16.165,77.393
1/12/2020 15:38,16.885,80.189
1/12/2020 17:38,17.004,83.715
1/12/2020 19:38,17.362,85.924
1/12/2020 21:38,18.189,88.565
1/12/2020 23:38,18.54,89.65
1/13/2020 1:38,18.889,90.205
1/13/2020 3:38,19.006,90.986
1/13/2020 5:38,18.306,93.154
1/13/2020 7:38,18.774,93.906
1/13/2020 9:38,20.386,94.273
1/13/2020 11:38,22.302,92.004
1/13/2020 13:38,23.846,89.723
1/13/2020 15:38,23.409,89.27
1/13/2020 17:38,23.299,92.392
1/13/2020 19:38,23.189,93.639
1/13/2020 21:38,23.792,95.883
1/13/2020 23:38,25.898,97.2
1/14/2020 1:38,26.748,97.476
1/14/2020 3:38,26.218,96.498
1/14/2020 5:38,19.584,94.055
1/14/2020 7:38,13.708,89.347
1/14/2020 9:38,11.743,88.347
1/14/2020 11:38,10.179,79.617
1/14/2020 13:38,7.486,75.757
1/14/2020 15:38,4.525,78.734
1/14/2020 17:38,2.163,79.912
1/14/2020 19:38,2.539,80.978
1/14/2020 21:38,2.986,81.135
1/14/2020 23:38,4.451,87.892
1/15/2020 1:38,7.002,90.825
1/15/2020 3:38,6.584,90.392
1/15/2020 5:38,6.445,89.305
1/15/2020 7:38,2.539,88.953
1/15/2020 9:38,0.091,88.22
1/15/2020 11:38,-0.854,85.674
1/15/2020 13:38,-1.012,85.139
1/15/2020 15:38,-2.385,84.335
1/15/2020 17:38,-5.85,83.89
1/15/2020 19:38,-7.902,82.368
1/15/2020 21:38,-9.661,81.168
1/15/2020 23:38,-11.979,79.916
1/16/2020 1:38,-14.624,79.486
1/16/2020 3:38,-15.896,77.517
1/16/2020 5:38,-17.095,79.173
1/16/2020 7:38,-18.783,78.574
1/16/2020 9:38,-16.112,78.61
1/16/2020 11:38,-11.292,75.026
1/16/2020 13:38,-6.732,72.447
1/16/2020 15:38,-6.378,73.917
1/16/2020 17:38,-8.912,76.124
1/16/2020 19:38,-8.912,77.681
1/16/2020 21:38,-6.821,79.34
1/16/2020 23:38,-5.071,81.613
1/17/2020 1:38,-1.012,81.266
1/17/2020 3:38,1.785,83.793
1/17/2020 5:38,5.812,84.261
1/17/2020 7:38,8.915,84.382
1/17/2020 9:38,11.935,83.563
1/17/2020 11:38,14.455,92.471
1/17/2020 13:38,16.705,93.377
1/17/2020 15:38,19.296,95.644
1/17/2020 17:38,19.006,95.11
1/17/2020 19:38,19.814,95.679
1/17/2020 21:38,20.386,95.956
1/17/2020 23:38,22.136,96.744
1/18/2020 1:38,22.802,96.896
1/18/2020 3:38,22.746,97.051
1/18/2020 5:38,5.029,89.788
1/18/2020 7:38,2.464,89.034
1/18/2020 9:38,2.388,89.667
1/18/2020 11:38,1.71,88.645
1/18/2020 13:38,0.405,87.667
1/18/2020 15:38,-1.093,86.938
1/18/2020 17:38,-3.46,86.269
1/18/2020 19:38,-4.131,85.987
1/18/2020 21:38,-4.131,85.71
1/18/2020 23:38,-5.156,84.638
1/19/2020 1:38,-5.939,84.734
1/19/2020 3:38,-7.001,83.819
1/19/2020 5:38,-7.629,83.868
1/19/2020 7:38,-7.811,82.916
1/19/2020 9:38,-7.992,83.122
1/19/2020 11:38,-5.156,81.412
1/19/2020 13:38,-1.172,86.14
1/19/2020 15:38,-1.574,84.661
1/19/2020 17:38,-2.304,85.975
1/19/2020 19:38,-1.493,86
1/19/2020 21:38,-0.143,87.401
1/19/2020 23:38,-2.141,86.254
1/20/2020 1:38,-5.242,86.605
1/20/2020 3:38,-7.449,84.724
1/20/2020 5:38,-10.518,83.892
1/20/2020 7:38,-12.476,83.428
1/20/2020 9:38,-10.613,85.27
1/20/2020 11:38,-4.985,87.373
1/20/2020 13:38,2.836,87.654
1/20/2020 15:38,2.314,85.521
1/20/2020 17:38,-1.736,85.454
1/20/2020 19:38,-4.131,85.456
1/20/2020 21:38,-4.301,86.789
1/20/2020 23:38,-4.131,86.63
1/21/2020 1:38,-4.131,86.378
1/21/2020 3:38,-3.46,87.211
1/21/2020 5:38,-1.413,87.72
1/21/2020 7:38,0.482,88.6
1/21/2020 9:38,5.457,88.785
1/21/2020 11:38,12.063,87.394
1/21/2020 13:38,18.306,85.983
1/21/2020 15:38,19.699,86.716
1/21/2020 17:38,18.889,88.134
1/21/2020 19:38,18.657,88.801
1/21/2020 21:38,18.365,89.096
1/21/2020 23:38,18.889,90.253
1/22/2020 1:38,18.889,91.207
1/22/2020 3:38,20.273,92.413
1/22/2020 5:38,21.519,93.361
1/22/2020 7:38,20.784,93.816
1/22/2020 9:38,24.066,95.219
1/22/2020 11:38,29.714,92.506
1/22/2020 13:38,35.249,86.271
1/22/2020 15:38,34.272,86.214
1/22/2020 17:38,31.188,89.427
1/22/2020 19:38,29.662,91.351
1/22/2020 21:38,28.684,92.523
1/22/2020 23:38,25.471,92.189
1/23/2020 1:38,19.411,91.333
1/23/2020 3:38,19.526,92.656
1/23/2020 5:38,21.182,94.912
1/23/2020 7:38,24.12,97.549
1/23/2020 9:38,30.682,99.466
1/23/2020 11:38,31.491,95.796
1/23/2020 13:38,33.188,91.276
1/23/2020 15:38,32.193,92.996
1/23/2020 17:38,30.479,93.81
1/23/2020 19:38,29.354,94.435
1/23/2020 21:38,28.632,94.013
1/23/2020 23:38,28.632,93.386
1/24/2020 1:38,28.112,93.308
1/24/2020 3:38,27.694,93.149
1/24/2020 5:38,27.275,92.652
1/24/2020 7:38,26.483,92.002
1/24/2020 9:38,27.381,90.724
1/24/2020 11:38,29.149,85.063
1/24/2020 13:38,29.611,81.659
1/24/2020 15:38,28.528,87.286
1/24/2020 17:38,24.228,91.474
1/24/2020 19:38,25.147,95.623
1/24/2020 21:38,25.309,95.743
1/24/2020 23:38,25.041,95.937
1/25/2020 1:38,24.609,95.869
1/25/2020 3:38,24.01,96.058
1/25/2020 5:38,23.738,96.109
1/25/2020 7:38,23.628,96.233
1/25/2020 9:38,24.717,95.415
1/25/2020 11:38,27.955,90.123
1/25/2020 13:38,28.994,81.707
1/25/2020 15:38,27.903,80.693
1/25/2020 17:38,25.524,84.321
1/25/2020 19:38,24.174,87.025
1/25/2020 21:38,22.581,88.322
1/25/2020 23:38,21.855,89.385
1/26/2020 1:38,21.967,90.947
1/26/2020 3:38,21.967,91.93
1/26/2020 5:38,21.799,92.358
1/26/2020 7:38,22.302,92.696
1/26/2020 9:38,23.133,91.936
1/26/2020 11:38,27.327,86.371
1/26/2020 13:38,28.787,84.331
1/26/2020 15:38,30.02,84.801
1/26/2020 17:38,28.164,88.229
1/26/2020 19:38,27.275,93.182
1/26/2020 21:38,26.96,94.907
1/26/2020 23:38,25.201,92.053
1/27/2020 1:38,21.967,94.611
1/27/2020 3:38,20.784,95.249
1/27/2020 5:38,20.273,96.17
1/27/2020 7:38,19.121,95.756
1/27/2020 9:38,18.889,95.255
1/27/2020 11:38,18.657,92.406
1/27/2020 13:38,18.306,88.533
1/27/2020 15:38,16.466,90.704
1/27/2020 17:38,14.702,92.392
1/27/2020 19:38,13.143,92.922
1/27/2020 21:38,11.871,92.679
1/27/2020 23:38,10.965,92.263
1/28/2020 1:38,9.316,91.501
1/28/2020 3:38,8.645,91.722
1/28/2020 5:38,7.898,91.285
1/28/2020 7:38,7.279,90.752
1/28/2020 9:38,8.373,90.384
1/28/2020 11:38,11.421,83.42
1/28/2020 13:38,14.331,78.477
1/28/2020 15:38,14.083,77.74
1/28/2020 17:38,11.161,82.04
1/28/2020 19:38,11.03,84.362
1/28/2020 21:38,12.063,85.979
1/28/2020 23:38,13.017,88.818
1/29/2020 1:38,13.458,91.899
1/29/2020 3:38,13.959,93.071
1/29/2020 5:38,13.206,92.885
1/29/2020 7:38,13.332,93.322
1/29/2020 9:38,15.071,93.498
1/29/2020 11:38,18.774,90.427
1/29/2020 13:38,20.557,85.83
1/29/2020 15:38,19.699,86.985
1/29/2020 17:38,17.362,91.075
1/29/2020 19:38,17.717,93.603
1/29/2020 21:38,17.836,94.112
1/29/2020 23:38,17.836,94.415
1/30/2020 1:38,17.6,94.472
1/30/2020 3:38,17.717,94.862
1/30/2020 5:38,17.658,94.69
1/30/2020 7:38,17.541,95.183
1/30/2020 9:38,19.296,95.644
1/30/2020 11:38,21.124,95.114
1/30/2020 13:38,22.858,95.079
1/30/2020 15:38,24.066,95.124
1/30/2020 17:38,22.968,96.339
1/30/2020 19:38,23.299,97.208
1/30/2020 21:38,24.174,97.72
1/30/2020 23:38,25.686,98.242
1/31/2020 1:38,26.483,98.556
1/31/2020 3:38,27.064,98.697
1/31/2020 5:38,26.906,98.625
1/31/2020 7:38,26.695,98.66
1/31/2020 9:38,27.171,99.04
1/31/2020 11:38,29.406,99.868
1/31/2020 13:38,32.092,96.632
1/31/2020 15:38,29.917,95.889
1/31/2020 17:38,28.787,96.427
1/31/2020 19:38,29.304,96.698
1/31/2020 21:38,28.06,95.791
1/31/2020 23:38,26.271,95.372
2/1/2020 1:38,24.445,94.615
2/1/2020 3:38,24.717,92.389
2/1/2020 5:38,21.294,93.232
2/1/2020 7:38,20.444,93.952
2/1/2020 9:38,25.686,94.949
2/1/2020 11:38,32.193,88.573
2/1/2020 13:38,35.443,81.267
2/1/2020 15:38,35.638,83.061
2/1/2020 17:38,33.386,88.215
2/1/2020 19:38,34.419,90.013
2/1/2020 21:38,38.795,77.88
2/1/2020 23:38,39.83,74.554
2/2/2020 1:38,42.708,65.987
2/2/2020 3:38,39.783,73.95
2/2/2020 5:38,40.392,75.054
2/2/2020 7:38,37.56,83.259
2/2/2020 9:38,36.459,86.589
2/2/2020 11:38,37.225,83.838
2/2/2020 13:38,37.702,81.45
2/2/2020 15:38,33.681,84.502
2/2/2020 17:38,32.193,86.992
2/2/2020 19:38,30.632,89.967
2/2/2020 21:38,29.304,91.836
2/2/2020 23:38,29.917,80.719
2/3/2020 1:38,28.06,79.526
2/3/2020 3:38,28.528,72.476
2/3/2020 5:38,26.164,75.356
2/3/2020 7:38,24.337,79.134
2/3/2020 9:38,22.968,78.756
2/3/2020 11:38,20.671,76.902
2/3/2020 13:38,19.756,77.047
2/3/2020 15:38,16.826,75.557
2/3/2020 17:38,12.637,78.362
2/3/2020 19:38,9.783,81.463
2/3/2020 21:38,8.442,81.039
2/3/2020 23:38,7.002,80.26
2/4/2020 1:38,5.171,82.155
2/4/2020 3:38,3.283,83.145
2/4/2020 5:38,1.405,85.015
2/4/2020 7:38,0.945,86.074
2/4/2020 9:38,3.283,85.424
2/4/2020 11:38,11.356,73.59
2/4/2020 13:38,15.863,71.53
2/4/2020 15:38,16.945,70.893
2/4/2020 17:38,14.824,76.87
2/4/2020 19:38,12.511,79.696
2/4/2020 21:38,10.312,80.796
2/4/2020 23:38,10.965,81.572
2/5/2020 1:38,12.319,80.566
2/5/2020 3:38,10.245,80.343
2/5/2020 5:38,9.25,81.245
2/5/2020 7:38,9.783,81.193
2/5/2020 9:38,11.935,80.714
2/5/2020 11:38,21.519,72.97
2/5/2020 13:38,26.854,68.844
2/5/2020 15:38,28.112,71.545
2/5/2020 17:38,24.01,72.227
2/5/2020 19:38,19.814,74.521
2/5/2020 21:38,17.362,77.389
2/5/2020 23:38,14.702,82.515
2/6/2020 1:38,13.708,83.537
2/6/2020 3:38,12.063,85.666
2/6/2020 5:38,12,87.48
2/6/2020 7:38,14.331,88.295
2/6/2020 9:38,18.012,86.332
2/6/2020 11:38,23.299,82.765
2/6/2020 13:38,25.898,85.799
2/6/2020 15:38,27.642,87.113
2/6/2020 17:38,24.879,88.405
2/6/2020 19:38,23.189,91.464
2/6/2020 21:38,19.526,91.374
2/6/2020 23:38,13.834,90.406
2/7/2020 1:38,12.574,90.735
2/7/2020 3:38,10.312,89.553
2/7/2020 5:38,7.83,88.435
2/7/2020 7:38,4.015,86.517
2/7/2020 9:38,0.171,84.863
2/7/2020 11:38,-0.616,81.463
2/7/2020 13:38,0.248,80.43
2/7/2020 15:38,0.091,80.072
2/7/2020 17:38,-2.796,80.404
2/7/2020 19:38,-5.503,81.553
2/7/2020 21:38,-7.269,81.685
2/7/2020 23:38,-8.82,81.704
2/8/2020 1:38,-8.727,81.53
2/8/2020 3:38,-9.85,81.771
2/8/2020 5:38,-7.721,82.975
2/8/2020 7:38,-7.269,83.364
2/8/2020 9:38,0.482,81.469
2/8/2020 11:38,9.783,75.638
2/8/2020 13:38,15.681,75.29
2/8/2020 15:38,18.889,75.421
2/8/2020 17:38,18.306,82.502
2/8/2020 19:38,17.244,85.761
2/8/2020 21:38,15.681,87.674
2/8/2020 23:38,16.646,88.534
2/9/2020 1:38,16.885,87.315
2/9/2020 3:38,18.072,88.065
2/9/2020 5:38,18.423,89.801
2/9/2020 7:38,18.657,90.386
2/9/2020 9:38,19.006,84.333
2/9/2020 11:38,21.519,79.239
2/9/2020 13:38,23.792,77.053
2/9/2020 15:38,22.802,80.575
2/9/2020 17:38,20.331,83.171
2/9/2020 19:38,20.158,85.577
2/9/2020 21:38,22.08,87.908
2/9/2020 23:38,16.407,87.295
2/10/2020 1:38,12.384,88.535
2/10/2020 3:38,8.577,87.602
2/10/2020 5:38,8.645,88.32
2/10/2020 7:38,8.17,88.391
2/10/2020 9:38,13.708,89.465
2/10/2020 11:38,25.255,80.482
2/10/2020 13:38,29.251,76.331
2/10/2020 15:38,29.611,78.551
2/10/2020 17:38,27.171,83.811
2/10/2020 19:38,25.147,80.75
2/10/2020 21:38,23.409,87.926
2/10/2020 23:38,22.08,89.563
2/11/2020 1:38,21.632,87.257
2/11/2020 3:38,20.955,83.704
2/11/2020 5:38,19.526,84.107
2/11/2020 7:38,19.699,85.834
2/11/2020 9:38,21.855,82.197
2/11/2020 11:38,27.118,75.417
2/11/2020 13:38,27.171,75.213
2/11/2020 15:38,27.747,72.975
2/11/2020 17:38,22.968,78.114
2/11/2020 19:38,22.302,82.029
2/11/2020 21:38,21.632,85.213
2/11/2020 23:38,22.746,84.421
2/12/2020 1:38,25.255,83.832
2/12/2020 3:38,26.589,84.817
2/12/2020 5:38,27.903,84.289
2/12/2020 7:38,12.637,87.906
2/12/2020 9:38,6.724,86.104
2/12/2020 11:38,-2.632,80.951
2/12/2020 13:38,-4.985,81.011
2/12/2020 15:38,-10.232,79.379
2/12/2020 17:38,-14.208,79.799
2/12/2020 19:38,-16.546,77.478
2/12/2020 21:38,-18.326,76.54
2/12/2020 23:38,-19.709,76.335
2/13/2020 1:38,-20.061,76.918
2/13/2020 3:38,-20.299,77.258
2/13/2020 5:38,-20.418,77.66
2/13/2020 7:38,-19.944,78.024
2/13/2020 9:38,-16.656,77.674
2/13/2020 11:38,-8.451,77.216
2/13/2020 13:38,-4.641,75.308
2/13/2020 15:38,-2.549,75.449
2/13/2020 17:38,-4.047,77.692
2/13/2020 19:38,-7.089,78.279
2/13/2020 21:38,-7.992,79.562
2/13/2020 23:38,-9.193,79.519
2/14/2020 1:38,-12.078,78.918
2/14/2020 3:38,-13.081,78.831
2/14/2020 5:38,-11.585,79.361
2/14/2020 7:38,-7.629,80.273
2/14/2020 9:38,-0.378,78.971
2/14/2020 11:38,10.9,71.658
2/14/2020 13:38,18.657,75.444
2/14/2020 15:38,21.294,77.468
2/14/2020 17:38,19.006,81.795
2/14/2020 19:38,18.072,84.6
2/14/2020 21:38,16.705,84.658
2/14/2020 23:38,16.286,84.109
2/15/2020 1:38,17.6,85.223
2/15/2020 3:38,17.244,86.443
2/15/2020 5:38,19.121,94.077
2/15/2020 7:38,25.417,94.384
2/15/2020 9:38,28.06,87.892
2/15/2020 11:38,29.406,80.808
2/15/2020 13:38,27.012,70.831
2/15/2020 15:38,26.006,73.279
2/15/2020 17:38,24.717,81.128
2/15/2020 19:38,22.968,84.301
2/15/2020 21:38,18.714,80.829
2/15/2020 23:38,15.193,75.64
2/16/2020 1:38,12.891,79.121
2/16/2020 3:38,10.114,83.605
2/16/2020 5:38,10.836,83.218
2/16/2020 7:38,11.291,76.506
2/16/2020 9:38,14.146,72.89
2/16/2020 11:38,16.767,75.986
2/16/2020 13:38,19.699,78.804
2/16/2020 15:38,20.728,75.332
2/16/2020 17:38,17.658,78.546
2/16/2020 19:38,18.072,76.659
2/16/2020 21:38,18.657,75.16
2/16/2020 23:38,19.353,75.993
2/17/2020 1:38,20.955,80.792
2/17/2020 3:38,22.024,83.973
2/17/2020 5:38,22.636,86.908
2/17/2020 7:38,22.968,88.719
2/17/2020 9:38,23.846,86.088
2/17/2020 11:38,25.898,84.221
2/17/2020 13:38,25.471,84.062
2/17/2020 15:38,23.518,89.091
2/17/2020 17:38,20.671,88.754
2/17/2020 19:38,19.411,88.79
2/17/2020 21:38,19.987,89.259
2/17/2020 23:38,20.386,91.717
2/18/2020 1:38,19.411,90.88
2/18/2020 3:38,15.802,84.338
2/18/2020 5:38,9.849,89.226
2/18/2020 7:38,12.063,90.987
2/18/2020 9:38,11.678,77.713
2/18/2020 11:38,12.256,75.027
2/18/2020 13:38,11.291,75.925
2/18/2020 15:38,9.583,68.207
2/18/2020 17:38,5.882,74.579
2/18/2020 19:38,2.986,79.583
2/18/2020 21:38,3.283,80.328
2/18/2020 23:38,1.481,79.142
2/19/2020 1:38,1.252,77.991
2/19/2020 3:38,-1.332,77.948
2/19/2020 5:38,-1.817,78.612
2/19/2020 7:38,-1.574,77.674
2/19/2020 9:38,-1.332,73.325
2/19/2020 11:38,1.099,68.454
2/19/2020 13:38,2.836,66.529
2/19/2020 15:38,2.689,65.94
2/19/2020 17:38,0.014,71.179
2/19/2020 19:38,-4.131,75.446
2/19/2020 21:38,-6.201,77.412
2/19/2020 23:38,-7.359,78.745
2/20/2020 1:38,-9.38,78.381
2/20/2020 3:38,-10.422,78.669
2/20/2020 5:38,-9.099,80.848
2/20/2020 7:38,-10.041,80.18
2/20/2020 9:38,-4.385,81.234
2/20/2020 11:38,9.45,65.559
2/20/2020 13:38,15.802,65.159
2/20/2020 15:38,18.54,67.596
2/20/2020 17:38,15.863,75.414
2/20/2020 19:38,12.511,81.136
2/20/2020 21:38,11.421,84.9
2/20/2020 23:38,11.55,85.738
2/21/2020 1:38,12.063,85.256
2/21/2020 3:38,11.291,87.044
2/21/2020 5:38,15.071,89.118
2/21/2020 7:38,17.125,87.155
2/21/2020 9:38,21.744,84.533
2/21/2020 11:38,32.342,70.828
2/21/2020 13:38,35.638,68.196
2/21/2020 15:38,35.976,67.538
2/21/2020 17:38,31.791,75.017
2/21/2020 19:38,26.802,81.883
2/21/2020 21:38,23.956,84.009
2/21/2020 23:38,20.898,85.705
2/22/2020 1:38,18.072,86.048
2/22/2020 3:38,15.62,88.338
2/22/2020 5:38,15.132,88.841
2/22/2020 7:38,15.681,89.494
2/22/2020 9:38,20.671,89.069
2/22/2020 11:38,32.742,73.064
2/22/2020 13:38,37.369,70.781
2/22/2020 15:38,37.942,72.487
2/22/2020 17:38,33.978,79.67
2/22/2020 19:38,30.479,84.024
2/22/2020 21:38,28.528,84.474
2/22/2020 23:38,26.695,83.545
2/23/2020 1:38,25.147,85.497
2/23/2020 3:38,27.064,84.024
2/23/2020 5:38,26.325,84.076
2/23/2020 7:38,29.917,78.693
2/23/2020 9:38,32.392,80.879
2/23/2020 11:38,37.798,73.044
2/23/2020 13:38,37.702,74.958
2/23/2020 15:38,36.891,75.402
2/23/2020 17:38,33.879,79.71
2/23/2020 19:38,30.376,85.178
2/23/2020 21:38,27.903,87.199
2/23/2020 23:38,26.271,88.11
2/24/2020 1:38,23.682,90.136
2/24/2020 3:38,22.413,90.868
2/24/2020 5:38,20.102,88.55
2/24/2020 7:38,17.658,88.729
2/24/2020 9:38,24.174,91.031
2/24/2020 11:38,32.243,74.536
2/24/2020 13:38,36.313,71.896
2/24/2020 15:38,34.075,77.203
2/24/2020 17:38,29.714,85.266
2/24/2020 19:38,26.537,87.008
2/24/2020 21:38,28.008,84.378
2/24/2020 23:38,27.694,80.898
2/25/2020 1:38,26.802,76.036
2/25/2020 3:38,22.912,78.518
2/25/2020 5:38,18.482,80.194
2/25/2020 7:38,12.765,84.918
2/25/2020 9:38,16.826,85.8
2/25/2020 11:38,22.525,83.165
2/25/2020 13:38,27.171,80.265
2/25/2020 15:38,22.968,84.7
2/25/2020 17:38,17.658,81.717
2/25/2020 19:38,12.7,81.976
2/25/2020 21:38,11.03,82.022
2/25/2020 23:38,8.51,82.463
2/26/2020 1:38,4.885,85.344
2/26/2020 3:38,3.429,86.831
2/26/2020 5:38,3.283,88.556
2/26/2020 7:38,5.74,86.837
2/26/2020 9:38,9.516,82.722
2/26/2020 11:38,16.407,80.402
2/26/2020 13:38,21.069,78.645
2/26/2020 15:38,19.468,81.103
2/26/2020 17:38,17.836,83.63
2/26/2020 19:38,14.886,85.383
2/26/2020 21:38,9.981,86.116
2/26/2020 23:38,8.847,87.31
2/27/2020 1:38,7.14,87.158
2/27/2020 3:38,6.165,86.969
2/27/2020 5:38,4.451,87.237
2/27/2020 7:38,4.597,88.146
2/27/2020 9:38,10.245,84.301
2/27/2020 11:38,16.767,70.373
2/27/2020 13:38,22.413,64.21
2/27/2020 15:38,21.632,67.956
2/27/2020 17:38,18.831,79.759
2/27/2020 19:38,17.6,87.513
2/27/2020 21:38,18.072,88.306
2/27/2020 23:38,18.072,88.282
2/28/2020 1:38,18.072,88.548
2/28/2020 3:38,17.836,87.402
2/28/2020 5:38,17.244,86.614
2/28/2020 7:38,16.345,87.238
2/28/2020 9:38,16.885,83.6
2/28/2020 11:38,22.357,67.143
2/28/2020 13:38,23.023,69.208
2/28/2020 15:38,24.933,70.224
2/28/2020 17:38,20.842,77.618
2/28/2020 19:38,19.814,84.221
2/28/2020 21:38,18.189,85.354
2/28/2020 23:38,17.541,89.048
2/29/2020 1:38,20.955,93.606
2/29/2020 3:38,23.738,95.498
2/29/2020 5:38,24.553,95.837
2/29/2020 7:38,26.483,97.199
2/29/2020 9:38,29.867,97.166
2/29/2020 11:38,35.782,82.716
2/29/2020 13:38,38.984,77.582
2/29/2020 15:38,38.084,81.289
2/29/2020 17:38,35.83,88.304
2/29/2020 19:38,34.761,91.604
2/29/2020 21:38,34.664,92.824
2/29/2020 23:38,33.879,92.708
3/1/2020 1:38,32.193,92.85
3/1/2020 3:38,29.509,94.699
3/1/2020 5:38,27.486,94.701
3/1/2020 7:38,28.164,93.026
3/1/2020 9:38,34.468,85.834
3/1/2020 11:38,40.204,71.477
3/1/2020 13:38,39.877,71.331
3/1/2020 15:38,36.41,75.882
3/1/2020 17:38,33.978,83.411
3/1/2020 19:38,32.79,85.683
3/1/2020 21:38,31.692,83.726
3/1/2020 23:38,30.072,84.199
3/2/2020 1:38,28.839,83.958
3/2/2020 3:38,26.643,82.93
3/2/2020 5:38,25.309,85.594
3/2/2020 7:38,25.201,85.928
3/2/2020 9:38,27.694,81.488
3/2/2020 11:38,32.691,75.123
3/2/2020 13:38,34.075,73.109
3/2/2020 15:38,35.638,76.059
3/2/2020 17:38,32.99,83.641
3/2/2020 19:38,31.942,87.963
3/2/2020 21:38,32.79,89.979
3/2/2020 23:38,34.516,85.662
3/3/2020 1:38,34.468,88.114
3/3/2020 3:38,32.79,88.131
3/3/2020 5:38,30.884,89.632
3/3/2020 7:38,31.087,90.502
3/3/2020 9:38,34.664,84.736
3/3/2020 11:38,38.606,76.007
3/3/2020 13:38,39.36,73.384
3/3/2020 15:38,38.368,70.615
3/3/2020 17:38,34.615,79.329
3/3/2020 19:38,29.457,85.029
3/3/2020 21:38,27.064,87.925
3/3/2020 23:38,25.738,90.29
3/4/2020 1:38,24.445,89.493
3/4/2020 3:38,23.299,88.815
3/4/2020 5:38,25.578,91.577
3/4/2020 7:38,27.171,88.361
3/4/2020 9:38,30.783,83.452
3/4/2020 11:38,35.103,83.92
3/4/2020 13:38,36.266,86.69
3/4/2020 15:38,35.733,88.644
3/4/2020 17:38,34.32,93.411
3/4/2020 19:38,34.272,96.176
3/4/2020 21:38,34.468,95.868
3/4/2020 23:38,34.907,95.402
3/5/2020 1:38,36.795,85.2
3/5/2020 3:38,36.025,83.111
3/5/2020 5:38,32.891,96.012
3/5/2020 7:38,33.584,92.369
3/5/2020 9:38,31.642,89.243
3/5/2020 11:38,31.541,87.556
3/5/2020 13:38,31.39,87.535
3/5/2020 15:38,32.742,83.429
3/5/2020 17:38,31.188,85.288
3/5/2020 19:38,28.321,87.705
3/5/2020 21:38,25.898,87.043
3/5/2020 23:38,23.518,88.015
3/6/2020 1:38,21.407,90.287
3/6/2020 3:38,20.502,90.634
3/6/2020 5:38,19.526,90.538
3/6/2020 7:38,20.728,90.692
3/6/2020 9:38,28.269,85.724
3/6/2020 11:38,34.81,73.921
3/6/2020 13:38,37.321,70.885
3/6/2020 15:38,37.513,71.893
3/6/2020 17:38,34.713,82.94
3/6/2020 19:38,32.193,90.042
3/6/2020 21:38,32.542,89.795
3/6/2020 23:38,32.691,87.338
3/7/2020 1:38,32.592,84.867
3/7/2020 3:38,32.392,83.588
3/7/2020 5:38,32.742,81.805
3/7/2020 7:38,33.188,82.095
3/7/2020 9:38,36.842,79.368
3/7/2020 11:38,43.259,70.259
3/7/2020 13:38,47.334,69.122
3/7/2020 15:38,47.959,72.444
3/7/2020 17:38,43.443,82.656
3/7/2020 19:38,40.017,89.092
3/7/2020 21:38,39.36,90.164
3/7/2020 23:38,37.656,89.847
3/8/2020 1:38,38.131,87.506
3/8/2020 3:38,38.511,83.799
3/8/2020 5:38,37.465,84.025
3/8/2020 7:38,37.416,85.052
3/8/2020 9:38,41.322,83.278
3/8/2020 11:38,48.938,72.468
3/8/2020 13:38,51.764,69.759
3/8/2020 15:38,49.294,76.086
3/8/2020 17:38,36.505,89.332
3/8/2020 19:38,31.087,93.513
3/8/2020 21:38,28.164,92.154
3/8/2020 23:38,25.363,90.186
3/9/2020 1:38,23.299,87.935
3/9/2020 3:38,20.842,86.754
3/9/2020 5:38,18.599,91.592
3/9/2020 7:38,17.184,85.85
3/9/2020 9:38,17.004,83.715
3/9/2020 11:38,20.273,78.341
3/9/2020 13:38,23.518,80.489
3/9/2020 15:38,23.682,81.019
3/9/2020 17:38,22.413,82.296
3/9/2020 19:38,17.953,86.104
3/9/2020 21:38,16.945,86.109
3/9/2020 23:38,15.436,85.314
3/10/2020 1:38,14.824,86.272
3/10/2020 3:38,14.331,86.855
3/10/2020 5:38,15.681,86.005
3/10/2020 7:38,16.466,87.134
3/10/2020 9:38,21.182,82.51
3/10/2020 11:38,26.164,76.771
3/10/2020 13:38,27.694,89.323
3/10/2020 15:38,29.304,82.414
3/10/2020 17:38,29.304,84.78
3/10/2020 19:38,27.955,87.778
3/10/2020 21:38,25.846,90.183
3/10/2020 23:38,23.463,90.927
3/11/2020 1:38,21.799,92.549
3/11/2020 3:38,22.08,94.298
3/11/2020 5:38,23.243,96.593
3/11/2020 7:38,27.486,97.264
3/11/2020 9:38,30.682,97.294
3/11/2020 11:38,33.386,94.296
3/11/2020 13:38,35.928,91.326
3/11/2020 15:38,37.274,92.044
3/11/2020 17:38,36.986,93.857
3/11/2020 19:38,35.638,96.484
3/11/2020 21:38,34.419,97.186
3/11/2020 23:38,34.713,97.904
3/12/2020 1:38,35.103,98.348
3/12/2020 3:38,35.006,99.31
3/12/2020 5:38,36.169,97.82
3/12/2020 7:38,35.879,98.829
3/12/2020 9:38,35.443,98.282
3/12/2020 11:38,36.698,89.912
3/12/2020 13:38,38.937,72.134
3/12/2020 15:38,38.131,67.903
3/12/2020 17:38,33.681,71.385
3/12/2020 19:38,32.293,75.822
3/12/2020 21:38,29.406,80.627
3/12/2020 23:38,28.008,83.34
3/13/2020 1:38,27.538,78.346
3/13/2020 3:38,25.686,82.677
3/13/2020 5:38,25.309,80.924
3/13/2020 7:38,23.792,80.167
3/13/2020 9:38,25.524,76.432
3/13/2020 11:38,28.476,67.739
3/13/2020 13:38,29.251,67.986
3/13/2020 15:38,27.064,70.568
3/13/2020 17:38,24.391,73.462
3/13/2020 19:38,21.744,73.678
3/13/2020 21:38,20.671,77.442
3/13/2020 23:38,20.044,75.197
3/14/2020 1:38,19.929,78.374
3/14/2020 3:38,19.814,79.936
3/14/2020 5:38,19.468,76.574
3/14/2020 7:38,19.756,75.707
3/14/2020 9:38,22.08,72.244
3/14/2020 11:38,26.96,65.965
3/14/2020 13:38,30.987,62.063
3/14/2020 15:38,32.691,62.425
3/14/2020 17:38,29.764,65.178
3/14/2020 19:38,26.643,75.729
3/14/2020 21:38,25.095,77.472
3/14/2020 23:38,24.066,80.636
3/15/2020 1:38,23.409,82.225
3/15/2020 3:38,21.967,82.865
3/15/2020 5:38,22.469,82.051
3/15/2020 7:38,22.858,83.811
3/15/2020 9:38,29.304,77.572
3/15/2020 11:38,35.541,64.309
3/15/2020 13:38,38.179,62.104
3/15/2020 15:38,35.152,69.687
3/15/2020 17:38,34.223,75.998
3/15/2020 19:38,32.392,79.733
3/15/2020 21:38,31.591,83.789
3/15/2020 23:38,31.289,84.081
3/16/2020 1:38,30.987,87.077
3/16/2020 3:38,31.037,89.455
3/16/2020 5:38,30.884,93.968
3/16/2020 7:38,31.39,95.684
3/16/2020 9:38,32.742,96.853
3/16/2020 11:38,31.087,94.434
3/16/2020 13:38,33.188,65.193
3/16/2020 15:38,33.237,63.744
3/16/2020 17:38,31.087,70.472
3/16/2020 19:38,30.632,76.021
3/16/2020 21:38,30.173,79.272
3/16/2020 23:38,30.173,79.351
3/17/2020 1:38,28.528,80.128
3/17/2020 3:38,25.898,84.849
3/17/2020 5:38,24.445,84.401
3/17/2020 7:38,25.738,83.998
3/17/2020 9:38,31.188,72.241
3/17/2020 11:38,37.081,59.339
3/17/2020 13:38,41.23,51.522
3/17/2020 15:38,39.502,55.108
3/17/2020 17:38,36.12,70.863
3/17/2020 19:38,34.565,77.952
3/17/2020 21:38,34.468,82.287
3/17/2020 23:38,34.371,87.798
3/18/2020 1:38,33.879,94.566
3/18/2020 3:38,34.272,96.707
3/18/2020 5:38,34.174,97.244
3/18/2020 7:38,34.516,97.945
3/18/2020 9:38,36.217,98.596
3/18/2020 11:38,39.078,99.24
3/18/2020 13:38,41.322,97.36
3/18/2020 15:38,40.998,94.033
3/18/2020 17:38,39.454,94.151
3/18/2020 19:38,37.274,96.299
3/18/2020 21:38,36.361,97.899
3/18/2020 23:38,35.589,98.161
3/19/2020 1:38,35.346,98.745
3/19/2020 3:38,35.055,98.984
3/19/2020 5:38,34.81,99.184
3/19/2020 7:38,34.957,99.777
3/19/2020 9:38,33.78,99.777
3/19/2020 11:38,31.591,100
3/19/2020 13:38,30.58,98.957
3/19/2020 15:38,31.39,91.653
3/19/2020 17:38,25.952,89.686
3/19/2020 19:38,20.502,85.378
3/19/2020 21:38,16.885,80.791
3/19/2020 23:38,15.193,79.191
3/20/2020 1:38,13.458,76.116
3/20/2020 3:38,11.485,76.505
3/20/2020 5:38,9.716,75.756
3/20/2020 7:38,9.383,73.406
3/20/2020 9:38,15.071,69.209
3/20/2020 11:38,21.294,56.374
3/20/2020 13:38,25.471,47.728
3/20/2020 15:38,25.363,55.998
3/20/2020 17:38,22.858,63.267
3/20/2020 19:38,19.699,72.233
3/20/2020 21:38,17.481,79.636
3/20/2020 23:38,15.681,80.183
3/21/2020 1:38,15.01,82.334
3/21/2020 3:38,14.392,84.095
3/21/2020 5:38,14.02,87.915
3/21/2020 7:38,19.699,86.496
3/21/2020 9:38,27.433,71.146
3/21/2020 11:38,31.541,66.135
3/21/2020 13:38,31.591,69.493
3/21/2020 15:38,31.491,68.58
3/21/2020 17:38,31.239,71.897
3/21/2020 19:38,30.783,77.569
3/21/2020 21:38,30.783,81.424
3/21/2020 23:38,30.58,87.547
3/22/2020 1:38,30.376,94.205
3/22/2020 3:38,31.138,92.547
3/22/2020 5:38,31.037,90.544
3/22/2020 7:38,32.243,89.95
3/22/2020 9:38,35.589,86.368
3/22/2020 11:38,39.924,79.564
3/22/2020 13:38,42.064,78.598
3/22/2020 15:38,43.259,74.183
3/22/2020 17:38,40.298,82.595
3/22/2020 19:38,36.12,90.531
3/22/2020 21:38,33.138,88.656
3/22/2020 23:38,30.123,93.973
3/23/2020 1:38,30.376,91.701
3/23/2020 3:38,29.917,91.242
3/23/2020 5:38,29.304,92.08
3/23/2020 7:38,28.942,93.312
3/23/2020 9:38,30.429,90.53
3/23/2020 11:38,36.072,83.661
3/23/2020 13:38,40.951,74.52
3/23/2020 15:38,45.172,65.411
3/23/2020 17:38,40.951,73.291
3/23/2020 19:38,34.761,84.851
3/23/2020 21:38,33.386,91.107
3/23/2020 23:38,32.592,94.419
3/24/2020 1:38,34.075,95.324
3/24/2020 3:38,34.075,96.484
3/24/2020 5:38,34.223,98.137
3/24/2020 7:38,34.957,98.874
3/24/2020 9:38,38.415,99.495
3/24/2020 11:38,42.939,99.318
3/24/2020 13:38,43.624,95.394
3/24/2020 15:38,44.037,95.977
3/24/2020 17:38,43.167,95.574
3/24/2020 19:38,42.247,96.57
3/24/2020 21:38,40.811,97.037
3/24/2020 23:38,38.273,97.327
3/25/2020 1:38,32.443,98.166
3/25/2020 3:38,33.336,99.517
3/25/2020 5:38,32.99,92.699
3/25/2020 7:38,32.043,92.827
3/25/2020 9:38,33.188,91.276
3/25/2020 11:38,32.94,88.904
3/25/2020 13:38,50.002,66.553
3/25/2020 15:38,54.169,59.75
3/25/2020 17:38,48.227,68.65
3/25/2020 19:38,43.716,74.51
3/25/2020 21:38,40.579,78.738
3/25/2020 23:38,38.415,82.092
3/26/2020 1:38,36.12,85.392
3/26/2020 3:38,33.287,89.402
3/26/2020 5:38,31.692,91.82
3/26/2020 7:38,50.268,65.603
3/26/2020 9:38,43.351,91.238
3/26/2020 11:38,67.928,85.736
3/26/2020 13:38,68.956,83.791
3/26/2020 15:38,69.129,80.199
3/26/2020 17:38,69.256,79.65
3/26/2020 19:38,69.213,83.322
3/26/2020 21:38,69.213,78.198
3/26/2020 23:38,68.527,81.309
3/27/2020 1:38,68.4,81.35
3/27/2020 3:38,68.313,76.326
3/27/2020 5:38,68.484,75.285
3/27/2020 7:38,69.256,74.449
3/27/2020 9:38,69.3,72.919
3/27/2020 11:38,69.085,65.778
3/27/2020 13:38,67.413,74.16
3/27/2020 15:38,67.372,67.655
3/27/2020 17:38,67.372,69.332
3/27/2020 19:38,67.413,66.891
3/27/2020 21:38,67.456,69.721
3/27/2020 23:38,66.344,69.373
3/28/2020 1:38,66.301,69.281
3/28/2020 3:38,66.301,72.278
3/28/2020 5:38,66.515,70.966
3/28/2020 7:38,67.413,71.788
3/28/2020 9:38,67.5,65.029
3/28/2020 11:38,67.5,69.609
3/28/2020 13:38,67.543,70.695
3/28/2020 15:38,67.543,64.496
3/28/2020 17:38,67.543,69.73
3/28/2020 19:38,67.586,66.878
3/28/2020 21:38,67.586,64.381
3/28/2020 23:38,66.429,64.688
3/29/2020 1:38,66.344,65.868
3/29/2020 3:38,66.344,62.978
3/29/2020 5:38,66.558,64.79
3/29/2020 7:38,67.543,63.539
3/29/2020 9:38,67.586,61.197
3/29/2020 11:38,67.586,60.198
3/29/2020 13:38,67.586,63.034
3/29/2020 15:38,67.543,62.188
3/29/2020 17:38,67.543,61.736
3/29/2020 19:38,67.543,61.102
3/29/2020 21:38,67.5,56.255
3/29/2020 23:38,66.344,55.883
3/30/2020 1:38,66.258,57.559
3/30/2020 3:38,66.258,55.875
3/30/2020 5:38,66.515,57.275
3/30/2020 7:38,67.413,56.585
3/30/2020 9:38,67.456,56.036
3/30/2020 11:38,67.456,53.722
3/30/2020 13:38,68.443,55.223
3/30/2020 15:38,68.527,55.909
3/30/2020 17:38,68.527,56.74
3/30/2020 19:38,68.571,58.428
3/30/2020 21:38,68.571,57.847
3/30/2020 23:38,67.329,58.291
3/31/2020 1:38,67.285,58.531
3/31/2020 3:38,67.285,58.226
3/31/2020 5:38,67.627,57.859
3/31/2020 7:38,68.527,57.629
3/31/2020 9:38,68.527,58.088
3/31/2020 11:38,68.527,57.997
3/31/2020 13:38,68.571,57.817
3/31/2020 15:38,68.571,56.559
3/31/2020 17:38,68.571,57.878
3/31/2020 19:38,68.571,58.581
3/31/2020 21:38,68.571,58.367
3/31/2020 23:38,67.329,58.992
4/1/2020 1:38,67.285,58.562
4/1/2020 3:38,67.285,58.287
4/1/2020 5:38,67.627,59.261
4/1/2020 7:38,68.527,58.791
4/1/2020 9:38,68.527,59.248
4/1/2020 11:38,68.571,58.489
4/1/2020 13:38,68.614,59.53
4/1/2020 15:38,68.657,58.252
4/1/2020 17:38,68.614,60.381
4/1/2020 19:38,68.614,60.168
4/1/2020 21:38,68.614,58.432
4/1/2020 23:38,67.413,59.759
4/2/2020 1:38,67.372,60.785
4/2/2020 3:38,67.372,60.513
4/2/2020 5:38,67.671,60.63
4/2/2020 7:38,68.571,60.498
4/2/2020 9:38,68.614,58.981
4/2/2020 11:38,68.614,61.199
4/2/2020 13:38,68.657,60.263
4/2/2020 15:38,68.657,60.93
4/2/2020 17:38,68.657,62.23
4/2/2020 19:38,68.698,61.66
4/2/2020 21:38,68.698,61.69
4/2/2020 23:38,67.456,63.322
4/3/2020 1:38,67.372,60.301
4/3/2020 3:38,67.372,60.452
4/3/2020 5:38,67.671,59.781
4/3/2020 7:38,68.527,56.955
4/3/2020 9:38,68.571,56.313
4/3/2020 11:38,68.614,57.361
4/3/2020 13:38,68.614,56.716
4/3/2020 15:38,68.657,57.334
4/3/2020 17:38,68.657,57.946
4/3/2020 19:38,68.614,57.269
4/3/2020 21:38,68.614,56.747
4/3/2020 23:38,67.329,57.864
4/4/2020 1:38,67.285,57.157
4/4/2020 3:38,67.285,57.402
4/4/2020 5:38,67.627,57.032
4/4/2020 7:38,68.527,56.494
4/4/2020 9:38,68.571,56.159
4/4/2020 11:38,68.571,56.282
4/4/2020 13:38,68.571,56.128
4/4/2020 15:38,68.571,56.005
4/4/2020 17:38,68.614,56.655
4/4/2020 19:38,68.614,56.162
4/4/2020 21:38,68.614,56.347
4/4/2020 23:38,67.372,57.348
4/5/2020 1:38,67.329,57.741
4/5/2020 3:38,67.285,57.31
4/5/2020 5:38,67.627,56.94
4/5/2020 7:38,68.527,56.371
4/5/2020 9:38,68.614,57.667
4/5/2020 11:38,68.614,56.039
4/5/2020 13:38,68.614,56.685
4/5/2020 15:38,68.614,57.207
4/5/2020 17:38,68.614,56.747
4/5/2020 19:38,68.614,57.545
4/5/2020 21:38,68.614,57.514
4/5/2020 23:38,67.372,57.928
4/6/2020 1:38,67.329,57.65
4/6/2020 3:38,67.329,58.016
4/6/2020 5:38,67.714,58.964
4/6/2020 7:38,68.614,57.33
4/6/2020 9:38,68.099,66.425
4/6/2020 11:38,68.313,71.272
4/6/2020 13:38,68.4,71.922
4/6/2020 15:38,68.527,72.633
4/6/2020 17:38,68.571,73.738
4/6/2020 19:38,68.527,70.856
4/6/2020 21:38,68.527,75.203
4/6/2020 23:38,67.543,75.037
4/7/2020 1:38,67.5,73.968
4/7/2020 3:38,67.5,74.515
4/7/2020 5:38,67.798,76.468
4/7/2020 7:38,68.527,76.207
4/7/2020 9:38,68.571,76.212
4/7/2020 11:38,68.571,74.46
4/7/2020 13:38,68.571,76.098
4/7/2020 15:38,68.614,75.558
4/7/2020 17:38,68.657,74.354
4/7/2020 19:38,68.742,72.801
4/7/2020 21:38,68.742,67.822
4/7/2020 23:38,67.543,68.644
4/8/2020 1:38,67.413,70.711
4/8/2020 3:38,67.413,70.39
4/8/2020 5:38,67.714,67.276
4/8/2020 7:38,68.614,67.335
4/8/2020 9:38,68.657,65.259
4/8/2020 11:38,68.527,67.386
4/8/2020 13:38,68.484,66.671
4/8/2020 15:38,68.527,66.021
4/8/2020 17:38,68.527,64.68
4/8/2020 19:38,68.527,64.141
4/8/2020 21:38,68.571,65.132
4/8/2020 23:38,67.372,64.54
4/9/2020 1:38,67.329,63.519
4/9/2020 3:38,67.329,64.655
4/9/2020 5:38,67.586,62.162
4/9/2020 7:38,68.484,63.897
4/9/2020 9:38,68.571,63.576
4/9/2020 11:38,68.527,63.121
4/9/2020 13:38,68.571,60.468
4/9/2020 15:38,68.571,60.862
4/9/2020 17:38,68.571,59.648
4/9/2020 19:38,68.527,60.707
4/9/2020 21:38,68.527,61.856
4/9/2020 23:38,67.372,60.149
4/10/2020 1:38,67.329,59.569
4/10/2020 3:38,67.329,60.085
4/10/2020 5:38,67.627,59.99
4/10/2020 7:38,68.484,58.482
4/10/2020 9:38,68.527,61.04
4/10/2020 11:38,68.527,58.608
4/10/2020 13:38,68.484,62.756
4/10/2020 15:38,68.484,63.718
4/10/2020 17:38,68.527,60.949
4/10/2020 19:38,68.484,63.508
4/10/2020 21:38,68.527,63.931
4/10/2020 23:38,67.372,63.942
4/11/2020 1:38,67.285,62.555
4/11/2020 3:38,67.285,63.575
4/11/2020 5:38,67.627,62.857
4/11/2020 7:38,68.484,61.973
4/11/2020 9:38,68.527,63.121
4/11/2020 11:38,68.527,61.916
4/11/2020 13:38,68.527,63.031
4/11/2020 15:38,68.527,60.494
4/11/2020 17:38,68.527,59.522
4/11/2020 19:38,68.571,61.92
4/11/2020 21:38,68.571,61.951
4/11/2020 23:38,67.372,62.263
4/12/2020 1:38,67.329,60.024
4/12/2020 3:38,67.329,62.589
4/12/2020 5:38,67.671,60.479
4/12/2020 7:38,68.484,61.127
4/12/2020 9:38,68.571,60.498
4/12/2020 11:38,68.571,59.769
4/12/2020 13:38,68.571,60.953
4/12/2020 15:38,68.571,60.134
4/12/2020 17:38,68.571,62.222
4/12/2020 19:38,68.571,60.741
4/12/2020 21:38,68.571,60.559
4/12/2020 23:38,67.372,60.179
4/13/2020 1:38,67.329,58.9
4/13/2020 3:38,67.285,57.585
4/13/2020 5:38,67.627,59.535
4/13/2020 7:38,68.443,56.394
4/13/2020 9:38,68.527,57.813
4/13/2020 11:38,68.527,58.333
4/13/2020 13:38,68.527,59.583
4/13/2020 15:38,68.443,60.79
4/13/2020 17:38,68.443,62.933
4/13/2020 19:38,68.443,61.697
4/13/2020 21:38,68.443,62.692
4/13/2020 23:38,67.242,61.98
4/14/2020 1:38,67.158,60.887
4/14/2020 3:38,67.158,61.792
4/14/2020 5:38,67.5,61.28
4/14/2020 7:38,68.4,62.778
4/14/2020 9:38,68.443,59.636
4/14/2020 11:38,68.443,62.15
4/14/2020 13:38,68.484,61.399
4/14/2020 15:38,68.484,62.726
4/14/2020 17:38,68.484,61.641
4/14/2020 19:38,68.484,61.097
4/14/2020 21:38,68.484,62.636
4/14/2020 23:38,67.242,61.92
4/15/2020 1:38,67.199,61.524
4/15/2020 3:38,67.158,59.827
4/15/2020 5:38,67.5,62.365
4/15/2020 7:38,68.4,61.028
4/15/2020 9:38,68.443,62.029
4/15/2020 11:38,68.484,59.61
4/15/2020 13:38,68.527,61.342
4/15/2020 15:38,68.571,60.559
4/15/2020 17:38,68.571,58.947
4/15/2020 19:38,68.571,62.373
4/15/2020 21:38,68.571,61.135
4/15/2020 23:38,67.372,61.268
4/16/2020 1:38,67.329,60.418
4/16/2020 3:38,67.329,61.355
4/16/2020 5:38,67.627,62.286
4/16/2020 7:38,68.527,59.096
4/16/2020 9:38,68.571,62.011
4/16/2020 11:38,68.571,61.346
4/16/2020 13:38,68.571,58.856
4/16/2020 15:38,68.571,61.739
4/16/2020 17:38,68.571,58.092
4/16/2020 19:38,68.571,60.65
4/16/2020 21:38,68.571,60.71
4/16/2020 23:38,67.413,61.966
4/17/2020 1:38,67.372,62.233
4/17/2020 3:38,67.372,60.391
4/17/2020 5:38,67.671,59.234
4/17/2020 7:38,68.527,60.585
4/17/2020 9:38,68.571,59.739
4/17/2020 11:38,68.698,61.751
4/17/2020 13:38,68.698,63.257
4/17/2020 15:38,68.742,61.936
4/17/2020 17:38,68.742,60.271
4/17/2020 19:38,68.742,60.847
4/17/2020 21:38,68.742,63.081
4/17/2020 23:38,67.456,63.98
4/18/2020 1:38,67.372,62.623
4/18/2020 3:38,67.372,63.014
4/18/2020 5:38,67.714,64.453
4/18/2020 7:38,68.742,62.66
4/18/2020 9:38,68.785,60.699
4/18/2020 11:38,68.785,64.644
4/18/2020 13:38,68.828,64.559
4/18/2020 15:38,68.828,64.858
4/18/2020 17:38,68.828,64.259
4/18/2020 19:38,68.828,61.46
4/18/2020 21:38,68.785,62.754
4/18/2020 23:38,67.456,61.819
4/19/2020 1:38,67.413,63.976
4/19/2020 3:38,67.413,61.332
4/19/2020 5:38,67.714,64.184
4/19/2020 7:38,68.657,59.259
4/19/2020 9:38,68.698,58.623
4/19/2020 11:38,68.698,59.355
4/19/2020 13:38,68.698,59.172
4/19/2020 15:38,68.742,60.756
4/19/2020 17:38,68.698,60.054
4/19/2020 19:38,68.742,59.784
4/19/2020 21:38,68.742,60.786
4/19/2020 23:38,67.413,59.819
4/20/2020 1:38,67.372,59.603
4/20/2020 3:38,67.372,59.299
4/20/2020 5:38,67.714,60.149
4/20/2020 7:38,68.742,59.084
4/20/2020 9:38,68.785,62.754
4/20/2020 11:38,68.698,68.879
4/20/2020 13:38,68.484,68.74
4/20/2020 15:38,68.484,67.855
4/20/2020 17:38,68.527,64.978
4/20/2020 19:38,68.484,63.327
4/20/2020 21:38,68.484,65.034
4/20/2020 23:38,67.242,66.223
4/21/2020 1:38,67.158,65.977
4/21/2020 3:38,67.158,65.085
4/21/2020 5:38,67.543,63.719
4/21/2020 7:38,68.4,63.169
4/21/2020 9:38,68.4,62.628
4/21/2020 11:38,68.443,64.043
4/21/2020 13:38,68.443,64.671
4/21/2020 15:38,68.484,64.556
4/21/2020 17:38,68.484,65.034
4/21/2020 19:38,68.484,63.147
4/21/2020 21:38,68.484,61.852
4/21/2020 23:38,67.242,65.094
4/22/2020 1:38,67.199,64.135
4/22/2020 3:38,67.199,62.938
4/22/2020 5:38,67.543,65.122
4/22/2020 7:38,68.443,61.969
4/22/2020 9:38,68.527,65.753
4/22/2020 11:38,68.828,63.239
4/22/2020 13:38,68.527,66.021
4/22/2020 15:38,68.571,66.531
4/22/2020 17:38,68.614,65.434
4/22/2020 19:38,68.614,64.986
4/22/2020 21:38,68.571,64.684
4/22/2020 23:38,67.285,66.019
4/23/2020 1:38,67.242,65.985
4/23/2020 3:38,67.199,65.981
4/23/2020 5:38,67.586,66.108
4/23/2020 7:38,68.527,65.277
4/23/2020 9:38,68.571,64.863
4/23/2020 11:38,68.571,63.606
4/23/2020 13:38,68.571,64.534
4/23/2020 15:38,68.571,66.679
4/23/2020 17:38,68.571,66.115
4/23/2020 19:38,68.614,65.136
4/23/2020 21:38,68.614,66.386
4/23/2020 23:38,67.329,65.845
4/24/2020 1:38,67.285,66.967
4/24/2020 3:38,67.242,66.578
4/24/2020 5:38,67.627,63.937
4/24/2020 7:38,68.527,64.65
4/24/2020 9:38,68.571,66.055
4/24/2020 11:38,68.657,59.503
4/24/2020 13:38,68.571,62.824
4/24/2020 15:38,68.571,64.773
4/24/2020 17:38,68.614,63.039
4/24/2020 19:38,68.614,65.851
4/24/2020 21:38,68.614,65.285
4/24/2020 23:38,67.329,65.816
4/25/2020 1:38,67.285,64.71
4/25/2020 3:38,67.285,65.93
4/25/2020 5:38,67.671,66.62
4/25/2020 7:38,68.571,65.37
4/25/2020 9:38,68.614,64.478
4/25/2020 11:38,68.614,64.897
4/25/2020 13:38,68.571,62.463
4/25/2020 15:38,68.571,62.403
4/25/2020 17:38,68.571,62.011
4/25/2020 19:38,68.571,62.644
4/25/2020 21:38,68.571,61.104
4/25/2020 23:38,67.285,62.736
4/26/2020 1:38,67.199,62.217
4/26/2020 3:38,67.199,61.735
4/26/2020 5:38,67.586,61.8
4/26/2020 7:38,68.571,62.403
4/26/2020 9:38,68.571,62.644
4/26/2020 11:38,68.614,60.987
4/26/2020 13:38,68.571,63.185
4/26/2020 15:38,68.571,65.46
4/26/2020 17:38,68.614,62.708
4/26/2020 19:38,68.614,65.106
4/26/2020 21:38,68.571,64.773
4/26/2020 23:38,67.329,64.506
4/27/2020 1:38,67.285,64.263
4/27/2020 3:38,67.285,63.276
4/27/2020 5:38,67.671,65.76
4/27/2020 7:38,68.614,64.269
4/27/2020 9:38,68.657,63.943
4/27/2020 11:38,68.657,63.223
4/27/2020 13:38,68.614,62.798
4/27/2020 15:38,68.657,57.15
4/27/2020 17:38,68.614,60.259
4/27/2020 19:38,68.571,61.649
4/27/2020 21:38,68.614,61.471
4/27/2020 23:38,67.242,61.89
4/28/2020 1:38,67.199,61.645
4/28/2020 3:38,67.199,61.162
4/28/2020 5:38,67.627,60.838
4/28/2020 7:38,68.614,63.73
4/28/2020 9:38,68.657,65.02
4/28/2020 11:38,68.698,64.487
4/28/2020 13:38,68.698,61.388
4/28/2020 15:38,68.698,65.353
4/28/2020 17:38,68.698,65.353
4/28/2020 19:38,68.698,61.358
4/28/2020 21:38,68.698,65.174
4/28/2020 23:38,67.329,64.625
4/29/2020 1:38,67.285,64.74
4/29/2020 3:38,67.285,61.773
4/29/2020 5:38,67.714,62.294
4/29/2020 7:38,68.571,61.83
4/29/2020 9:38,68.913,70.838
4/29/2020 11:38,68.913,71.481
4/29/2020 13:38,68.913,70.341
4/29/2020 15:38,68.913,70.458
4/29/2020 17:38,68.913,68.075
4/29/2020 19:38,68.956,69.376
4/29/2020 21:38,68.956,66.063
4/29/2020 23:38,67.413,69.658
4/30/2020 1:38,67.329,69.679
4/30/2020 3:38,67.329,69.005
4/30/2020 5:38,67.627,68.918
4/30/2020 7:38,68.871,66.709
4/30/2020 9:38,68.913,68.046
4/30/2020 11:38,68.913,65.612
4/30/2020 13:38,68.913,67.039
4/30/2020 15:38,68.956,65.914
4/30/2020 17:38,68.999,65.501
4/30/2020 19:38,68.956,65.765
4/30/2020 21:38,68.956,65.049
4/30/2020 23:38,67.372,67.094
5/1/2020 1:38,67.329,65.31
5/1/2020 3:38,67.329,67.356
5/1/2020 5:38,67.671,66.62
5/1/2020 7:38,68.913,65.821
5/1/2020 9:38,68.999,65.74
5/1/2020 11:38,69.042,66.369
5/1/2020 13:38,69.085,67.293
5/1/2020 15:38,69.085,66.7
5/1/2020 17:38,69.085,66.284
5/1/2020 19:38,69.085,67.649
5/1/2020 21:38,69.085,67.649
5/1/2020 23:38,67.5,70.194
5/2/2020 1:38,67.456,70.657
5/2/2020 3:38,67.413,70.244
5/2/2020 5:38,67.798,71.509
5/2/2020 7:38,68.999,68.143
5/2/2020 9:38,69.085,67.767
5/2/2020 11:38,69.042,67.081
5/2/2020 13:38,69.042,65.445
5/2/2020 15:38,69.042,65.296
5/2/2020 17:38,69.042,65.087
5/2/2020 19:38,68.999,64.695
5/2/2020 21:38,69.042,64.339
5/2/2020 23:38,67.413,65.705
5/3/2020 1:38,67.329,66.231
5/3/2020 3:38,67.329,65.816
5/3/2020 5:38,67.714,65.942
5/3/2020 7:38,68.956,65.258
5/3/2020 9:38,68.999,64.904
5/3/2020 11:38,68.999,64.246
5/3/2020 13:38,68.999,64.635
5/3/2020 15:38,68.999,62.924
5/3/2020 17:38,69.042,63.98
5/3/2020 19:38,68.999,64.395
5/3/2020 21:38,68.999,63.616
5/3/2020 23:38,67.413,64.872
5/4/2020 1:38,67.329,64.685
5/4/2020 3:38,67.329,64.923
5/4/2020 5:38,67.714,64.602
5/4/2020 7:38,68.956,63.522
5/4/2020 9:38,68.999,63.165
5/4/2020 11:38,68.913,63.187
5/4/2020 13:38,68.956,63.462
5/4/2020 15:38,68.956,62.529
5/4/2020 17:38,68.956,62.71
5/4/2020 19:38,68.956,63.401
5/4/2020 21:38,68.956,63.251
5/4/2020 23:38,67.372,64.957
5/5/2020 1:38,67.285,64.173
5/5/2020 3:38,67.285,64.621
5/5/2020 5:38,67.671,63.941
5/5/2020 7:38,68.871,61.585
5/5/2020 9:38,68.913,62.042
5/5/2020 11:38,68.913,60.286
5/5/2020 13:38,68.913,60.771
5/5/2020 15:38,68.913,59.434
5/5/2020 17:38,68.913,59.86
5/5/2020 19:38,68.913,58.855
5/5/2020 21:38,68.913,59.83
5/5/2020 23:38,67.329,61.596
5/6/2020 1:38,67.285,62.345
5/6/2020 3:38,67.285,63.515
5/6/2020 5:38,67.671,64.479
5/6/2020 7:38,68.913,62.886
5/6/2020 9:38,68.913,61.982
5/6/2020 11:38,68.999,61.839
5/6/2020 13:38,68.999,60.718
5/6/2020 15:38,68.999,60.445
5/6/2020 17:38,68.999,59.015
5/6/2020 19:38,68.999,60.931
5/6/2020 21:38,68.999,61.294
5/6/2020 23:38,67.372,62.172
5/7/2020 1:38,67.329,62.68
5/7/2020 3:38,67.285,61.954
5/7/2020 5:38,67.714,59.876
5/7/2020 7:38,68.956,59.011
5/7/2020 9:38,68.956,59.712
5/7/2020 11:38,68.999,58.893
5/7/2020 13:38,68.956,57.298
5/7/2020 15:38,68.956,59.255
5/7/2020 17:38,68.956,57.175
5/7/2020 19:38,68.999,58.71
5/7/2020 21:38,68.956,56.345
5/7/2020 23:38,67.329,59.204
5/8/2020 1:38,67.285,58.135
5/8/2020 3:38,67.285,57.799
5/8/2020 5:38,67.714,57.53
5/8/2020 7:38,68.913,57.57
5/8/2020 9:38,68.913,56.341
5/8/2020 11:38,68.956,55.913
5/8/2020 13:38,68.999,55.269
5/8/2020 15:38,68.999,55.701
5/8/2020 17:38,68.999,56.502
5/8/2020 19:38,68.999,56.594
5/8/2020 21:38,68.999,55.392
5/8/2020 23:38,67.372,57.653
5/9/2020 1:38,67.329,57.13
5/9/2020 3:38,67.285,57.402
5/9/2020 5:38,67.714,58.66
5/9/2020 7:38,68.956,57.42
5/9/2020 9:38,68.999,57.178
5/9/2020 11:38,68.999,56.071
5/9/2020 13:38,68.999,57.117
5/9/2020 15:38,68.999,58.862
5/9/2020 17:38,69.085,60.847
5/9/2020 19:38,69.085,60.24
5/9/2020 21:38,69.085,59.205
5/9/2020 23:38,67.456,59.944
5/10/2020 1:38,67.372,61.54
5/10/2020 3:38,67.372,60.785
5/10/2020 5:38,67.798,60.278
5/10/2020 7:38,68.999,59.076
5/10/2020 9:38,69.042,59.476
5/10/2020 11:38,68.999,58.435
5/10/2020 13:38,68.999,57.7
5/10/2020 15:38,68.999,57.393
5/10/2020 17:38,68.999,56.594
5/10/2020 19:38,68.999,57.025
5/10/2020 21:38,68.999,58.159
5/10/2020 23:38,67.372,58.569
5/11/2020 1:38,67.329,58.687
5/11/2020 3:38,67.329,58.474
5/11/2020 5:38,67.714,59.451
5/11/2020 7:38,68.956,57.359
5/11/2020 9:38,68.956,57.574
5/11/2020 11:38,68.913,64.477
5/11/2020 13:38,68.4,68.878
5/11/2020 15:38,68.356,68.078
5/11/2020 17:38,68.356,67.487
5/11/2020 19:38,68.356,67.28
5/11/2020 21:38,68.356,68.373
5/11/2020 23:38,67.114,69.481
5/12/2020 1:38,67.071,67.242
5/12/2020 3:38,67.071,68.273
5/12/2020 5:38,67.456,69.546
5/12/2020 7:38,68.356,67.399
5/12/2020 9:38,68.356,68.786
5/12/2020 11:38,68.356,66.866
5/12/2020 13:38,68.4,66.633
5/12/2020 15:38,68.4,68.643
5/12/2020 17:38,68.4,65.264
5/12/2020 19:38,68.4,68.495
5/12/2020 21:38,68.4,66.336
5/12/2020 23:38,67.114,67.098
5/13/2020 1:38,67.071,68.978
5/13/2020 3:38,67.028,67.296
5/13/2020 5:38,67.456,66.747
5/13/2020 7:38,68.356,68.373
5/13/2020 9:38,68.4,66.662
5/13/2020 11:38,68.443,70.204
5/13/2020 13:38,68.527,66.319
5/13/2020 15:38,68.571,67.686
5/13/2020 17:38,68.571,70.276
5/13/2020 19:38,68.571,70.773
5/13/2020 21:38,68.571,71.678
5/13/2020 23:38,67.329,73.574
5/14/2020 1:38,67.242,74.314
5/14/2020 3:38,67.285,74.405
5/14/2020 5:38,67.586,74.38
5/14/2020 7:38,68.484,73.613
5/14/2020 9:38,68.527,73.502
5/14/2020 11:38,68.527,70.505
5/14/2020 13:38,68.571,72.579
5/14/2020 15:38,68.571,71.445
5/14/2020 17:38,68.571,71.299
5/14/2020 19:38,68.571,72.899
5/14/2020 21:38,68.571,70.276
5/14/2020 23:38,67.285,72.789
5/15/2020 1:38,67.199,70.863
5/15/2020 3:38,67.199,70.922
5/15/2020 5:38,67.5,72.407
5/15/2020 7:38,68.484,70.852
5/15/2020 9:38,68.571,69.454
5/15/2020 11:38,68.571,70.715
5/15/2020 13:38,68.614,70.192
5/15/2020 15:38,68.614,69.547
5/15/2020 17:38,68.614,69.664
5/15/2020 19:38,68.614,70.397
5/15/2020 21:38,68.657,70.899
5/15/2020 23:38,67.285,72.355
5/16/2020 1:38,67.199,70.834
5/16/2020 3:38,67.199,70.221
5/16/2020 5:38,67.543,72.701
5/16/2020 7:38,68.527,71.557
5/16/2020 9:38,68.571,69.249
5/16/2020 11:38,68.571,68.601
5/16/2020 13:38,68.614,69.84
5/16/2020 15:38,68.614,72.671
5/16/2020 17:38,68.571,73.275
5/16/2020 19:38,68.571,73.998
5/16/2020 21:38,68.571,73.101
5/16/2020 23:38,67.372,75.333
5/17/2020 1:38,67.285,73.541
5/17/2020 3:38,67.242,73.997
5/17/2020 5:38,67.586,73.429
5/17/2020 7:38,68.571,72.753
5/17/2020 9:38,68.571,71.299
5/17/2020 11:38,68.571,71.678
5/17/2020 13:38,68.614,73.569
5/17/2020 15:38,68.614,73.106
5/17/2020 17:38,68.571,71.036
5/17/2020 19:38,68.571,72.87
5/17/2020 21:38,68.571,72.724
5/17/2020 23:38,67.285,73.598
5/18/2020 1:38,67.199,71.504
5/18/2020 3:38,67.199,72.085
5/18/2020 5:38,67.5,70.661
5/18/2020 7:38,68.527,69.391
5/18/2020 9:38,68.571,71.007
5/18/2020 11:38,68.657,70.021
5/18/2020 13:38,68.657,70.021
5/18/2020 15:38,68.657,70.694
5/18/2020 17:38,68.657,69.493
5/18/2020 19:38,68.657,70.079
5/18/2020 21:38,68.657,70.636
5/18/2020 23:38,67.329,72.881
5/19/2020 1:38,67.199,71.096
5/19/2020 3:38,67.199,70.426
5/19/2020 5:38,67.5,69.814
5/19/2020 7:38,68.571,67.952
5/19/2020 9:38,68.614,69.518
5/19/2020 11:38,68.614,70.222
5/19/2020 13:38,68.614,69.84
5/19/2020 15:38,68.657,70.548
5/19/2020 17:38,68.614,71.915
5/19/2020 19:38,68.657,71.832
5/19/2020 21:38,68.614,73.193
5/19/2020 23:38,67.329,75.844
5/20/2020 1:38,67.242,74.112
5/20/2020 3:38,67.242,74.314
5/20/2020 5:38,67.543,73.655
5/20/2020 7:38,68.571,71.503
5/20/2020 9:38,68.614,71.216
5/20/2020 11:38,68.571,71.736
5/20/2020 13:38,68.527,73.676
5/20/2020 15:38,68.571,71.823
5/20/2020 17:38,68.614,72.322
5/20/2020 19:38,68.614,71.332
5/20/2020 21:38,68.614,73.425
5/20/2020 23:38,67.329,74.064
5/21/2020 1:38,67.285,75.18
5/21/2020 3:38,67.285,75.008
5/21/2020 5:38,67.671,74.303
5/21/2020 7:38,68.571,73.188
5/21/2020 9:38,68.614,73.367
5/21/2020 11:38,68.614,73.569
5/21/2020 13:38,68.657,73.805
5/21/2020 15:38,68.657,72.036
5/21/2020 17:38,68.657,71.57
5/21/2020 19:38,68.657,71.658
5/21/2020 21:38,68.657,72.821
5/21/2020 23:38,67.329,74.812
5/22/2020 1:38,67.285,74.75
5/22/2020 3:38,67.285,75.524
5/22/2020 5:38,67.714,74.394
5/22/2020 7:38,68.614,73.28
5/22/2020 9:38,68.657,72.647
5/22/2020 11:38,68.614,72.874
5/22/2020 13:38,68.614,71.128
5/22/2020 15:38,68.614,72.439
5/22/2020 17:38,68.614,72.7
5/22/2020 19:38,68.614,73.309
5/22/2020 21:38,68.571,73.449
5/22/2020 23:38,67.285,75.524
5/23/2020 1:38,67.242,75.605
5/23/2020 3:38,67.242,74.573
5/23/2020 5:38,67.671,75.194
5/23/2020 7:38,68.527,73.647
5/23/2020 9:38,68.571,74.662
5/23/2020 11:38,68.571,76.155
5/23/2020 13:38,68.571,75.725
5/23/2020 15:38,68.571,76.298
5/23/2020 17:38,68.571,75.438
5/23/2020 19:38,68.571,74.921
5/23/2020 21:38,68.571,76.212
5/23/2020 23:38,67.372,78.58
5/24/2020 1:38,67.329,78.207
5/24/2020 3:38,67.329,77.866
5/24/2020 5:38,67.757,76.206
5/24/2020 7:38,68.527,75.318
5/24/2020 9:38,68.527,75.749
5/24/2020 11:38,68.571,77.098
5/24/2020 13:38,68.571,77.07
5/24/2020 15:38,68.571,77.041
5/24/2020 17:38,68.571,76.727
5/24/2020 19:38,68.571,75.782
5/24/2020 21:38,68.571,76.984
5/24/2020 23:38,67.413,80.052
5/25/2020 1:38,67.372,80.131
5/25/2020 3:38,67.372,80.945
5/25/2020 5:38,67.757,78.964
5/25/2020 7:38,68.527,76.036
5/25/2020 9:38,68.571,76.155
5/25/2020 11:38,68.571,76.355
5/25/2020 13:38,68.571,77.241
5/25/2020 15:38,68.571,76.384
5/25/2020 17:38,68.571,77.127
5/25/2020 19:38,68.571,76.699
5/25/2020 21:38,68.571,76.441
5/25/2020 23:38,67.456,79.832
5/26/2020 1:38,67.456,80.113
5/26/2020 3:38,67.456,79.944
5/26/2020 5:38,67.842,79.229
5/26/2020 7:38,68.571,76.813
5/26/2020 9:38,68.571,76.298
5/26/2020 11:38,68.571,77.384
5/26/2020 13:38,68.571,75.954
5/26/2020 15:38,68.571,77.241
5/26/2020 17:38,68.571,77.355
5/26/2020 19:38,68.571,77.554
5/26/2020 21:38,68.571,76.498
5/26/2020 23:38,67.5,80.259
5/27/2020 1:38,67.456,80.815
5/27/2020 3:38,67.372,80.412
5/27/2020 5:38,67.842,78.748
5/27/2020 7:38,68.527,76.064
5/27/2020 9:38,68.571,76.784
5/27/2020 11:38,68.871,74.954
5/27/2020 13:38,68.828,74.373
5/27/2020 15:38,68.785,74.253
5/27/2020 17:38,68.785,75.692
5/27/2020 19:38,68.785,75.261
5/27/2020 21:38,68.742,75.457
5/27/2020 23:38,67.627,77.986
5/28/2020 1:38,67.543,77.579
5/28/2020 3:38,67.543,77.607
5/28/2020 5:38,67.757,76.121
5/28/2020 7:38,68.657,72.589
5/28/2020 9:38,68.657,70.402
5/28/2020 11:38,68.657,67.931
5/28/2020 13:38,68.657,67.192
5/28/2020 15:38,68.614,66.416
5/28/2020 17:38,68.614,66.624
5/28/2020 19:38,68.614,66.505
5/28/2020 21:38,68.614,67.868
5/28/2020 23:38,67.329,68.181
5/29/2020 1:38,67.242,68.261
5/29/2020 3:38,67.242,67.996
5/29/2020 5:38,67.456,66.866
5/29/2020 7:38,68.571,67.005
5/29/2020 9:38,68.614,67.128
5/29/2020 11:38,68.657,65.528
5/29/2020 13:38,68.614,66.683
5/29/2020 15:38,68.657,66.182
5/29/2020 17:38,68.657,65.885
5/29/2020 19:38,68.614,66.149
5/29/2020 21:38,68.614,67.039
5/29/2020 23:38,67.329,67.444
5/30/2020 1:38,67.242,67.672
5/30/2020 3:38,67.242,67.583
5/30/2020 5:38,67.5,67.579
5/30/2020 7:38,68.571,66.323
5/30/2020 9:38,68.614,64.897
5/30/2020 11:38,68.571,64.684
5/30/2020 13:38,68.571,62.162
5/30/2020 15:38,68.527,62.248
5/30/2020 17:38,68.527,61.705
5/30/2020 19:38,68.742,61.815
5/30/2020 21:38,68.785,63.295
5/30/2020 23:38,67.372,63.882
5/31/2020 1:38,67.285,64.472
5/31/2020 3:38,67.285,65.633
5/31/2020 5:38,67.543,66.044
5/31/2020 7:38,68.742,63.712
5/31/2020 9:38,68.828,64.648
5/31/2020 11:38,68.828,63.119
5/31/2020 13:38,68.828,62.999
5/31/2020 15:38,68.871,65.22
5/31/2020 17:38,68.871,65.31
5/31/2020 19:38,68.913,65.284
5/31/2020 21:38,68.913,66.445
5/31/2020 23:38,67.456,67.752
6/1/2020 1:38,67.372,69.009
6/1/2020 3:38,67.372,68.539
6/1/2020 5:38,67.671,68.951
6/1/2020 7:38,68.913,68.665
6/1/2020 9:38,68.999,68.91
6/1/2020 11:38,68.999,70.467
6/1/2020 13:38,68.999,70.467
6/1/2020 15:38,68.999,71.519
6/1/2020 17:38,68.999,71.956
6/1/2020 19:38,68.999,72.393
6/1/2020 21:38,68.999,71.285
6/1/2020 23:38,67.627,74.529
6/2/2020 1:38,67.543,74.606
6/2/2020 3:38,67.543,74.778
6/2/2020 5:38,67.798,75.295
6/2/2020 7:38,68.913,70.897
6/2/2020 9:38,68.956,71.31
6/2/2020 11:38,68.999,70.847
6/2/2020 13:38,68.956,69.553
6/2/2020 15:38,68.999,68.527
6/2/2020 17:38,68.999,70.993
6/2/2020 19:38,68.999,72.189
6/2/2020 21:38,68.956,71.544
6/2/2020 23:38,67.627,75.791
6/3/2020 1:38,67.543,74.634
6/3/2020 3:38,67.543,75.065
6/3/2020 5:38,67.798,74.72
6/3/2020 7:38,68.913,71.568
6/3/2020 9:38,68.956,71.369
6/3/2020 11:38,68.956,70.169
6/3/2020 13:38,68.956,68.493
6/3/2020 15:38,68.956,67.961
6/3/2020 17:38,68.913,65.642
6/3/2020 19:38,68.913,67.217
6/3/2020 21:38,68.913,66.535
6/3/2020 23:38,67.5,68.611
6/4/2020 1:38,67.413,68.308
6/4/2020 3:38,67.372,67.655
6/4/2020 5:38,67.627,67.445
6/4/2020 7:38,68.828,67.623
6/4/2020 9:38,68.913,67.691
6/4/2020 11:38,68.956,67.547
6/4/2020 13:38,68.956,67.606
6/4/2020 15:38,68.913,65.999
6/4/2020 17:38,68.913,66.059
6/4/2020 19:38,68.913,65.224
6/4/2020 21:38,68.913,66.326
6/4/2020 23:38,67.5,67.963
6/5/2020 1:38,67.413,70.915
6/5/2020 3:38,67.5,71.942
6/5/2020 5:38,67.798,71.247
6/5/2020 7:38,68.913,69.607
6/5/2020 9:38,68.956,68.02
6/5/2020 11:38,68.956,67.932
6/5/2020 13:38,68.913,66.564
6/5/2020 15:38,68.871,64.503
6/5/2020 17:38,68.871,63.484
6/5/2020 19:38,68.871,63.574
6/5/2020 21:38,68.871,63.784
6/5/2020 23:38,67.456,65.084
6/6/2020 1:38,67.372,65.463
6/6/2020 3:38,67.372,66.087
6/6/2020 5:38,67.671,66.472
6/6/2020 7:38,68.828,66.021
6/6/2020 9:38,68.913,64.627
6/6/2020 11:38,68.913,65.314
6/6/2020 13:38,68.913,65.88
6/6/2020 15:38,68.913,66.386
6/6/2020 17:38,68.956,66.984
6/6/2020 19:38,68.999,68.113
6/6/2020 21:38,68.999,68.851
6/6/2020 23:38,67.627,70.646
6/7/2020 1:38,67.543,71.22
6/7/2020 3:38,67.543,70.345
6/7/2020 5:38,67.798,70.955
6/7/2020 7:38,68.913,68.724
6/7/2020 9:38,68.999,69.263
6/7/2020 11:38,68.999,70.115
6/7/2020 13:38,68.999,71.169
6/7/2020 15:38,69.042,71.465
6/7/2020 17:38,69.042,71.436
6/7/2020 19:38,69.042,71.728
6/7/2020 21:38,68.999,70.349
6/7/2020 23:38,67.714,73.269
6/8/2020 1:38,67.627,73.809
6/8/2020 3:38,67.627,73.173
6/8/2020 5:38,67.885,72.68
6/8/2020 7:38,68.956,70.638
6/8/2020 9:38,68.999,71.811
6/8/2020 11:38,69.042,71.407
6/8/2020 13:38,69.042,71.056
6/8/2020 15:38,69.042,70.998
6/8/2020 17:38,68.999,69.234
6/8/2020 19:38,69.042,69.826
6/8/2020 21:38,68.999,69.586
6/8/2020 23:38,67.627,72.246
6/9/2020 1:38,67.5,70.486
6/9/2020 3:38,67.5,69.96
6/9/2020 5:38,67.798,69.698
6/9/2020 7:38,68.913,68.134
6/9/2020 9:38,68.999,69.851
6/9/2020 11:38,68.999,69.792
6/9/2020 13:38,69.042,69.003
6/9/2020 15:38,69.042,69.885
6/9/2020 17:38,69.042,70.325
6/9/2020 19:38,69.042,70.295
6/9/2020 21:38,69.042,70.969
6/9/2020 23:38,67.627,72.884
6/10/2020 1:38,67.543,71.685
6/10/2020 3:38,67.543,71.685
6/10/2020 5:38,67.798,70.634
6/10/2020 7:38,68.913,69.284
6/10/2020 9:38,68.956,68.109
6/10/2020 11:38,68.956,67.251
6/10/2020 13:38,68.956,66.539
6/10/2020 15:38,68.913,66.683
6/10/2020 17:38,68.828,66.08
6/10/2020 19:38,68.828,63.96
6/10/2020 21:38,68.785,64.046
6/10/2020 23:38,67.372,66.295
6/11/2020 1:38,67.372,65.701
6/11/2020 3:38,67.372,66.828
6/11/2020 5:38,67.798,67.904
6/11/2020 7:38,68.785,64.495
6/11/2020 9:38,68.785,65.659
6/11/2020 11:38,68.785,65.003
6/11/2020 13:38,68.785,64.644
6/11/2020 15:38,68.785,64.046
6/11/2020 17:38,68.785,62.814
6/11/2020 19:38,68.785,62.03
6/11/2020 21:38,68.742,63.111
6/11/2020 23:38,67.372,65.671
6/12/2020 1:38,67.329,65.28
6/12/2020 3:38,67.329,64.923
6/12/2020 5:38,67.798,66.811
6/12/2020 7:38,68.785,66.373
6/12/2020 9:38,68.828,66.882
6/12/2020 11:38,68.828,65.902
6/12/2020 13:38,68.828,65.455
6/12/2020 15:38,68.999,67.314
6/12/2020 17:38,68.999,66.216
6/12/2020 19:38,68.999,64.216
6/12/2020 21:38,68.999,64.036
6/12/2020 23:38,67.456,63.022
6/13/2020 1:38,67.372,61.962
6/13/2020 3:38,67.372,61.57
6/13/2020 5:38,67.842,62.577
6/13/2020 7:38,68.913,61.559
6/13/2020 9:38,68.999,64.485
6/13/2020 11:38,68.999,63.075
6/13/2020 13:38,69.042,63.289
6/13/2020 15:38,69.042,64.639
6/13/2020 17:38,69.042,63.86
6/13/2020 19:38,69.042,63.47
6/13/2020 21:38,68.999,62.563
6/13/2020 23:38,67.5,62.635
6/14/2020 1:38,67.456,62.03
6/14/2020 3:38,67.372,62.774
6/14/2020 5:38,67.842,62.065
6/14/2020 7:38,68.913,62.374
6/14/2020 9:38,68.999,61.143
6/14/2020 11:38,68.999,63.586
6/14/2020 13:38,69.042,64.13
6/14/2020 15:38,69.085,64.493
6/14/2020 17:38,69.085,64.942
6/14/2020 19:38,69.085,63.684
6/14/2020 21:38,69.042,62.084
6/14/2020 23:38,67.543,64.317
6/15/2020 1:38,67.456,64.578
6/15/2020 3:38,67.456,62.541
6/15/2020 5:38,67.928,63.366
6/15/2020 7:38,68.999,62.412
6/15/2020 9:38,69.085,61.967
6/15/2020 11:38,69.085,65.807
6/15/2020 13:38,69.17,66.649
6/15/2020 15:38,69.17,68.809
6/15/2020 17:38,69.17,66.233
6/15/2020 19:38,69.17,68.485
6/15/2020 21:38,69.129,67.801
6/15/2020 23:38,67.586,68.089
6/16/2020 1:38,67.543,67.377
6/16/2020 3:38,67.5,66.811
6/16/2020 5:38,67.971,67.508
6/16/2020 7:38,69.042,65.087
6/16/2020 9:38,69.085,68.151
6/16/2020 11:38,69.129,67.742
6/16/2020 13:38,69.129,69.129
6/16/2020 15:38,69.17,68.573
6/16/2020 17:38,69.17,68.16
6/16/2020 19:38,69.17,66.292
6/16/2020 21:38,69.085,65.629
6/16/2020 23:38,67.627,67.445
6/17/2020 1:38,67.5,66.692
6/17/2020 3:38,67.5,65.832
6/17/2020 5:38,67.971,67.538
6/17/2020 7:38,68.999,66.573
6/17/2020 9:38,69.085,66.194
6/17/2020 11:38,69.085,66.551
6/17/2020 13:38,69.129,68.097
6/17/2020 15:38,69.129,68.422
6/17/2020 17:38,69.129,67.298
6/17/2020 19:38,69.129,66.615
6/17/2020 21:38,69.085,65.539
6/17/2020 23:38,67.627,68.123
6/18/2020 1:38,67.543,67.761
6/18/2020 3:38,67.543,67.229
6/18/2020 5:38,68.013,69.045
6/18/2020 7:38,69.042,68.354
6/18/2020 9:38,69.085,66.373
6/18/2020 11:38,69.129,69.217
6/18/2020 13:38,69.085,66.313
6/18/2020 15:38,69.129,67.001
6/18/2020 17:38,69.129,68.008
6/18/2020 19:38,69.129,68.097
6/18/2020 21:38,69.129,68.569
6/18/2020 23:38,67.671,70.007
6/19/2020 1:38,67.627,70.529
6/19/2020 3:38,67.586,69.266
6/19/2020 5:38,68.056,69.226
6/19/2020 7:38,69.042,69.267
6/19/2020 9:38,69.085,69.095
6/19/2020 11:38,69.085,67.56
6/19/2020 13:38,69.085,68.506
6/19/2020 15:38,69.085,67.026
6/19/2020 17:38,69.085,66.075
6/19/2020 19:38,69.085,67.826
6/19/2020 21:38,69.085,66.67
6/19/2020 23:38,67.586,67.588
6/20/2020 1:38,67.543,68.35
6/20/2020 3:38,67.543,67.672
6/20/2020 5:38,67.971,67.922
6/20/2020 7:38,68.999,66.721
6/20/2020 9:38,69.042,64.938
6/20/2020 11:38,69.042,66.339
6/20/2020 13:38,69.085,68.358
6/20/2020 15:38,69.085,65.479
6/20/2020 17:38,69.085,64.912
6/20/2020 19:38,69.085,66.046
6/20/2020 21:38,69.085,67.856
6/20/2020 23:38,67.627,69.153
6/21/2020 1:38,67.543,69.496
6/21/2020 3:38,67.586,69.412
6/21/2020 5:38,68.056,70.427
6/21/2020 7:38,69.042,69.473
6/21/2020 9:38,69.085,67.767
6/21/2020 11:38,69.085,68.977
6/21/2020 13:38,69.085,67.412
6/21/2020 15:38,69.085,68.388
6/21/2020 17:38,69.085,69.889
6/21/2020 19:38,69.129,69.835
6/21/2020 21:38,69.129,69.041
6/21/2020 23:38,67.671,71.233
6/22/2020 1:38,67.627,70.558
6/22/2020 3:38,67.586,69.735
6/22/2020 5:38,68.013,69.133
6/22/2020 7:38,68.999,67.107
6/22/2020 9:38,69.042,65.057
6/22/2020 11:38,69.042,64.788
6/22/2020 13:38,69.042,65.445
6/22/2020 15:38,69.042,65.296
6/22/2020 17:38,69.085,64.224
6/22/2020 19:38,69.085,63.834
6/22/2020 21:38,69.042,63.379
6/22/2020 23:38,67.543,64.914
6/23/2020 1:38,67.5,65.803
6/23/2020 3:38,67.5,67.018
6/23/2020 5:38,67.971,65.937
6/23/2020 7:38,69.042,66.874
6/23/2020 9:38,69.085,66.7
6/23/2020 11:38,69.085,66.581
6/23/2020 13:38,69.085,64.463
6/23/2020 15:38,69.085,64.403
6/23/2020 17:38,69.085,63.774
6/23/2020 19:38,69.085,66.462
6/23/2020 21:38,69.085,67.323
6/23/2020 23:38,67.586,68.531
6/24/2020 1:38,67.543,68.056
6/24/2020 3:38,67.543,68.674
6/24/2020 5:38,68.013,68.191
6/24/2020 7:38,69.042,65.952
6/24/2020 9:38,69.085,64.972
6/24/2020 11:38,69.085,66.135
6/24/2020 13:38,69.085,66.432
6/24/2020 15:38,69.085,65.151
6/24/2020 17:38,69.085,63.263
6/24/2020 19:38,69.085,64.344
6/24/2020 21:38,69.042,64.369
6/24/2020 23:38,67.627,67.504
6/25/2020 1:38,67.586,67.204
6/25/2020 3:38,67.543,67.525
6/25/2020 5:38,68.056,67.191
6/25/2020 7:38,69.042,68.413
6/25/2020 9:38,69.085,66.432
6/25/2020 11:38,69.085,65.986
6/25/2020 13:38,69.085,66.165
6/25/2020 15:38,69.129,64.647
6/25/2020 17:38,69.129,64.976
6/25/2020 19:38,69.129,66.347
6/25/2020 21:38,69.129,67.623
6/25/2020 23:38,67.627,68.947
6/26/2020 1:38,67.543,69.32
6/26/2020 3:38,67.586,69.031
6/26/2020 5:38,68.056,71.157
6/26/2020 7:38,69.085,67.115
6/26/2020 9:38,69.129,67.712
6/26/2020 11:38,69.129,69.041
6/26/2020 13:38,69.129,69.952
6/26/2020 15:38,69.129,69.658
6/26/2020 17:38,69.129,68.185
6/26/2020 19:38,69.129,66.377
6/26/2020 21:38,69.085,67.885
6/26/2020 23:38,67.627,70.675
6/27/2020 1:38,67.586,70.115
6/27/2020 3:38,67.586,69.295
6/27/2020 5:38,68.056,68.52
6/27/2020 7:38,69.085,67.293
6/27/2020 9:38,69.085,68.889
6/27/2020 11:38,69.085,66.878
6/27/2020 13:38,69.085,68.092
6/27/2020 15:38,69.085,68.063
6/27/2020 17:38,69.085,68.27
6/27/2020 19:38,69.129,68.244
6/27/2020 21:38,69.085,68.889
6/27/2020 23:38,67.627,69.593
6/28/2020 1:38,67.586,70.466
6/28/2020 3:38,67.586,71.137
6/28/2020 5:38,68.056,69.783
6/28/2020 7:38,69.085,68.181
6/28/2020 9:38,69.085,69.419
6/28/2020 11:38,69.085,69.83
6/28/2020 13:38,69.085,68.712
6/28/2020 15:38,69.129,69.306
6/28/2020 17:38,69.085,70.036
6/28/2020 19:38,69.085,69.654
6/28/2020 21:38,69.085,68.771
6/28/2020 23:38,67.627,69.944
6/29/2020 1:38,67.543,70.578
6/29/2020 3:38,67.543,71.162
6/29/2020 5:38,68.056,69.666
6/29/2020 7:38,69.042,67.052
6/29/2020 9:38,69.085,72.053
6/29/2020 11:38,69.085,70.856
6/29/2020 13:38,69.085,72.227
6/29/2020 15:38,69.085,72.315
6/29/2020 17:38,69.085,71.82
6/29/2020 19:38,69.085,72.518
6/29/2020 21:38,69.085,70.827
6/29/2020 23:38,67.627,74.183
6/30/2020 1:38,67.671,74.85
6/30/2020 3:38,67.627,74.299
6/30/2020 5:38,68.099,72.906
6/30/2020 7:38,69.085,70.241
6/30/2020 9:38,69.085,72.809
6/30/2020 11:38,69.085,73.302
6/30/2020 13:38,69.085,71.353
6/30/2020 15:38,69.085,73.012
6/30/2020 17:38,69.085,73.128
6/30/2020 19:38,69.085,70.885
6/30/2020 21:38,69.085,70.915
6/30/2020 23:38,67.714,74.337
7/1/2020 1:38,67.671,74.159
7/1/2020 3:38,67.627,73.347
7/1/2020 5:38,68.142,74.067
7/1/2020 7:38,69.085,70.651
7/1/2020 9:38,69.085,70.094
7/1/2020 11:38,69.129,72.174
7/1/2020 13:38,69.085,71.528
7/1/2020 15:38,69.129,70.539
7/1/2020 17:38,69.129,71.649
7/1/2020 19:38,69.129,71.328
7/1/2020 21:38,69.085,71.119
7/1/2020 23:38,67.714,73.645
7/2/2020 1:38,67.671,73.554
7/2/2020 3:38,67.627,72.71
7/2/2020 5:38,68.056,71.914
7/2/2020 7:38,69.085,70.212
7/2/2020 9:38,69.085,70.768
7/2/2020 11:38,69.085,71.616
7/2/2020 13:38,69.129,70.568
7/2/2020 15:38,69.129,70.187
7/2/2020 17:38,69.17,71.303
7/2/2020 19:38,69.17,72.382
7/2/2020 21:38,69.129,71.824
7/2/2020 23:38,67.714,73.645
7/3/2020 1:38,67.671,73.207
7/3/2020 3:38,67.627,72.681
7/3/2020 5:38,68.142,72.011
7/3/2020 7:38,69.085,71.761
7/3/2020 9:38,69.129,71.62
7/3/2020 11:38,69.129,71.503
7/3/2020 13:38,69.129,70.451
7/3/2020 15:38,69.129,70.743
7/3/2020 17:38,69.17,72.295
7/3/2020 19:38,69.17,72.062
7/3/2020 21:38,69.129,72.086
7/3/2020 23:38,67.714,74.106
7/4/2020 1:38,67.627,73.433
7/4/2020 3:38,67.627,72.478
7/4/2020 5:38,68.142,73.431
7/4/2020 7:38,69.085,69.301
7/4/2020 9:38,69.129,69.07
7/4/2020 11:38,69.17,69.81
7/4/2020 13:38,69.17,71.77
7/4/2020 15:38,69.17,71.216
7/4/2020 17:38,69.17,71.479
7/4/2020 19:38,69.17,69.398
7/4/2020 21:38,69.129,71.416
7/4/2020 23:38,67.714,72.546
7/5/2020 1:38,67.627,72.13
7/5/2020 3:38,67.627,73.202
7/5/2020 5:38,68.099,73.051
7/5/2020 7:38,69.085,71.353
7/5/2020 9:38,69.129,69.658
7/5/2020 11:38,69.17,71.537
7/5/2020 13:38,69.17,70.514
7/5/2020 15:38,69.17,69.31
7/5/2020 17:38,69.17,71.887
7/5/2020 19:38,69.17,71.449
7/5/2020 21:38,69.17,69.604
7/5/2020 23:38,67.714,73.414
7/6/2020 1:38,67.627,72.304
7/6/2020 3:38,67.627,72.188
7/6/2020 5:38,68.099,71.715
7/6/2020 7:38,69.085,70.885
7/6/2020 9:38,69.17,69.045
7/6/2020 11:38,69.17,70.426
7/6/2020 13:38,69.17,71.07
7/6/2020 15:38,69.17,71.303
7/6/2020 17:38,69.17,70.426
7/6/2020 19:38,69.17,72.004
7/6/2020 21:38,69.17,69.545
7/6/2020 23:38,67.714,72.401
7/7/2020 1:38,67.627,73.636
7/7/2020 3:38,67.627,73.318
7/7/2020 5:38,68.142,72.852
7/7/2020 7:38,69.129,71.416
7/7/2020 9:38,69.17,71.303
7/7/2020 11:38,69.256,68.7
7/7/2020 13:38,69.514,71.252
7/7/2020 15:38,69.427,69.395
7/7/2020 17:38,69.343,68.738
7/7/2020 19:38,69.343,69.592
7/7/2020 21:38,69.3,70.732
7/7/2020 23:38,67.671,73.322
7/8/2020 1:38,67.627,73.433
7/8/2020 3:38,67.627,71.84
7/8/2020 5:38,68.142,72.591
7/8/2020 7:38,69.3,68.527
7/8/2020 9:38,69.3,69.294
7/8/2020 11:38,69.343,69.769
7/8/2020 13:38,69.343,69.21
7/8/2020 15:38,69.343,70.824
7/8/2020 17:38,69.343,71.701
7/8/2020 19:38,69.343,71.759
7/8/2020 21:38,69.3,70.439
7/8/2020 23:38,67.714,71.849
7/9/2020 1:38,67.627,72.188
7/9/2020 3:38,67.627,73.087
7/9/2020 5:38,68.185,71.171
7/9/2020 7:38,69.256,68.7
7/9/2020 9:38,69.3,68.498
7/9/2020 11:38,69.343,71.672
7/9/2020 13:38,69.343,70.795
7/9/2020 15:38,69.343,69.004
7/9/2020 17:38,69.343,71.526
7/9/2020 19:38,69.343,68.738
7/9/2020 21:38,69.343,71
7/9/2020 23:38,67.714,72.806
7/10/2020 1:38,67.671,72.425
7/10/2020 3:38,67.627,72.304
7/10/2020 5:38,68.142,71.836
7/10/2020 7:38,69.256,70.845
7/10/2020 9:38,69.3,70.586
7/10/2020 11:38,69.3,69.264
7/10/2020 13:38,69.343,70.737
7/10/2020 15:38,69.3,68.321
7/10/2020 17:38,69.3,70.615
7/10/2020 19:38,69.343,70.268
7/10/2020 21:38,69.3,68.586
7/10/2020 23:38,67.714,72.372
7/11/2020 1:38,67.627,71.549
7/11/2020 3:38,67.627,71.083
7/11/2020 5:38,68.142,70.143
7/11/2020 7:38,69.256,68.434
7/11/2020 9:38,69.3,70.791
7/11/2020 11:38,69.343,69.327
7/11/2020 13:38,69.343,68.443
7/11/2020 15:38,69.343,68.974
7/11/2020 17:38,69.343,70.385
7/11/2020 19:38,69.343,70.385
7/11/2020 21:38,69.3,69.411
7/11/2020 23:38,67.714,71.762
7/12/2020 1:38,67.627,71.956
7/12/2020 3:38,67.627,70.908
7/12/2020 5:38,68.142,72.214
7/12/2020 7:38,69.256,70.464
7/12/2020 9:38,69.3,67.611
7/12/2020 11:38,69.3,69.735
7/12/2020 13:38,69.3,69.588
7/12/2020 15:38,69.3,69.5
7/12/2020 17:38,69.3,69.882
7/12/2020 19:38,69.343,69.886
7/12/2020 21:38,69.3,69.999
7/12/2020 23:38,67.714,72.023
7/13/2020 1:38,67.671,70.446
7/13/2020 3:38,67.671,71.204
7/13/2020 5:38,68.142,70.962
7/13/2020 7:38,69.256,68.995
7/13/2020 9:38,69.386,69.802
7/13/2020 11:38,69.213,67.898
7/13/2020 13:38,69.17,70.924
7/13/2020 15:38,69.343,70.737
7/13/2020 17:38,69.3,68.675
7/13/2020 19:38,69.3,69.117
7/13/2020 21:38,69.256,71.225
7/13/2020 23:38,67.714,72.517
7/14/2020 1:38,67.627,72.681
7/14/2020 3:38,67.671,71.262
7/14/2020 5:38,68.185,69.298
7/14/2020 7:38,69.256,70.845
7/14/2020 9:38,69.256,68.612
7/14/2020 11:38,69.3,70.908
7/14/2020 13:38,69.3,67.314
7/14/2020 15:38,69.3,70.117
7/14/2020 17:38,69.3,71.025
7/14/2020 19:38,69.3,67.67
7/14/2020 21:38,69.256,69.083
7/14/2020 23:38,67.714,70.946
7/15/2020 1:38,67.627,71.2
7/15/2020 3:38,67.627,71.985
7/15/2020 5:38,68.185,69.062
7/15/2020 7:38,69.213,69.197
7/15/2020 9:38,69.256,67.873
7/15/2020 11:38,69.256,69.583
7/15/2020 13:38,69.514,68.874
7/15/2020 15:38,69.471,67.717
7/15/2020 17:38,69.427,68.599
7/15/2020 19:38,69.427,68.776
7/15/2020 21:38,69.386,69.185
7/15/2020 23:38,67.586,69.617
7/16/2020 1:38,67.543,68.438
7/16/2020 3:38,67.543,68.497
7/16/2020 5:38,68.142,68.234
7/16/2020 7:38,69.343,68.797
7/16/2020 9:38,69.386,65.419
7/16/2020 11:38,69.386,68.919
7/16/2020 13:38,69.427,68.334
7/16/2020 15:38,69.427,69.042
7/16/2020 17:38,69.427,68.717
7/16/2020 19:38,69.427,66.406
7/16/2020 21:38,69.427,69.689
7/16/2020 23:38,67.627,68.859
7/17/2020 1:38,67.586,72.126
7/17/2020 3:38,67.586,71.632
7/17/2020 5:38,68.185,69.679
7/17/2020 7:38,69.514,74.91
7/17/2020 9:38,69.256,75.227
7/17/2020 11:38,69.213,77
7/17/2020 13:38,70.029,73.578
7/17/2020 15:38,69.042,77.409
7/17/2020 17:38,69.042,78.689
7/17/2020 19:38,69.042,78.803
7/17/2020 21:38,69.213,77.6
7/17/2020 23:38,67.714,83.664
7/18/2020 1:38,67.586,84.092
7/18/2020 3:38,67.543,82.28
7/18/2020 5:38,68.056,80.016
7/18/2020 7:38,68.999,77.119
7/18/2020 9:38,68.999,77.461
7/18/2020 11:38,69.042,79.228
7/18/2020 13:38,69.042,76.866
7/18/2020 15:38,69.042,78.775
7/18/2020 17:38,69.129,79.295
7/18/2020 19:38,69.085,78.211
7/18/2020 21:38,69.042,79.483
7/18/2020 23:38,67.627,83.459
7/19/2020 1:38,67.586,83.676
7/19/2020 3:38,67.543,83.476
7/19/2020 5:38,68.056,81.084
7/19/2020 7:38,68.956,76.542
7/19/2020 9:38,68.999,77.575
7/19/2020 11:38,68.999,76.976
7/19/2020 13:38,68.999,77.176
7/19/2020 15:38,69.042,77.808
7/19/2020 17:38,68.999,77.632
7/19/2020 19:38,68.999,76.031
7/19/2020 21:38,68.999,77.261
7/19/2020 23:38,67.627,81.453
7/20/2020 1:38,67.586,80.578
7/20/2020 3:38,67.5,82.108
7/20/2020 5:38,68.013,80.18
7/20/2020 7:38,68.999,75.601
7/20/2020 9:38,68.999,77.86
7/20/2020 11:38,68.956,72.446
7/20/2020 13:38,69.256,75.543
7/20/2020 15:38,69.3,77.324
7/20/2020 17:38,69.3,74.367
7/20/2020 19:38,69.3,75.721
7/20/2020 21:38,69.256,76.175
7/20/2020 23:38,67.842,80.384
7/21/2020 1:38,67.798,80.772
7/21/2020 3:38,67.757,79.924
7/21/2020 5:38,68.27,77.861
7/21/2020 7:38,69.256,76.06
7/21/2020 9:38,69.3,74.655
7/21/2020 11:38,69.343,75.553
7/21/2020 13:38,69.343,76.127
7/21/2020 15:38,69.343,77.129
7/21/2020 17:38,69.343,77.9
7/21/2020 19:38,69.343,76.529
7/21/2020 21:38,69.3,76.552
7/21/2020 23:38,67.842,81.226
7/22/2020 1:38,67.798,79.449
7/22/2020 3:38,67.714,78.109
7/22/2020 5:38,68.227,77.686
7/22/2020 7:38,69.256,71.75
7/22/2020 9:38,69.3,73.325
7/22/2020 11:38,69.3,75.462
7/22/2020 13:38,69.17,73.717
7/22/2020 15:38,69.17,75.591
7/22/2020 17:38,69.085,74.545
7/22/2020 19:38,69.085,76.871
7/22/2020 21:38,69.085,76.328
7/22/2020 23:38,67.714,80.566
7/23/2020 1:38,67.671,80.139
7/23/2020 3:38,67.671,79.406
7/23/2020 5:38,68.056,76.612
7/23/2020 7:38,69.042,73.645
7/23/2020 9:38,69.085,74.718
7/23/2020 11:38,69.085,76.242
7/23/2020 13:38,69.129,76.962
7/23/2020 15:38,69.129,75.155
7/23/2020 17:38,69.129,76.676
7/23/2020 19:38,69.129,78.216
7/23/2020 21:38,69.129,77.419
7/23/2020 23:38,67.798,81.557
7/24/2020 1:38,67.757,81.748
7/24/2020 3:38,67.714,81.827
7/24/2020 5:38,68.142,80.701
7/24/2020 7:38,69.085,75.897
7/24/2020 9:38,69.085,75.697
7/24/2020 11:38,69.129,75.931
7/24/2020 13:38,69.17,78.704
7/24/2020 15:38,69.17,77.937
7/24/2020 17:38,69.129,77.732
7/24/2020 19:38,69.17,77.937
7/24/2020 21:38,69.129,78.074
7/24/2020 23:38,67.798,82.563
7/25/2020 1:38,67.757,81.076
7/25/2020 3:38,67.714,80.959
7/25/2020 5:38,68.142,78.783
7/25/2020 7:38,69.085,75.524
7/25/2020 9:38,69.129,78.273
7/25/2020 11:38,69.129,78.131
7/25/2020 13:38,69.129,78.103
7/25/2020 15:38,69.17,78.278
7/25/2020 17:38,69.17,75.246
7/25/2020 19:38,69.17,78.335
7/25/2020 21:38,69.129,75.816
7/25/2020 23:38,67.798,81.053
7/26/2020 1:38,67.714,80.509
7/26/2020 3:38,67.714,81.687
7/26/2020 5:38,68.099,78.381
7/26/2020 7:38,69.085,75.265
7/26/2020 9:38,69.129,78.103
7/26/2020 11:38,69.129,76.933
7/26/2020 13:38,69.129,75.558
7/26/2020 15:38,69.129,76.733
7/26/2020 17:38,69.129,77.903
7/26/2020 19:38,69.129,75.414
7/26/2020 21:38,69.085,78.069
7/26/2020 23:38,67.757,80.486
7/27/2020 1:38,67.714,78.818
7/27/2020 3:38,67.671,80.589
7/27/2020 5:38,68.056,78.036
7/27/2020 7:38,69.085,76.671
7/27/2020 9:38,69.085,74.574
7/27/2020 11:38,69.085,73.592
7/27/2020 13:38,69.129,73.22
7/27/2020 15:38,69.129,74.838
7/27/2020 17:38,69.129,75.443
7/27/2020 19:38,69.129,74.146
7/27/2020 21:38,69.085,76.414
7/27/2020 23:38,67.714,78.195
7/28/2020 1:38,67.714,77.655
7/28/2020 3:38,67.671,80.336
7/28/2020 5:38,68.056,78.178
7/28/2020 7:38,69.085,75.582
7/28/2020 9:38,69.129,76.189
7/28/2020 11:38,69.129,77.761
7/28/2020 13:38,69.129,75.241
7/28/2020 15:38,69.17,76.852
7/28/2020 17:38,69.129,73.915
7/28/2020 19:38,69.17,76.595
7/28/2020 21:38,69.129,76.16
7/28/2020 23:38,67.757,78.794
7/29/2020 1:38,67.714,79.806
7/29/2020 3:38,67.671,78.982
7/29/2020 5:38,68.099,78.834
7/29/2020 7:38,69.085,73.794
7/29/2020 9:38,74.467,59.705
7/29/2020 11:38,81.952,58.206
7/29/2020 13:38,83.959,35.227
7/29/2020 14:57,,
7/29/2020 14:57,,
7/29/2020 14:57,,
