"Date Time, GMT-06:00","Temp, °F (LGR S/N: 10431403, SEN S/N: 10431403)","RH, % (LGR S/N: 10431403, SEN S/N: 10431403)"
12/16/2019 13:36,66.043,21.643
12/16/2019 13:36,,
12/16/2019 15:36,73.083,17.329
12/16/2019 17:36,73.256,15.451
12/16/2019 19:36,71.877,15.204
12/16/2019 21:36,71.447,15.401
12/16/2019 23:36,71.146,15.672
12/17/2019 1:36,71.06,16.122
12/17/2019 3:36,70.887,16.431
12/17/2019 5:36,71.017,16.851
12/17/2019 7:36,70.716,16.704
12/17/2019 9:36,61.248,25.377
12/17/2019 11:36,60.948,27.965
12/17/2019 13:36,25.686,78.245
12/17/2019 15:36,22.08,78.414
12/17/2019 17:36,18.072,73.846
12/17/2019 19:36,14.886,71.626
12/17/2019 21:36,12.447,70.565
12/17/2019 23:36,10.9,69.816
12/18/2019 1:36,10.114,69.624
12/18/2019 3:36,10.704,72.409
12/18/2019 5:36,11.871,73.574
12/18/2019 7:36,12.574,74.248
12/18/2019 9:36,13.645,76.063
12/18/2019 11:36,15.193,78.107
12/18/2019 13:36,17.004,80.38
12/18/2019 15:36,18.599,81.892
12/18/2019 17:36,19.18,81.618
12/18/2019 19:36,19.411,81.824
12/18/2019 21:36,19.641,82.155
12/18/2019 23:36,19.699,81.987
12/19/2019 1:36,19.756,82.345
12/19/2019 3:36,19.353,81.289
12/19/2019 5:36,18.831,80.844
12/19/2019 7:36,18.423,80.262
12/19/2019 9:36,18.482,81.726
12/19/2019 11:36,21.294,87.772
12/19/2019 13:36,24.01,90.232
12/19/2019 15:36,25.255,90.56
12/19/2019 17:36,24.228,87.427
12/19/2019 19:36,23.409,86.967
12/19/2019 21:36,23.077,86.674
12/19/2019 23:36,22.802,86.635
12/20/2019 1:36,22.858,87.283
12/20/2019 3:36,22.912,87.168
12/20/2019 5:36,22.525,86.399
12/20/2019 7:36,22.357,86.795
12/20/2019 9:36,23.023,88.336
12/20/2019 11:36,24.337,90.183
12/20/2019 13:36,24.825,90.23
12/20/2019 15:36,24.609,89.248
12/20/2019 17:36,24.066,88.387
12/20/2019 19:36,23.628,88.055
12/20/2019 21:36,22.968,86.93
12/20/2019 23:36,21.967,85.63
12/21/2019 1:36,21.182,85.027
12/21/2019 3:36,20.784,85.072
12/21/2019 5:36,20.898,85.779
12/21/2019 7:36,21.182,86.31
12/21/2019 9:36,21.967,87.99
12/21/2019 11:36,24.499,92.333
12/21/2019 13:36,27.747,95.41
12/21/2019 15:36,29.457,96.58
12/21/2019 17:36,29.406,96.857
12/21/2019 19:36,29.251,96.619
12/21/2019 21:36,28.735,95.658
12/21/2019 23:36,28.528,95.148
12/22/2019 1:36,27.799,93.983
12/22/2019 3:36,27.118,93.158
12/22/2019 5:36,26.748,92.91
12/22/2019 7:36,26.643,93.039
12/22/2019 9:36,26.748,93.391
12/22/2019 11:36,28.269,95.681
12/22/2019 13:36,30.173,97.333
12/22/2019 15:36,31.138,98.03
12/22/2019 17:36,30.58,98.226
12/22/2019 19:36,29.559,97.851
12/22/2019 21:36,28.321,95.879
12/22/2019 23:36,27.064,93.655
12/23/2019 1:36,25.792,91.754
12/23/2019 3:36,25.255,91.916
12/23/2019 5:36,25.471,92.574
12/23/2019 7:36,25.792,93.007
12/23/2019 9:36,25.952,93.199
12/23/2019 11:36,27.327,95.297
12/23/2019 13:36,29.559,97.355
12/23/2019 15:36,30.479,98.068
12/23/2019 17:36,30.072,98.239
12/23/2019 19:36,29.662,97.891
12/23/2019 21:36,29.457,97.433
12/23/2019 23:36,28.684,96.411
12/24/2019 1:36,28.58,96.205
12/24/2019 3:36,28.632,96.356
12/24/2019 5:36,29.046,96.895
12/24/2019 7:36,29.457,97.339
12/24/2019 9:36,29.817,97.679
12/24/2019 11:36,30.682,98.336
12/24/2019 13:36,31.289,98.835
12/24/2019 15:36,31.44,99.118
12/24/2019 17:36,31.037,99.195
12/24/2019 19:36,30.072,98.993
12/24/2019 21:36,29.662,98.457
12/24/2019 23:36,29.149,97.644
12/25/2019 1:36,29.354,97.701
12/25/2019 3:36,30.02,98.278
12/25/2019 5:36,30.834,98.88
12/25/2019 7:36,31.289,99.235
12/25/2019 9:36,31.541,99.511
12/25/2019 11:36,31.692,99.676
12/25/2019 13:36,31.791,99.833
12/25/2019 15:36,31.791,99.974
12/25/2019 17:36,31.791,100
12/25/2019 19:36,31.791,100
12/25/2019 21:36,31.791,100
12/25/2019 23:36,31.842,100
12/26/2019 1:36,30.783,100
12/26/2019 3:36,29.046,99.716
12/26/2019 5:36,28.164,97.983
12/26/2019 7:36,27.433,96.263
12/26/2019 9:36,26.589,94.85
12/26/2019 11:36,26.537,95.032
12/26/2019 13:36,26.748,95.35
12/26/2019 15:36,27.064,95.756
12/26/2019 17:36,26.96,95.407
12/26/2019 19:36,27.171,95.843
12/26/2019 21:36,27.59,96.335
12/26/2019 23:36,27.851,96.518
12/27/2019 1:36,27.747,96.241
12/27/2019 3:36,27.799,96.321
12/27/2019 5:36,27.903,96.455
12/27/2019 7:36,27.118,95.098
12/27/2019 9:36,25.792,93.391
12/27/2019 11:36,25.792,94.299
12/27/2019 13:36,27.118,96.119
12/27/2019 15:36,27.799,96.652
12/27/2019 17:36,27.171,95.463
12/27/2019 19:36,26.164,94.022
12/27/2019 21:36,25.524,93.446
12/27/2019 23:36,25.095,93.189
12/28/2019 1:36,25.632,94.417
12/28/2019 3:36,27.064,96.253
12/28/2019 5:36,28.321,97.443
12/28/2019 7:36,29.354,98.267
12/28/2019 9:36,30.123,98.836
12/28/2019 11:36,30.936,99.366
12/28/2019 13:36,31.39,99.721
12/28/2019 15:36,31.591,99.989
12/28/2019 17:36,31.642,100
12/28/2019 19:36,31.692,100
12/28/2019 21:36,31.743,100
12/28/2019 23:36,31.743,100
12/29/2019 1:36,31.791,100
12/29/2019 3:36,31.842,100
12/29/2019 5:36,31.892,100
12/29/2019 7:36,31.892,100
12/29/2019 9:36,31.942,100
12/29/2019 11:36,31.942,100
12/29/2019 13:36,31.942,100
12/29/2019 15:36,31.942,100
12/29/2019 17:36,31.942,100
12/29/2019 19:36,31.942,100
12/29/2019 21:36,31.942,100
12/29/2019 23:36,31.942,100
12/30/2019 1:36,31.942,100
12/30/2019 3:36,31.892,100
12/30/2019 5:36,30.326,100
12/30/2019 7:36,27.903,99.485
12/30/2019 9:36,26.058,96.615
12/30/2019 11:36,25.471,95.366
12/30/2019 13:36,24.879,94.658
12/30/2019 15:36,24.283,94.068
12/30/2019 17:36,23.738,93.223
12/30/2019 19:36,23.299,92.775
12/30/2019 21:36,23.077,92.646
12/30/2019 23:36,23.299,92.87
12/31/2019 1:36,23.738,93.318
12/31/2019 3:36,23.738,92.984
12/31/2019 5:36,22.69,91.438
12/31/2019 7:36,21.294,89.498
12/31/2019 9:36,20.273,88.041
12/31/2019 11:36,20.215,88.809
12/31/2019 13:36,20.842,89.915
12/31/2019 15:36,21.463,90.391
12/31/2019 17:36,21.632,90.127
12/31/2019 19:36,21.238,89.223
12/31/2019 21:36,20.842,88.899
12/31/2019 23:36,20.671,88.948
1/1/2020 1:36,20.671,88.972
1/1/2020 3:36,20.842,89.48
1/1/2020 5:36,21.519,90.448
1/1/2020 7:36,22.302,91.597
1/1/2020 9:36,23.409,93.03
1/1/2020 11:36,25.147,95.008
1/1/2020 13:36,26.854,96.645
1/1/2020 15:36,28.425,97.977
1/1/2020 17:36,29.199,98.595
1/1/2020 19:36,29.559,98.91
1/1/2020 21:36,29.867,99.101
1/1/2020 23:36,30.072,99.274
1/2/2020 1:36,30.072,99.368
1/2/2020 3:36,30.529,99.583
1/2/2020 5:36,31.037,99.899
1/2/2020 7:36,31.138,100
1/2/2020 9:36,30.529,100
1/2/2020 11:36,30.479,100
1/2/2020 13:36,30.834,100
1/2/2020 15:36,30.834,100
1/2/2020 17:36,30.783,100
1/2/2020 19:36,30.783,100
1/2/2020 21:36,30.936,100
1/2/2020 23:36,31.037,100
1/3/2020 1:36,30.987,100
1/3/2020 3:36,30.936,100
1/3/2020 5:36,30.834,100
1/3/2020 7:36,30.682,100
1/3/2020 9:36,30.529,100
1/3/2020 11:36,30.479,100
1/3/2020 13:36,30.479,100
1/3/2020 15:36,30.072,100
1/3/2020 17:36,29.559,99.753
1/3/2020 19:36,29.149,99.196
1/3/2020 21:36,29.097,98.93
1/3/2020 23:36,28.632,98.386
1/4/2020 1:36,27.486,96.886
1/4/2020 3:36,26.112,95.015
1/4/2020 5:36,25.041,93.755
1/4/2020 7:36,24.174,92.907
1/4/2020 9:36,23.409,92.049
1/4/2020 11:36,23.243,92.528
1/4/2020 13:36,24.445,94.473
1/4/2020 15:36,25.738,95.739
1/4/2020 17:36,26.112,95.75
1/4/2020 19:36,26.271,95.798
1/4/2020 21:36,26.643,96.305
1/4/2020 23:36,27.171,96.837
1/5/2020 1:36,27.694,97.344
1/5/2020 3:36,28.112,97.692
1/5/2020 5:36,28.942,98.483
1/5/2020 7:36,30.123,99.376
1/5/2020 9:36,30.783,99.951
1/5/2020 11:36,30.733,100
1/5/2020 13:36,30.834,100
1/5/2020 15:36,30.479,100
1/5/2020 17:36,29.611,100
1/5/2020 19:36,28.425,98.775
1/5/2020 21:36,27.486,97.287
1/5/2020 23:36,26.854,96.48
1/6/2020 1:36,27.064,96.82
1/6/2020 3:36,26.96,96.568
1/6/2020 5:36,26.589,96.037
1/6/2020 7:36,26.006,95.33
1/6/2020 9:36,25.524,94.805
1/6/2020 11:36,25.578,95.264
1/6/2020 13:36,26.748,96.841
1/6/2020 15:36,28.373,98.298
1/6/2020 17:36,29.304,99.104
1/6/2020 19:36,29.354,99.252
1/6/2020 21:36,28.735,98.731
1/6/2020 23:36,28.112,97.834
1/7/2020 1:36,27.064,96.49
1/7/2020 3:36,26.112,95.299
1/7/2020 5:36,25.578,94.932
1/7/2020 7:36,25.898,95.835
1/7/2020 9:36,26.537,96.501
1/7/2020 11:36,25.952,95.512
1/7/2020 13:36,24.499,93.839
1/7/2020 15:36,22.912,91.951
1/7/2020 17:36,21.294,90.053
1/7/2020 19:36,19.584,88.088
1/7/2020 21:36,17.895,85.974
1/7/2020 23:36,16.587,84.593
1/8/2020 1:36,15.559,83.764
1/8/2020 3:36,14.702,82.959
1/8/2020 5:36,13.834,82.103
1/8/2020 7:36,13.458,82.447
1/8/2020 9:36,14.083,83.93
1/8/2020 11:36,15.681,86.369
1/8/2020 13:36,17.362,87.963
1/8/2020 15:36,18.54,88.881
1/8/2020 17:36,18.774,88.214
1/8/2020 19:36,18.831,88.513
1/8/2020 21:36,19.238,89.078
1/8/2020 23:36,19.872,89.917
1/9/2020 1:36,20.671,90.851
1/9/2020 3:36,21.576,91.799
1/9/2020 5:36,22.636,93.032
1/9/2020 7:36,23.628,93.778
1/9/2020 9:36,24.174,94.194
1/9/2020 11:36,25.147,95.434
1/9/2020 13:36,26.325,96.562
1/9/2020 15:36,26.377,96.264
1/9/2020 17:36,25.632,95.035
1/9/2020 19:36,25.201,94.732
1/9/2020 21:36,24.879,94.35
1/9/2020 23:36,24.717,94.182
1/10/2020 1:36,24.066,93.416
1/10/2020 3:36,22.746,91.711
1/10/2020 5:36,20.842,89.673
1/10/2020 7:36,19.121,88.24
1/10/2020 9:36,17.895,87.41
1/10/2020 11:36,17.481,87.375
1/10/2020 13:36,17.658,87.74
1/10/2020 15:36,17.065,86.564
1/10/2020 17:36,16.165,84.927
1/10/2020 19:36,14.702,83.132
1/10/2020 21:36,13.584,82.316
1/10/2020 23:36,12.7,81.359
1/11/2020 1:36,12,81.143
1/11/2020 3:36,11.161,79.869
1/11/2020 5:36,10.312,79.287
1/11/2020 7:36,9.649,78.854
1/11/2020 9:36,9.25,78.752
1/11/2020 11:36,10.179,81.123
1/11/2020 13:36,12.319,84.103
1/11/2020 15:36,14.083,85.344
1/11/2020 17:36,15.01,85.23
1/11/2020 19:36,14.146,83.13
1/11/2020 21:36,13.771,83.472
1/11/2020 23:36,14.455,84.934
1/12/2020 1:36,15.863,87.121
1/12/2020 3:36,17.541,88.712
1/12/2020 5:36,18.774,89.708
1/12/2020 7:36,19.584,90.115
1/12/2020 9:36,20.102,90.527
1/12/2020 11:36,20.955,91.611
1/12/2020 13:36,22.024,92.773
1/12/2020 15:36,22.525,92.896
1/12/2020 17:36,22.912,93.169
1/12/2020 19:36,23.133,93.322
1/12/2020 21:36,23.409,93.602
1/12/2020 23:36,23.738,93.937
1/13/2020 1:36,24.01,94.169
1/13/2020 3:36,24.228,94.368
1/13/2020 5:36,24.337,94.361
1/13/2020 7:36,24.391,94.37
1/13/2020 9:36,24.609,94.735
1/13/2020 11:36,25.255,95.593
1/13/2020 13:36,26.112,96.482
1/13/2020 15:36,26.589,96.84
1/13/2020 17:36,26.483,96.54
1/13/2020 19:36,26.589,96.675
1/13/2020 21:36,26.748,96.841
1/13/2020 23:36,27.171,97.308
1/14/2020 1:36,27.851,97.957
1/14/2020 3:36,28.164,98.241
1/14/2020 5:36,27.642,97.665
1/14/2020 7:36,26.271,95.798
1/14/2020 9:36,24.445,93.521
1/14/2020 11:36,23.299,92.536
1/14/2020 13:36,22.192,91.46
1/14/2020 15:36,20.784,89.569
1/14/2020 17:36,19.296,88.047
1/14/2020 19:36,18.306,87.639
1/14/2020 21:36,17.895,87.604
1/14/2020 23:36,17.776,87.781
1/15/2020 1:36,18.365,89.168
1/15/2020 3:36,19.353,90.201
1/15/2020 5:36,19.929,90.598
1/15/2020 7:36,19.987,90.03
1/15/2020 9:36,19.872,90.373
1/15/2020 11:36,20.158,91.014
1/15/2020 13:36,20.386,91.287
1/15/2020 15:36,20.386,91.072
1/15/2020 17:36,20.273,90.36
1/15/2020 19:36,19.699,89.603
1/15/2020 21:36,19.121,88.893
1/15/2020 23:36,18.54,88.181
1/16/2020 1:36,17.953,87.491
1/16/2020 3:36,17.303,86.744
1/16/2020 5:36,16.646,86.067
1/16/2020 7:36,16.104,85.626
1/16/2020 9:36,15.62,85.193
1/16/2020 11:36,15.559,85.575
1/16/2020 13:36,16.104,86.913
1/16/2020 15:36,16.767,87.443
1/16/2020 17:36,16.945,87.178
1/16/2020 19:36,16.767,86.813
1/16/2020 21:36,16.646,86.845
1/16/2020 23:36,16.646,86.99
1/17/2020 1:36,16.885,87.412
1/17/2020 3:36,17.362,88.156
1/17/2020 5:36,18.129,89.182
1/17/2020 7:36,19.121,90.335
1/17/2020 9:36,20.158,91.253
1/17/2020 11:36,21.182,92.217
1/17/2020 13:36,22.192,93.274
1/17/2020 15:36,23.189,94.138
1/17/2020 17:36,24.066,94.888
1/17/2020 19:36,24.771,95.447
1/17/2020 21:36,25.363,95.893
1/17/2020 23:36,25.846,96.299
1/18/2020 1:36,26.325,96.704
1/18/2020 3:36,26.748,97.1
1/18/2020 5:36,27.118,97.394
1/18/2020 7:36,26.96,97.133
1/18/2020 9:36,26.537,96.501
1/18/2020 11:36,26.112,95.963
1/18/2020 13:36,25.898,95.74
1/18/2020 15:36,25.632,95.462
1/18/2020 17:36,25.363,95.041
1/18/2020 19:36,25.041,94.612
1/18/2020 21:36,24.609,94.213
1/18/2020 23:36,24.283,93.878
1/19/2020 1:36,23.956,93.59
1/19/2020 3:36,23.628,93.206
1/19/2020 5:36,23.353,92.879
1/19/2020 7:36,23.077,92.574
1/19/2020 9:36,22.858,92.326
1/19/2020 11:36,22.636,92.149
1/19/2020 13:36,22.581,92.213
1/19/2020 15:36,22.746,92.548
1/19/2020 17:36,22.968,92.773
1/19/2020 19:36,22.968,92.773
1/19/2020 21:36,23.023,92.829
1/19/2020 23:36,23.077,92.932
1/20/2020 1:36,23.077,92.98
1/20/2020 3:36,23.023,92.829
1/20/2020 5:36,22.858,92.565
1/20/2020 7:36,22.581,92.237
1/20/2020 9:36,22.302,91.908
1/20/2020 11:36,21.967,91.619
1/20/2020 13:36,21.967,91.762
1/20/2020 15:36,22.192,92.25
1/20/2020 17:36,22.525,92.61
1/20/2020 19:36,22.636,92.699
1/20/2020 21:36,22.581,92.571
1/20/2020 23:36,22.469,92.387
1/21/2020 1:36,22.302,92.243
1/21/2020 3:36,22.192,92.178
1/21/2020 5:36,22.136,92.122
1/21/2020 7:36,22.136,92.17
1/21/2020 9:36,22.192,92.345
1/21/2020 11:36,22.469,92.793
1/21/2020 13:36,23.023,93.543
1/21/2020 15:36,23.792,94.515
1/21/2020 17:36,24.609,95.256
1/21/2020 19:36,25.147,95.765
1/21/2020 21:36,25.578,96.068
1/21/2020 23:36,25.898,96.307
1/22/2020 1:36,26.112,96.482
1/22/2020 3:36,26.325,96.657
1/22/2020 5:36,26.537,96.831
1/22/2020 7:36,26.748,97.1
1/22/2020 9:36,26.96,97.227
1/22/2020 11:36,27.223,97.528
1/22/2020 13:36,27.799,98.113
1/22/2020 15:36,28.58,98.847
1/22/2020 17:36,29.251,99.376
1/22/2020 19:36,29.714,99.755
1/22/2020 21:36,29.917,99.951
1/22/2020 23:36,29.917,100
1/23/2020 1:36,29.764,99.973
1/23/2020 3:36,29.304,99.735
1/23/2020 5:36,28.839,99.309
1/23/2020 7:36,28.528,98.955
1/23/2020 9:36,28.528,98.885
1/23/2020 11:36,28.942,99.209
1/23/2020 13:36,29.509,99.651
1/23/2020 15:36,30.072,100
1/23/2020 17:36,30.376,100
1/23/2020 19:36,30.529,100
1/23/2020 21:36,30.529,100
1/23/2020 23:36,30.429,100
1/24/2020 1:36,30.376,100
1/24/2020 3:36,30.276,100
1/24/2020 5:36,30.173,100
1/24/2020 7:36,30.123,100
1/24/2020 9:36,30.02,100
1/24/2020 11:36,30.02,100
1/24/2020 13:36,30.173,100
1/24/2020 15:36,30.376,100
1/24/2020 17:36,30.429,100
1/24/2020 19:36,30.173,100
1/24/2020 21:36,29.867,100
1/24/2020 23:36,29.714,100
1/25/2020 1:36,29.611,100
1/25/2020 3:36,29.509,100
1/25/2020 5:36,29.354,99.953
1/25/2020 7:36,29.251,99.843
1/25/2020 9:36,29.199,99.741
1/25/2020 11:36,29.251,99.726
1/25/2020 13:36,29.509,99.885
1/25/2020 15:36,29.817,100
1/25/2020 17:36,29.917,100
1/25/2020 19:36,29.817,100
1/25/2020 21:36,29.611,100
1/25/2020 23:36,29.354,99.906
1/26/2020 1:36,29.046,99.646
1/26/2020 3:36,28.839,99.403
1/26/2020 5:36,28.735,99.246
1/26/2020 7:36,28.632,99.136
1/26/2020 9:36,28.58,99.081
1/26/2020 11:36,28.632,99.089
1/26/2020 13:36,28.994,99.428
1/26/2020 15:36,29.457,99.783
1/26/2020 17:36,29.764,100
1/26/2020 19:36,29.917,100
1/26/2020 21:36,29.97,100
1/26/2020 23:36,29.917,100
1/27/2020 1:36,29.817,100
1/27/2020 3:36,29.509,100
1/27/2020 5:36,29.149,99.826
1/27/2020 7:36,28.839,99.473
1/27/2020 9:36,28.476,99.111
1/27/2020 11:36,28.269,98.844
1/27/2020 13:36,28.164,98.71
1/27/2020 15:36,28.112,98.631
1/27/2020 17:36,27.799,98.3
1/27/2020 19:36,27.381,97.858
1/27/2020 21:36,26.96,97.369
1/27/2020 23:36,26.537,96.949
1/28/2020 1:36,26.218,96.593
1/28/2020 3:36,25.846,96.251
1/28/2020 5:36,25.578,95.974
1/28/2020 7:36,25.255,95.687
1/28/2020 9:36,25.041,95.512
1/28/2020 11:36,24.987,95.551
1/28/2020 13:36,25.201,95.891
1/28/2020 15:36,25.578,96.304
1/28/2020 17:36,25.738,96.423
1/28/2020 19:36,25.632,96.218
1/28/2020 21:36,25.471,96.028
1/28/2020 23:36,25.363,95.964
1/29/2020 1:36,25.363,96.034
1/29/2020 3:36,25.471,96.098
1/29/2020 5:36,25.471,96.146
1/29/2020 7:36,25.471,96.169
1/29/2020 9:36,25.524,96.201
1/29/2020 11:36,25.686,96.438
1/29/2020 13:36,26.058,96.944
1/29/2020 15:36,26.537,97.442
1/29/2020 17:36,26.854,97.68
1/29/2020 19:36,26.854,97.587
1/29/2020 21:36,26.802,97.531
1/29/2020 23:36,26.748,97.476
1/30/2020 1:36,26.748,97.429
1/30/2020 3:36,26.695,97.374
1/30/2020 5:36,26.695,97.397
1/30/2020 7:36,26.695,97.421
1/30/2020 9:36,26.695,97.421
1/30/2020 11:36,26.802,97.578
1/30/2020 13:36,27.064,97.855
1/30/2020 15:36,27.381,98.233
1/30/2020 17:36,27.694,98.517
1/30/2020 19:36,27.851,98.636
1/30/2020 21:36,28.008,98.755
1/30/2020 23:36,28.164,98.874
1/31/2020 1:36,28.373,99.094
1/31/2020 3:36,28.632,99.323
1/31/2020 5:36,28.839,99.543
1/31/2020 7:36,29.046,99.716
1/31/2020 9:36,29.199,99.835
1/31/2020 11:36,29.354,99.953
1/31/2020 13:36,29.714,100
1/31/2020 15:36,30.072,100
1/31/2020 17:36,30.276,100
1/31/2020 19:36,30.276,100
1/31/2020 21:36,30.276,100
1/31/2020 23:36,30.173,100
2/1/2020 1:36,29.97,100
2/1/2020 3:36,29.662,100
2/1/2020 5:36,29.354,100
2/1/2020 7:36,28.942,99.979
2/1/2020 9:36,28.528,99.539
2/1/2020 11:36,28.632,99.509
2/1/2020 13:36,29.354,100
2/1/2020 15:36,30.072,100
2/1/2020 17:36,30.58,100
2/1/2020 19:36,30.834,100
2/1/2020 21:36,30.987,100
2/1/2020 23:36,31.289,100
2/2/2020 1:36,31.541,100
2/2/2020 3:36,31.692,100
2/2/2020 5:36,31.791,100
2/2/2020 7:36,31.892,100
2/2/2020 9:36,31.942,100
2/2/2020 11:36,31.942,100
2/2/2020 13:36,31.993,100
2/2/2020 15:36,31.993,100
2/2/2020 17:36,31.993,100
2/2/2020 19:36,32.043,100
2/2/2020 21:36,32.043,100
2/2/2020 23:36,32.043,100
2/3/2020 1:36,32.043,100
2/3/2020 3:36,32.043,100
2/3/2020 5:36,32.043,100
2/3/2020 7:36,32.043,100
2/3/2020 9:36,31.993,100
2/3/2020 11:36,31.39,100
2/3/2020 13:36,30.632,100
2/3/2020 15:36,29.917,100
2/3/2020 17:36,28.528,99.679
2/3/2020 19:36,26.854,96.315
2/3/2020 21:36,25.363,93.78
2/3/2020 23:36,23.956,92.251
2/4/2020 1:36,22.802,90.877
2/4/2020 3:36,21.911,90.192
2/4/2020 5:36,20.842,89.117
2/4/2020 7:36,19.929,88.55
2/4/2020 9:36,19.238,88.353
2/4/2020 11:36,19.814,90.269
2/4/2020 13:36,21.855,92.985
2/4/2020 15:36,23.077,93.979
2/4/2020 17:36,23.463,94.038
2/4/2020 19:36,23.299,93.633
2/4/2020 21:36,22.636,92.579
2/4/2020 23:36,21.911,91.85
2/5/2020 1:36,21.967,92.526
2/5/2020 3:36,21.799,92.12
2/5/2020 5:36,21.294,91.446
2/5/2020 7:36,20.955,91.372
2/5/2020 9:36,20.784,91.323
2/5/2020 11:36,21.744,93.277
2/5/2020 13:36,24.066,96.114
2/5/2020 15:36,25.846,97.66
2/5/2020 17:36,26.537,98.051
2/5/2020 19:36,26.112,97.14
2/5/2020 21:36,25.255,95.876
2/5/2020 23:36,24.445,94.9
2/6/2020 1:36,23.628,94.063
2/6/2020 3:36,22.858,93.304
2/6/2020 5:36,22.192,92.775
2/6/2020 7:36,21.967,92.955
2/6/2020 9:36,22.469,93.933
2/6/2020 11:36,23.738,95.498
2/6/2020 13:36,25.363,97.303
2/6/2020 15:36,26.695,98.404
2/6/2020 17:36,27.538,99.053
2/6/2020 19:36,27.694,99.125
2/6/2020 21:36,27.59,98.921
2/6/2020 23:36,27.064,98.323
2/7/2020 1:36,26.218,97.298
2/7/2020 3:36,25.471,96.475
2/7/2020 5:36,24.717,95.627
2/7/2020 7:36,23.846,94.665
2/7/2020 9:36,22.858,93.351
2/7/2020 11:36,21.967,92.574
2/7/2020 13:36,21.632,92.666
2/7/2020 15:36,21.182,92.098
2/7/2020 17:36,20.386,91
2/7/2020 19:36,19.353,89.577
2/7/2020 21:36,18.365,88.566
2/7/2020 23:36,17.481,87.738
2/8/2020 1:36,16.826,87.161
2/8/2020 3:36,16.165,86.631
2/8/2020 5:36,15.681,86.272
2/8/2020 7:36,15.559,86.255
2/8/2020 9:36,15.681,86.756
2/8/2020 11:36,17.004,89.114
2/8/2020 13:36,19.18,91.916
2/8/2020 15:36,21.069,93.742
2/8/2020 17:36,22.469,94.83
2/8/2020 19:36,23.189,95.177
2/8/2020 21:36,23.353,95.014
2/8/2020 23:36,23.409,94.975
2/9/2020 1:36,23.628,95.175
2/9/2020 3:36,23.846,95.397
2/9/2020 5:36,24.174,95.754
2/9/2020 7:36,24.445,95.962
2/9/2020 9:36,24.609,96.058
2/9/2020 11:36,24.987,96.587
2/9/2020 13:36,25.952,97.677
2/9/2020 15:36,26.748,98.389
2/9/2020 17:36,26.589,98.13
2/9/2020 19:36,26.112,97.375
2/9/2020 21:36,25.952,97.209
2/9/2020 23:36,25.792,96.949
2/10/2020 1:36,24.879,95.581
2/10/2020 3:36,23.738,94.151
2/10/2020 5:36,22.581,93
2/10/2020 7:36,21.855,92.51
2/10/2020 9:36,21.519,92.649
2/10/2020 11:36,22.581,94.564
2/10/2020 13:36,24.933,97.352
2/10/2020 15:36,26.695,98.73
2/10/2020 17:36,27.486,99.277
2/10/2020 19:36,27.59,99.248
2/10/2020 21:36,27.381,98.887
2/10/2020 23:36,27.064,98.416
2/11/2020 1:36,26.748,97.992
2/11/2020 3:36,26.483,97.668
2/11/2020 5:36,26.058,97.108
2/11/2020 7:36,25.792,96.878
2/11/2020 9:36,25.792,96.949
2/11/2020 11:36,26.325,97.737
2/11/2020 13:36,27.381,98.794
2/11/2020 15:36,27.851,99.173
2/11/2020 17:36,27.799,99.095
2/11/2020 19:36,27.064,98.229
2/11/2020 21:36,26.695,97.749
2/11/2020 23:36,26.431,97.519
2/12/2020 1:36,26.483,97.668
2/12/2020 3:36,26.906,98.204
2/12/2020 5:36,27.486,98.764
2/12/2020 7:36,27.59,98.945
2/12/2020 9:36,25.524,96.484
2/12/2020 11:36,23.353,93.831
2/12/2020 13:36,20.728,91.099
2/12/2020 15:36,18.423,89.225
2/12/2020 17:36,15.984,86.29
2/12/2020 19:36,13.708,84.001
2/12/2020 21:36,11.935,82.512
2/12/2020 23:36,10.639,81.43
2/13/2020 1:36,9.783,80.529
2/13/2020 3:36,9.183,80.105
2/13/2020 5:36,8.915,80.02
2/13/2020 7:36,8.645,79.985
2/13/2020 9:36,8.712,80.289
2/13/2020 11:36,9.649,82.252
2/13/2020 13:36,11.808,85.268
2/13/2020 15:36,13.206,86.213
2/13/2020 17:36,13.896,86.528
2/13/2020 19:36,13.834,86.012
2/13/2020 21:36,13.395,85.394
2/13/2020 23:36,12.954,84.92
2/14/2020 1:36,12.447,84.315
2/14/2020 3:36,11.808,83.643
2/14/2020 5:36,11.291,83.231
2/14/2020 7:36,11.161,83.603
2/14/2020 9:36,11.743,84.654
2/14/2020 11:36,13.521,87.508
2/14/2020 13:36,16.705,91.757
2/14/2020 15:36,19.411,94.028
2/14/2020 17:36,21.069,94.988
2/14/2020 19:36,21.632,94.841
2/14/2020 21:36,21.911,94.697
2/14/2020 23:36,21.911,94.461
2/15/2020 1:36,21.967,94.47
2/15/2020 3:36,22.413,94.939
2/15/2020 5:36,22.469,94.783
2/15/2020 7:36,22.968,95.472
2/15/2020 9:36,24.283,97.038
2/15/2020 11:36,25.898,98.602
2/15/2020 13:36,27.327,99.716
2/15/2020 15:36,27.327,99.809
2/15/2020 17:36,27.012,99.363
2/15/2020 19:36,26.537,98.705
2/15/2020 21:36,25.738,97.737
2/15/2020 23:36,24.445,95.938
2/16/2020 1:36,23.189,94.351
2/16/2020 3:36,22.136,93.218
2/16/2020 5:36,21.519,92.649
2/16/2020 7:36,21.238,92.583
2/16/2020 9:36,21.182,93.025
2/16/2020 11:36,21.911,94.084
2/16/2020 13:36,22.968,95.284
2/16/2020 15:36,24.445,96.853
2/16/2020 17:36,24.933,97.141
2/16/2020 19:36,24.717,96.498
2/16/2020 21:36,24.499,96.182
2/16/2020 23:36,24.499,96.229
2/17/2020 1:36,24.663,96.372
2/17/2020 3:36,24.933,96.766
2/17/2020 5:36,25.309,97.107
2/17/2020 7:36,25.686,97.448
2/17/2020 9:36,26.112,97.843
2/17/2020 11:36,26.695,98.404
2/17/2020 13:36,27.381,99.074
2/17/2020 15:36,27.538,99.286
2/17/2020 17:36,27.171,98.947
2/17/2020 19:36,26.006,97.452
2/17/2020 21:36,25.363,96.693
2/17/2020 23:36,25.255,96.676
2/18/2020 1:36,25.363,96.858
2/18/2020 3:36,24.987,96.376
2/18/2020 5:36,23.902,94.674
2/18/2020 7:36,22.858,93.565
2/18/2020 9:36,22.413,93.616
2/18/2020 11:36,22.248,93.993
2/18/2020 13:36,22.746,94.448
2/18/2020 15:36,22.302,93.67
2/18/2020 17:36,21.011,91.596
2/18/2020 19:36,19.699,89.844
2/18/2020 21:36,18.599,88.961
2/18/2020 23:36,17.836,88.417
2/19/2020 1:36,17.004,87.622
2/19/2020 3:36,16.286,86.939
2/19/2020 5:36,15.741,86.596
2/19/2020 7:36,15.377,86.374
2/19/2020 9:36,15.01,86.25
2/19/2020 11:36,15.132,87.595
2/19/2020 13:36,16.767,89.701
2/19/2020 15:36,16.945,89.153
2/19/2020 17:36,16.345,87.673
2/19/2020 19:36,15.316,86.026
2/19/2020 21:36,13.959,84.5
2/19/2020 23:36,13.017,83.76
2/20/2020 1:36,12.063,82.75
2/20/2020 3:36,11.226,82.147
2/20/2020 5:36,10.639,81.896
2/20/2020 7:36,10.377,81.934
2/20/2020 9:36,10.245,82.406
2/20/2020 11:36,12.063,86.34
2/20/2020 13:36,16.286,91.811
2/20/2020 15:36,18.774,93.46
2/20/2020 17:36,19.929,93.732
2/20/2020 19:36,19.872,92.874
2/20/2020 21:36,19.526,92.087
2/20/2020 23:36,19.296,91.815
2/21/2020 1:36,19.121,91.67
2/21/2020 3:36,19.063,91.566
2/21/2020 5:36,19.238,91.925
2/21/2020 7:36,19.872,92.874
2/21/2020 9:36,20.784,93.91
2/21/2020 11:36,23.133,96.949
2/21/2020 13:36,26.748,99.506
2/21/2020 15:36,28.632,100
2/21/2020 17:36,29.149,100
2/21/2020 19:36,28.425,100
2/21/2020 21:36,27.275,100
2/21/2020 23:36,26.112,100
2/22/2020 1:36,24.933,99.604
2/22/2020 3:36,23.738,96.578
2/22/2020 5:36,22.858,95.031
2/22/2020 7:36,22.413,94.397
2/22/2020 9:36,22.413,94.774
2/22/2020 11:36,24.609,97.697
2/22/2020 13:36,28.321,100
2/22/2020 15:36,29.867,100
2/22/2020 17:36,30.479,100
2/22/2020 19:36,30.682,100
2/22/2020 21:36,30.529,100
2/22/2020 23:36,29.406,100
2/23/2020 1:36,28.008,100
2/23/2020 3:36,27.381,100
2/23/2020 5:36,27.064,100
2/23/2020 7:36,27.381,100
2/23/2020 9:36,28.008,100
2/23/2020 11:36,29.817,100
2/23/2020 13:36,31.037,100
2/23/2020 15:36,31.44,100
2/23/2020 17:36,31.591,100
2/23/2020 19:36,31.692,100
2/23/2020 21:36,31.692,100
2/23/2020 23:36,31.692,100
2/24/2020 1:36,31.491,100
2/24/2020 3:36,29.662,100
2/24/2020 5:36,27.642,100
2/24/2020 7:36,25.792,100
2/24/2020 9:36,25.147,99.454
2/24/2020 11:36,27.694,100
2/24/2020 13:36,30.376,100
2/24/2020 15:36,31.138,100
2/24/2020 17:36,31.289,100
2/24/2020 19:36,30.58,100
2/24/2020 21:36,29.251,100
2/24/2020 23:36,28.839,100
2/25/2020 1:36,28.321,100
2/25/2020 3:36,27.381,100
2/25/2020 5:36,26.112,99.148
2/25/2020 7:36,24.01,95.894
2/25/2020 9:36,22.636,94.526
2/25/2020 11:36,24.391,97.476
2/25/2020 13:36,27.642,99.698
2/25/2020 15:36,28.269,100
2/25/2020 17:36,26.537,99.425
2/25/2020 19:36,23.518,94.756
2/25/2020 21:36,21.069,92.057
2/25/2020 23:36,19.468,90.434
2/26/2020 1:36,18.012,88.828
2/26/2020 3:36,16.885,87.895
2/26/2020 5:36,16.165,87.598
2/26/2020 7:36,16.165,88.656
2/26/2020 9:36,16.705,89.835
2/26/2020 11:36,19.121,93.09
2/26/2020 13:36,22.413,96.695
2/26/2020 15:36,24.174,97.837
2/26/2020 17:36,23.956,96.893
2/26/2020 19:36,22.968,95.143
2/26/2020 21:36,21.463,93.021
2/26/2020 23:36,19.814,91.393
2/27/2020 1:36,18.714,90.37
2/27/2020 3:36,17.895,89.795
2/27/2020 5:36,17.125,89.132
2/27/2020 7:36,16.407,88.523
2/27/2020 9:36,16.826,90.425
2/27/2020 11:36,19.468,94.014
2/27/2020 13:36,22.69,97.297
2/27/2020 15:36,24.228,98.194
2/27/2020 17:36,24.174,97.394
2/27/2020 19:36,23.846,96.618
2/27/2020 21:36,23.738,96.484
2/27/2020 23:36,23.738,96.484
2/28/2020 1:36,23.738,96.437
2/28/2020 3:36,23.738,96.39
2/28/2020 5:36,23.628,96.256
2/28/2020 7:36,23.409,95.917
2/28/2020 9:36,23.189,95.694
2/28/2020 11:36,24.825,98.104
2/28/2020 13:36,27.694,99.869
2/28/2020 15:36,28.112,100
2/28/2020 17:36,26.96,100
2/28/2020 19:36,25.471,98.301
2/28/2020 21:36,24.499,96.768
2/28/2020 23:36,23.738,95.968
2/29/2020 1:36,23.792,96.352
2/29/2020 3:36,24.553,97.268
2/29/2020 5:36,25.471,98.114
2/29/2020 7:36,26.164,98.692
2/29/2020 9:36,27.381,99.609
2/29/2020 11:36,29.559,100
2/29/2020 13:36,30.987,100
2/29/2020 15:36,31.541,100
2/29/2020 17:36,31.791,100
2/29/2020 19:36,31.842,100
2/29/2020 21:36,31.892,100
2/29/2020 23:36,31.892,100
3/1/2020 1:36,31.892,100
3/1/2020 3:36,31.892,100
3/1/2020 5:36,31.892,100
3/1/2020 7:36,31.289,100
3/1/2020 9:36,31.39,100
3/1/2020 11:36,31.842,100
3/1/2020 13:36,31.942,100
3/1/2020 15:36,32.043,100
3/1/2020 17:36,32.043,100
3/1/2020 19:36,32.043,100
3/1/2020 21:36,32.043,100
3/1/2020 23:36,32.043,100
3/2/2020 1:36,31.791,100
3/2/2020 3:36,30.987,100
3/2/2020 5:36,30.326,100
3/2/2020 7:36,29.867,100
3/2/2020 9:36,30.072,100
3/2/2020 11:36,31.692,100
3/2/2020 13:36,32.043,100
3/2/2020 15:36,32.043,100
3/2/2020 17:36,31.993,100
3/2/2020 19:36,31.993,100
3/2/2020 21:36,31.993,100
3/2/2020 23:36,31.993,100
3/3/2020 1:36,31.993,100
3/3/2020 3:36,31.993,100
3/3/2020 5:36,31.993,100
3/3/2020 7:36,31.491,100
3/3/2020 9:36,31.892,100
3/3/2020 11:36,32.092,100
3/3/2020 13:36,32.142,100
3/3/2020 15:36,32.193,100
3/3/2020 17:36,32.092,100
3/3/2020 19:36,32.043,100
3/3/2020 21:36,31.39,100
3/3/2020 23:36,30.326,100
3/4/2020 1:36,29.662,100
3/4/2020 3:36,28.891,100
3/4/2020 5:36,28.942,100
3/4/2020 7:36,29.559,100
3/4/2020 9:36,30.682,100
3/4/2020 11:36,32.043,100
3/4/2020 13:36,32.193,100
3/4/2020 15:36,32.193,100
3/4/2020 17:36,32.092,100
3/4/2020 19:36,32.043,100
3/4/2020 21:36,32.043,100
3/4/2020 23:36,32.043,100
3/5/2020 1:36,32.092,100
3/5/2020 3:36,32.092,100
3/5/2020 5:36,32.092,100
3/5/2020 7:36,32.092,100
3/5/2020 9:36,32.043,100
3/5/2020 11:36,31.892,100
3/5/2020 13:36,31.993,100
3/5/2020 15:36,32.193,100
3/5/2020 17:36,31.591,100
3/5/2020 19:36,30.529,100
3/5/2020 21:36,29.457,100
3/5/2020 23:36,28.321,100
3/6/2020 1:36,27.538,100
3/6/2020 3:36,26.748,98.249
3/6/2020 5:36,26.112,96.647
3/6/2020 7:36,25.952,96.127
3/6/2020 9:36,27.955,98.676
3/6/2020 11:36,32.542,100
3/6/2020 13:36,32.542,100
3/6/2020 15:36,32.841,100
3/6/2020 17:36,32.243,100
3/6/2020 19:36,31.993,100
3/6/2020 21:36,31.942,100
3/6/2020 23:36,31.743,100
3/7/2020 1:36,31.642,100
3/7/2020 3:36,31.491,100
3/7/2020 5:36,31.39,100
3/7/2020 7:36,31.541,100
3/7/2020 9:36,32.342,100
3/7/2020 11:36,34.907,100
3/7/2020 13:36,34.957,100
3/7/2020 15:36,36.747,100
3/7/2020 17:36,34.075,100
3/7/2020 19:36,33.237,100
3/7/2020 21:36,33.237,100
3/7/2020 23:36,32.94,100
3/8/2020 1:36,32.94,100
3/8/2020 3:36,33.138,100
3/8/2020 5:36,32.99,100
3/8/2020 7:36,33.188,100
3/8/2020 9:36,35.346,100
3/8/2020 11:36,43.396,100
3/8/2020 13:36,42.847,100
3/8/2020 15:36,42.202,100
3/8/2020 17:36,36.072,100
3/8/2020 19:36,31.791,100
3/8/2020 21:36,29.97,100
3/8/2020 23:36,27.642,100
3/9/2020 1:36,26.112,100
3/9/2020 3:36,23.956,100
3/9/2020 5:36,21.855,100
3/9/2020 7:36,21.011,100
3/9/2020 9:36,21.407,100
3/9/2020 11:36,25.898,100
3/9/2020 13:36,27.799,100
3/9/2020 15:36,27.694,100
3/9/2020 17:36,24.609,100
3/9/2020 19:36,20.557,99.824
3/9/2020 21:36,19.468,99.03
3/9/2020 23:36,18.657,97.756
3/10/2020 1:36,18.189,96.487
3/10/2020 3:36,17.658,95.71
3/10/2020 5:36,17.125,98.465
3/10/2020 7:36,18.482,98.162
3/10/2020 9:36,23.572,99.795
3/10/2020 11:36,27.538,100
3/10/2020 13:36,28.839,100
3/10/2020 15:36,30.376,100
3/10/2020 17:36,29.354,100
3/10/2020 19:36,27.799,100
3/10/2020 21:36,26.218,100
3/10/2020 23:36,24.825,99.885
3/11/2020 1:36,23.682,99.031
3/11/2020 3:36,23.792,98.726
3/11/2020 5:36,24.445,99.501
3/11/2020 7:36,27.747,100
3/11/2020 9:36,30.783,100
3/11/2020 11:36,32.392,100
3/11/2020 13:36,35.443,100
3/11/2020 15:36,36.12,100
3/11/2020 17:36,34.957,100
3/11/2020 19:36,33.435,100
3/11/2020 21:36,32.691,100
3/11/2020 23:36,32.99,100
3/12/2020 1:36,33.089,100
3/12/2020 3:36,33.138,100
3/12/2020 5:36,34.32,100
3/12/2020 7:36,34.223,100
3/12/2020 9:36,34.713,100
3/12/2020 11:36,36.361,100
3/12/2020 13:36,37.56,100
3/12/2020 15:36,37.513,100
3/12/2020 17:36,32.491,100
3/12/2020 19:36,31.44,100
3/12/2020 21:36,29.304,100
3/12/2020 23:36,27.851,100
3/13/2020 1:36,27.59,100
3/13/2020 3:36,25.898,100
3/13/2020 5:36,25.255,100
3/13/2020 7:36,24.174,100
3/13/2020 9:36,26.325,100
3/13/2020 11:36,33.386,100
3/13/2020 13:36,31.743,100
3/13/2020 15:36,30.733,100
3/13/2020 17:36,26.325,100
3/13/2020 19:36,23.299,100
3/13/2020 21:36,22.302,100
3/13/2020 23:36,21.632,100
3/14/2020 1:36,21.407,99.577
3/14/2020 3:36,21.407,99.394
3/14/2020 5:36,20.842,98.752
3/14/2020 7:36,21.182,98.716
3/14/2020 9:36,24.553,99.634
3/14/2020 11:36,33.928,97.996
3/14/2020 13:36,32.092,99.341
3/14/2020 15:36,35.685,96.055
3/14/2020 17:36,30.02,98.984
3/14/2020 19:36,26.695,99.984
3/14/2020 21:36,25.095,100
3/14/2020 23:36,24.283,100
3/15/2020 1:36,23.738,100
3/15/2020 3:36,22.69,100
3/15/2020 5:36,23.077,100
3/15/2020 7:36,22.858,99.861
3/15/2020 9:36,28.787,100
3/15/2020 11:36,42.202,78.507
3/15/2020 13:36,39.22,76.967
3/15/2020 15:36,35.589,82.458
3/15/2020 17:36,34.075,87.757
3/15/2020 19:36,32.142,91.272
3/15/2020 21:36,31.339,94.327
3/15/2020 23:36,31.188,93.965
3/16/2020 1:36,30.884,95.367
3/16/2020 3:36,30.987,96.532
3/16/2020 5:36,30.987,98.998
3/16/2020 7:36,31.39,100
3/16/2020 9:36,32.691,100
3/16/2020 11:36,31.791,100
3/16/2020 13:36,35.589,85.883
3/16/2020 15:36,36.12,78.035
3/16/2020 17:36,31.491,83.853
3/16/2020 19:36,30.529,87.965
3/16/2020 21:36,30.123,89.795
3/16/2020 23:36,29.97,90.02
3/17/2020 1:36,29.097,92.001
3/17/2020 3:36,25.686,93.398
3/17/2020 5:36,24.174,94.668
3/17/2020 7:36,24.933,95.543
3/17/2020 9:36,30.682,90.419
3/17/2020 11:36,42.202,58.559
3/17/2020 13:36,41.322,61.285
3/17/2020 15:36,41.601,62.718
3/17/2020 17:36,35.298,80.674
3/17/2020 19:36,33.681,87.147
3/17/2020 21:36,33.485,90.675
3/17/2020 23:36,33.435,93.034
3/18/2020 1:36,33.287,95.494
3/18/2020 3:36,33.534,97.216
3/18/2020 5:36,33.435,98.061
3/18/2020 7:36,33.879,99.177
3/18/2020 9:36,35.928,99.933
3/18/2020 11:36,39.36,100
3/18/2020 13:36,40.998,97.554
3/18/2020 15:36,39.549,96.794
3/18/2020 17:36,37.893,97.607
3/18/2020 19:36,35.976,98.845
3/18/2020 21:36,35.2,99.531
3/18/2020 23:36,34.713,99.927
3/19/2020 1:36,34.468,100
3/19/2020 3:36,34.272,100
3/19/2020 5:36,34.124,100
3/19/2020 7:36,34.124,100
3/19/2020 9:36,33.928,100
3/19/2020 11:36,32.043,100
3/19/2020 13:36,31.993,100
3/19/2020 15:36,31.942,100
3/19/2020 17:36,27.955,100
3/19/2020 19:36,22.746,97.538
3/19/2020 21:36,18.54,95.316
3/19/2020 23:36,16.646,93.881
3/20/2020 1:36,14.949,92.453
3/20/2020 3:36,13.143,91.079
3/20/2020 5:36,11.485,90.642
3/20/2020 7:36,10.836,89.865
3/20/2020 9:36,15.922,88.429
3/20/2020 11:36,25.471,75.824
3/20/2020 13:36,30.429,67.315
3/20/2020 15:36,32.043,63.541
3/20/2020 17:36,23.956,75.145
3/20/2020 19:36,20.615,83.409
3/20/2020 21:36,18.248,86.145
3/20/2020 23:36,16.767,87.781
3/21/2020 1:36,15.436,89.029
3/21/2020 3:36,14.641,89.294
3/21/2020 5:36,15.436,92.106
3/21/2020 7:36,20.615,95.526
3/21/2020 9:36,28.476,84.315
3/21/2020 11:36,34.124,71.461
3/21/2020 13:36,33.039,75.351
3/21/2020 15:36,32.193,76.075
3/21/2020 17:36,31.39,78.928
3/21/2020 19:36,30.479,83.769
3/21/2020 21:36,30.376,87.268
3/21/2020 23:36,30.225,90.746
3/22/2020 1:36,30.072,95.481
3/22/2020 3:36,30.376,96.914
3/22/2020 5:36,30.072,97.008
3/22/2020 7:36,31.188,97.706
3/22/2020 9:36,34.174,97.364
3/22/2020 11:36,40.485,89.004
3/22/2020 13:36,42.294,84.713
3/22/2020 15:36,42.939,80.523
3/22/2020 17:36,39.643,86.843
3/22/2020 19:36,35.103,92.79
3/22/2020 21:36,32.99,93.506
3/22/2020 23:36,30.276,96.231
3/23/2020 1:36,30.632,97.144
3/23/2020 3:36,30.326,96.953
3/23/2020 5:36,29.867,96.501
3/23/2020 7:36,29.714,97
3/23/2020 9:36,32.193,94.795
3/23/2020 11:36,39.69,83.85
3/23/2020 13:36,46.346,69.046
3/23/2020 15:36,50.092,62.138
3/23/2020 17:36,39.549,77.65
3/23/2020 19:36,33.287,87.496
3/23/2020 21:36,31.942,93.008
3/23/2020 23:36,31.842,96.138
3/24/2020 1:36,33.485,96.464
3/24/2020 3:36,33.633,96.92
3/24/2020 5:36,33.831,98.099
3/24/2020 7:36,34.419,98.812
3/24/2020 9:36,37.846,99.428
3/24/2020 11:36,42.616,100
3/24/2020 13:36,42.708,97.133
3/24/2020 15:36,42.433,98.069
3/24/2020 17:36,41.601,97.452
3/24/2020 19:36,40.298,98.03
3/24/2020 21:36,39.173,98.29
3/24/2020 23:36,35.83,97.767
3/25/2020 1:36,32.142,98.569
3/25/2020 3:36,32.443,99.68
3/25/2020 5:36,32.342,99.828
3/25/2020 7:36,31.892,99.99
3/25/2020 9:36,32.99,100
3/25/2020 11:36,33.188,97.545
3/25/2020 13:36,51.94,83.422
3/25/2020 15:36,54.909,68.487
3/25/2020 17:36,48.85,73.489
3/25/2020 19:36,44.173,77.775
3/25/2020 21:36,40.858,81.324
3/25/2020 23:36,38.606,84.123
3/26/2020 1:36,36.313,86.39
3/26/2020 3:36,33.485,89.505
3/26/2020 5:36,31.791,91.516
3/26/2020 7:36,46.391,80.578
3/26/2020 9:36,42.525,91.221
3/26/2020 11:36,69.386,83.845
3/26/2020 13:36,70.115,81.501
3/26/2020 15:36,70.201,80.722
3/26/2020 17:36,70.286,79.771
3/26/2020 19:36,70.286,79.771
3/26/2020 21:36,70.243,78.459
3/26/2020 23:36,68.657,82.165
3/27/2020 1:36,68.571,79.964
3/27/2020 3:36,68.484,75.802
3/27/2020 5:36,68.828,73.94
3/27/2020 7:36,70.286,70.63
3/27/2020 9:36,70.372,71.342
3/27/2020 11:36,70.286,63.586
3/27/2020 13:36,68.443,69.383
3/27/2020 15:36,68.4,70.434
3/27/2020 17:36,68.4,69.261
3/27/2020 19:36,68.443,69.5
3/27/2020 21:36,68.484,69.152
3/27/2020 23:36,66.515,71.78
3/28/2020 1:36,66.472,70.758
3/28/2020 3:36,66.429,70.724
3/28/2020 5:36,66.814,70.444
3/28/2020 7:36,68.443,66.666
3/28/2020 9:36,68.484,67.559
3/28/2020 11:36,68.527,66.705
3/28/2020 13:36,68.527,66.348
3/28/2020 15:36,68.571,66.857
3/28/2020 17:36,68.571,64.982
3/28/2020 19:36,68.614,64.957
3/28/2020 21:36,68.657,64.273
3/28/2020 23:36,66.6,64.794
3/29/2020 1:36,66.515,64.935
3/29/2020 3:36,66.515,63.174
3/29/2020 5:36,66.857,62.696
3/29/2020 7:36,68.571,60.104
3/29/2020 9:36,68.614,60.805
3/29/2020 11:36,68.614,60.472
3/29/2020 13:36,68.614,60.138
3/29/2020 15:36,68.571,59.039
3/29/2020 17:36,68.571,58.489
3/29/2020 19:36,68.571,58.489
3/29/2020 21:36,68.527,56.862
3/29/2020 23:36,66.515,57.031
3/30/2020 1:36,66.429,56.962
3/30/2020 3:36,66.429,56.166
3/30/2020 5:36,66.772,56.071
3/30/2020 7:36,68.443,53.862
3/30/2020 9:36,68.484,53.927
3/30/2020 11:36,68.484,53.524
3/30/2020 13:36,71.447,51.755
3/30/2020 15:36,71.791,52.127
3/30/2020 17:36,71.834,52.851
3/30/2020 19:36,71.834,52.725
3/30/2020 21:36,71.834,52.193
3/30/2020 23:36,68.614,56.008
3/31/2020 1:36,68.484,56.213
3/31/2020 3:36,68.484,55.505
3/31/2020 5:36,68.742,56.45
3/31/2020 7:36,71.704,52.934
3/31/2020 9:36,71.791,52.158
3/31/2020 11:36,71.791,51.813
3/31/2020 13:36,71.834,51.533
3/31/2020 15:36,71.834,52.6
3/31/2020 17:36,71.834,52.663
3/31/2020 19:36,71.834,52.067
3/31/2020 21:36,71.834,52.569
3/31/2020 23:36,68.657,55.642
4/1/2020 1:36,68.527,55.909
4/1/2020 3:36,68.484,56.09
4/1/2020 5:36,68.742,56.573
4/1/2020 7:36,71.748,53.438
4/1/2020 9:36,71.834,53.32
4/1/2020 11:36,71.834,53.351
4/1/2020 13:36,71.92,53.701
4/1/2020 15:36,71.92,54.138
4/1/2020 17:36,71.92,53.389
4/1/2020 19:36,71.92,54.013
4/1/2020 21:36,71.92,54.294
4/1/2020 23:36,68.698,57.613
4/2/2020 1:36,68.571,57.633
4/2/2020 3:36,68.571,57.847
4/2/2020 5:36,68.785,57.436
4/2/2020 7:36,71.834,53.819
4/2/2020 9:36,71.877,54.664
4/2/2020 11:36,71.92,53.982
4/2/2020 13:36,71.92,55.568
4/2/2020 15:36,71.964,55.448
4/2/2020 17:36,72.007,55.389
4/2/2020 19:36,72.007,55.948
4/2/2020 21:36,72.007,56.66
4/2/2020 23:36,68.742,59.693
4/3/2020 1:36,68.614,58.554
4/3/2020 3:36,68.571,57.51
4/3/2020 5:36,68.785,56.177
4/3/2020 7:36,71.791,52.566
4/3/2020 9:36,71.834,52.067
4/3/2020 11:36,72.61,51.372
4/3/2020 13:36,72.653,51.186
4/3/2020 15:36,72.696,50.842
4/3/2020 17:36,72.696,50.495
4/3/2020 19:36,72.696,50.59
4/3/2020 21:36,72.653,50.65
4/3/2020 23:36,68.871,54.175
4/4/2020 1:36,68.742,54.196
4/4/2020 3:36,68.698,54.13
4/4/2020 5:36,68.999,54.061
4/4/2020 7:36,72.48,49.847
4/4/2020 9:36,72.61,49.857
4/4/2020 11:36,72.61,49.286
4/4/2020 13:36,72.61,49.793
4/4/2020 15:36,72.653,49.353
4/4/2020 17:36,72.653,49.036
4/4/2020 19:36,72.61,49.825
4/4/2020 21:36,72.653,50.144
4/4/2020 23:36,68.871,53.461
4/5/2020 1:36,68.742,54.041
4/5/2020 3:36,68.742,53.979
4/5/2020 5:36,69.042,54.87
4/5/2020 7:36,72.523,50.735
4/5/2020 9:36,72.653,49.86
4/5/2020 11:36,72.653,50.176
4/5/2020 13:36,72.696,50.116
4/5/2020 15:36,72.653,49.353
4/5/2020 17:36,72.653,50.018
4/5/2020 19:36,72.696,50.464
4/5/2020 21:36,72.696,50.527
4/5/2020 23:36,68.913,53.837
4/6/2020 1:36,68.785,54.788
4/6/2020 3:36,68.742,54.691
4/6/2020 5:36,69.085,55.337
4/6/2020 7:36,72.61,51.781
4/6/2020 9:36,72.739,55.076
4/6/2020 11:36,72.696,59.305
4/6/2020 13:36,72.783,61.148
4/6/2020 15:36,72.955,62.107
4/6/2020 17:36,73.04,61.811
4/6/2020 19:36,72.997,63.96
4/6/2020 21:36,72.997,63.597
4/6/2020 23:36,69.085,70.27
4/7/2020 1:36,68.956,70.667
4/7/2020 3:36,68.913,70.926
4/7/2020 5:36,69.213,71.892
4/7/2020 7:36,72.869,64.279
4/7/2020 9:36,72.912,65.247
4/7/2020 11:36,72.955,65.732
4/7/2020 13:36,72.955,64.92
4/7/2020 15:36,72.997,62.718
4/7/2020 17:36,73.126,61.575
4/7/2020 19:36,73.213,61.125
4/7/2020 21:36,73.213,61.583
4/7/2020 23:36,69.085,65.569
4/8/2020 1:36,68.871,66.084
4/8/2020 3:36,68.828,65.514
4/8/2020 5:36,69.129,65.513
4/8/2020 7:36,72.869,59.473
4/8/2020 9:36,72.955,59.266
4/8/2020 11:36,73.386,55.968
4/8/2020 13:36,73.472,55.041
4/8/2020 15:36,73.515,54.202
4/8/2020 17:36,73.558,54.393
4/8/2020 19:36,73.558,54.83
4/8/2020 21:36,73.602,54.272
4/8/2020 23:36,69.256,59.251
4/9/2020 1:36,69.085,59.449
4/9/2020 3:36,69.042,59.659
4/9/2020 5:36,69.343,59.594
4/9/2020 7:36,73.472,53.04
4/9/2020 9:36,73.602,52.705
4/9/2020 11:36,73.602,52.862
4/9/2020 13:36,73.645,52.866
4/9/2020 15:36,73.602,52.297
4/9/2020 17:36,73.558,52.01
4/9/2020 19:36,73.558,51.475
4/9/2020 21:36,73.558,51.222
4/9/2020 23:36,69.213,56.243
4/10/2020 1:36,69.042,56.044
4/10/2020 3:36,68.999,56.04
4/10/2020 5:36,69.343,56.623
4/10/2020 7:36,73.429,51.56
4/10/2020 9:36,73.558,50.591
4/10/2020 11:36,73.558,51.065
4/10/2020 13:36,73.774,54.254
4/10/2020 15:36,73.731,53.406
4/10/2020 17:36,73.774,53.409
4/10/2020 19:36,73.774,52.184
4/10/2020 21:36,73.818,51.778
4/10/2020 23:36,69.256,58.059
4/11/2020 1:36,69.129,57.619
4/11/2020 3:36,69.085,58.35
4/11/2020 5:36,69.471,58.597
4/11/2020 7:36,73.645,52.52
4/11/2020 9:36,73.774,51.649
4/11/2020 11:36,73.818,51.873
4/11/2020 13:36,73.818,51.21
4/11/2020 15:36,73.818,51.967
4/11/2020 17:36,73.818,51.557
4/11/2020 19:36,73.818,51.715
4/11/2020 21:36,73.861,50.993
4/11/2020 23:36,69.3,56.65
4/12/2020 1:36,69.17,56.67
4/12/2020 3:36,69.129,57.496
4/12/2020 5:36,69.514,58.142
4/12/2020 7:36,73.688,51.926
4/12/2020 9:36,73.818,51.778
4/12/2020 11:36,73.818,51.967
4/12/2020 13:36,73.861,51.466
4/12/2020 15:36,73.861,51.687
4/12/2020 17:36,73.818,50.642
4/12/2020 19:36,73.818,50.958
4/12/2020 21:36,73.818,50.009
4/12/2020 23:36,69.256,54.918
4/13/2020 1:36,69.085,54.595
4/13/2020 3:36,69.085,54.347
4/13/2020 5:36,69.427,54.188
4/13/2020 7:36,73.602,49.2
4/13/2020 9:36,73.731,48.828
4/13/2020 11:36,73.731,48.478
4/13/2020 13:36,73.774,49.022
4/13/2020 15:36,73.386,52.877
4/13/2020 17:36,73.256,53.274
4/13/2020 19:36,73.213,53.052
4/13/2020 21:36,73.213,53.177
4/13/2020 23:36,69.042,57.673
4/14/2020 1:36,68.828,57.716
4/14/2020 3:36,68.828,57.9
4/14/2020 5:36,69.17,58.296
4/14/2020 7:36,73.04,53.101
4/14/2020 9:36,73.17,52.892
4/14/2020 11:36,73.213,52.644
4/14/2020 13:36,73.256,52.992
4/14/2020 15:36,73.256,52.302
4/14/2020 17:36,73.213,52.361
4/14/2020 19:36,73.213,52.298
4/14/2020 21:36,73.213,52.11
4/14/2020 23:36,69.042,56.721
4/15/2020 1:36,68.828,56.857
4/15/2020 3:36,68.828,56.642
4/15/2020 5:36,69.129,57.189
4/15/2020 7:36,73.04,52.065
4/15/2020 9:36,73.17,51.918
4/15/2020 11:36,73.515,50.998
4/15/2020 13:36,73.558,51.412
4/15/2020 15:36,73.602,51.289
4/15/2020 17:36,73.602,51.636
4/15/2020 19:36,73.602,51.352
4/15/2020 21:36,73.602,51.32
4/15/2020 23:36,69.256,56.339
4/16/2020 1:36,69.085,56.479
4/16/2020 3:36,69.085,56.602
4/16/2020 5:36,69.427,56.723
4/16/2020 7:36,73.429,51.938
4/16/2020 9:36,73.558,51.254
4/16/2020 11:36,73.558,51.38
4/16/2020 13:36,73.558,51.38
4/16/2020 15:36,73.558,50.938
4/16/2020 17:36,73.558,51.286
4/16/2020 19:36,73.558,51.002
4/16/2020 21:36,73.558,51.286
4/16/2020 23:36,69.3,56.496
4/17/2020 1:36,69.129,57.036
4/17/2020 3:36,69.129,56.913
4/17/2020 5:36,69.471,57.064
4/17/2020 7:36,73.429,51.843
4/17/2020 9:36,73.558,51.412
4/17/2020 11:36,72.567,54.501
4/17/2020 13:36,72.48,54.182
4/17/2020 15:36,72.523,54.778
4/17/2020 17:36,72.523,55.214
4/17/2020 19:36,72.523,55.214
4/17/2020 21:36,72.523,54.622
4/17/2020 23:36,68.956,59.255
4/18/2020 1:36,68.828,58.847
4/18/2020 3:36,68.785,59.788
4/18/2020 5:36,69.085,59.358
4/18/2020 7:36,72.48,56.048
4/18/2020 9:36,72.567,55.838
4/18/2020 11:36,72.61,54.816
4/18/2020 13:36,72.61,55.563
4/18/2020 15:36,72.653,55.566
4/18/2020 17:36,72.653,56.404
4/18/2020 19:36,72.61,56.276
4/18/2020 21:36,72.61,55.065
4/18/2020 23:36,68.999,59.32
4/19/2020 1:36,68.828,59.731
4/19/2020 3:36,68.828,59.183
4/19/2020 5:36,69.085,58.961
4/19/2020 7:36,72.394,54.674
4/19/2020 9:36,72.48,53.995
4/19/2020 11:36,72.523,53.311
4/19/2020 13:36,72.523,53.374
4/19/2020 15:36,72.523,52.246
4/19/2020 17:36,72.523,52.308
4/19/2020 19:36,72.567,53.001
4/19/2020 21:36,72.567,51.998
4/19/2020 23:36,68.956,56.868
4/20/2020 1:36,68.828,57.041
4/20/2020 3:36,68.785,57.038
4/20/2020 5:36,69.085,58.228
4/20/2020 7:36,72.48,54.494
4/20/2020 9:36,72.61,53.756
4/20/2020 11:36,73.515,57.002
4/20/2020 13:36,73.04,56.869
4/20/2020 15:36,72.997,57.391
4/20/2020 17:36,72.997,58.594
4/20/2020 19:36,72.955,57.912
4/20/2020 21:36,72.955,57.727
4/20/2020 23:36,69.085,60.301
4/21/2020 1:36,68.913,60.256
4/21/2020 3:36,68.871,60.161
4/21/2020 5:36,69.17,61.279
4/21/2020 7:36,72.739,56.813
4/21/2020 9:36,72.826,55.518
4/21/2020 11:36,72.869,54.401
4/21/2020 13:36,72.869,54.525
4/21/2020 15:36,72.869,55.179
4/21/2020 17:36,72.912,54.809
4/21/2020 19:36,72.955,54.968
4/21/2020 21:36,72.955,56.056
4/21/2020 23:36,69.085,60.423
4/22/2020 1:36,68.956,60.897
4/22/2020 3:36,68.913,60.468
4/22/2020 5:36,69.213,60.464
4/22/2020 7:36,72.826,56.48
4/22/2020 9:36,72.955,56.025
4/22/2020 11:36,72.264,54.664
4/22/2020 13:36,72.221,56.461
4/22/2020 15:36,72.264,56.65
4/22/2020 17:36,72.264,57.453
4/22/2020 19:36,72.264,57.638
4/22/2020 21:36,72.221,57.758
4/22/2020 23:36,68.785,61.305
4/23/2020 1:36,68.657,61.475
4/23/2020 3:36,68.614,61.713
4/23/2020 5:36,68.913,61.135
4/23/2020 7:36,72.05,56.601
4/23/2020 9:36,72.178,57.538
4/23/2020 11:36,72.178,58.216
4/23/2020 13:36,72.178,57.754
4/23/2020 15:36,72.221,57.079
4/23/2020 17:36,72.221,57.388
4/23/2020 19:36,72.221,57.635
4/23/2020 21:36,72.221,57.234
4/23/2020 23:36,68.828,61.581
4/24/2020 1:36,68.657,62.381
4/24/2020 3:36,68.657,62.139
4/24/2020 5:36,68.956,62.95
4/24/2020 7:36,72.093,58.239
4/24/2020 9:36,72.178,57.508
4/24/2020 11:36,72.178,51.591
4/24/2020 13:36,73.17,55.67
4/24/2020 15:36,73.17,55.141
4/24/2020 17:36,73.213,55.238
4/24/2020 19:36,73.17,55.577
4/24/2020 21:36,73.213,55.612
4/24/2020 23:36,69.17,61.037
4/25/2020 1:36,68.999,60.961
4/25/2020 3:36,68.999,61.052
4/25/2020 5:36,69.343,61.083
4/25/2020 7:36,73.083,56.222
4/25/2020 9:36,73.17,55.701
4/25/2020 11:36,73.213,54.958
4/25/2020 13:36,73.17,54.3
4/25/2020 15:36,73.17,53.424
4/25/2020 17:36,73.17,53.55
4/25/2020 19:36,73.213,53.49
4/25/2020 21:36,73.213,53.772
4/25/2020 23:36,69.085,57.86
4/26/2020 1:36,68.913,57.754
4/26/2020 3:36,68.913,57.417
4/26/2020 5:36,69.256,57.66
4/26/2020 7:36,73.083,52.916
4/26/2020 9:36,73.213,53.052
4/26/2020 11:36,73.213,53.897
4/26/2020 13:36,73.213,53.553
4/26/2020 15:36,73.213,54.771
4/26/2020 17:36,73.213,54.989
4/26/2020 19:36,73.213,54.584
4/26/2020 21:36,73.17,54.986
4/26/2020 23:36,69.085,59.845
4/27/2020 1:36,68.999,59.898
4/27/2020 3:36,68.956,59.621
4/27/2020 5:36,69.343,60.294
4/27/2020 7:36,73.126,56.412
4/27/2020 9:36,73.213,56.14
4/27/2020 11:36,73.256,55.522
4/27/2020 13:36,73.213,54.334
4/27/2020 15:36,73.256,44.796
4/27/2020 17:36,73.083,52.728
4/27/2020 19:36,73.083,52.571
4/27/2020 21:36,73.083,52.603
4/27/2020 23:36,69.085,56.878
4/28/2020 1:36,68.913,57.141
4/28/2020 3:36,68.913,57.539
4/28/2020 5:36,69.256,58.457
4/28/2020 7:36,72.997,54.598
4/28/2020 9:36,73.17,55.577
4/28/2020 11:36,73.213,55.394
4/28/2020 13:36,73.213,55.736
4/28/2020 15:36,73.213,55.86
4/28/2020 17:36,73.213,55.269
4/28/2020 19:36,73.213,55.487
4/28/2020 21:36,73.213,54.802
4/28/2020 23:36,69.17,59.457
4/29/2020 1:36,68.999,59.685
4/29/2020 3:36,68.956,59.042
4/29/2020 5:36,69.3,59.468
4/29/2020 7:36,72.955,54.501
4/29/2020 9:36,73.774,58.29
4/29/2020 11:36,73.818,59.279
4/29/2020 13:36,73.818,59.156
4/29/2020 15:36,73.818,58.541
4/29/2020 17:36,73.818,58.51
4/29/2020 19:36,73.904,57.591
4/29/2020 21:36,73.861,57.958
4/29/2020 23:36,69.343,64.098
4/30/2020 1:36,69.17,64.202
4/30/2020 3:36,69.085,63.864
4/30/2020 5:36,69.471,63.329
4/30/2020 7:36,73.645,57.074
4/30/2020 9:36,73.774,56.558
4/30/2020 11:36,73.818,56.81
4/30/2020 13:36,73.818,55.505
4/30/2020 15:36,73.861,55.446
4/30/2020 17:36,73.904,54.983
4/30/2020 19:36,73.904,54.67
4/30/2020 21:36,73.904,55.014
4/30/2020 23:36,69.343,61.265
5/1/2020 1:36,69.17,61.461
5/1/2020 3:36,69.129,62.092
5/1/2020 5:36,69.471,62.184
5/1/2020 7:36,73.731,56.058
5/1/2020 9:36,73.861,56.472
5/1/2020 11:36,73.558,55.826
5/1/2020 13:36,73.472,56.781
5/1/2020 15:36,73.515,56.94
5/1/2020 17:36,73.558,57.717
5/1/2020 19:36,73.558,58.303
5/1/2020 21:36,73.558,59.257
5/1/2020 23:36,69.386,65.269
5/2/2020 1:36,69.17,66.054
5/2/2020 3:36,69.17,65.756
5/2/2020 5:36,69.471,66.143
5/2/2020 7:36,73.299,59.634
5/2/2020 9:36,73.472,58.634
5/2/2020 11:36,73.429,56.963
5/2/2020 13:36,73.429,56.282
5/2/2020 15:36,73.429,55.411
5/2/2020 17:36,73.472,55.384
5/2/2020 19:36,73.472,54.823
5/2/2020 21:36,73.472,55.135
5/2/2020 23:36,69.256,60.954
5/3/2020 1:36,69.042,61.359
5/3/2020 3:36,68.999,61.627
5/3/2020 5:36,69.343,62.202
5/3/2020 7:36,73.213,56.109
5/3/2020 9:36,73.342,56.337
5/3/2020 11:36,73.342,56.181
5/3/2020 13:36,73.386,55.159
5/3/2020 15:36,73.386,55.097
5/3/2020 17:36,73.429,54.882
5/3/2020 19:36,73.386,54.442
5/3/2020 21:36,73.386,54.941
5/3/2020 23:36,69.213,60.191
5/4/2020 1:36,69.042,59.933
5/4/2020 3:36,68.999,60.506
5/4/2020 5:36,69.343,60.81
5/4/2020 7:36,73.213,54.397
5/4/2020 9:36,73.299,54.716
5/4/2020 11:36,73.558,54.268
5/4/2020 13:36,73.558,53.705
5/4/2020 15:36,73.558,54.331
5/4/2020 17:36,73.602,53.489
5/4/2020 19:36,73.558,53.611
5/4/2020 21:36,73.558,54.331
5/4/2020 23:36,69.213,59.552
5/5/2020 1:36,68.999,59.898
5/5/2020 3:36,68.999,60.293
5/5/2020 5:36,69.343,60.263
5/5/2020 7:36,73.386,53.723
5/5/2020 9:36,73.472,52.727
5/5/2020 11:36,73.515,52.51
5/5/2020 13:36,73.515,51.724
5/5/2020 15:36,73.515,51.629
5/5/2020 17:36,73.515,50.872
5/5/2020 19:36,73.472,51.09
5/5/2020 21:36,73.515,50.84
5/5/2020 23:36,69.129,56.759
5/6/2020 1:36,68.956,58.156
5/6/2020 3:36,68.999,58.862
5/6/2020 5:36,69.343,59.35
5/6/2020 7:36,73.386,54.129
5/6/2020 9:36,73.472,52.758
5/6/2020 11:36,73.386,52.249
5/6/2020 13:36,73.256,53.18
5/6/2020 15:36,73.299,52.399
5/6/2020 17:36,73.299,52.399
5/6/2020 19:36,73.299,51.707
5/6/2020 21:36,73.299,51.802
5/6/2020 23:36,69.17,57.162
5/7/2020 1:36,68.999,58.037
5/7/2020 3:36,68.956,57.911
5/7/2020 5:36,69.3,57.725
5/7/2020 7:36,73.17,52.201
5/7/2020 9:36,73.256,51.105
5/7/2020 11:36,73.299,50.982
5/7/2020 13:36,73.256,51.042
5/7/2020 15:36,73.256,50.347
5/7/2020 17:36,73.256,50.505
5/7/2020 19:36,73.299,49.844
5/7/2020 21:36,73.256,50.315
5/7/2020 23:36,69.085,54.688
5/8/2020 1:36,68.913,54.643
5/8/2020 3:36,68.913,54.736
5/8/2020 5:36,69.256,55.135
5/8/2020 7:36,73.083,50.113
5/8/2020 9:36,73.17,49.961
5/8/2020 11:36,73.17,49.898
5/8/2020 13:36,72.783,49.236
5/8/2020 15:36,72.696,49.673
5/8/2020 17:36,72.739,49.359
5/8/2020 19:36,72.783,49.299
5/8/2020 21:36,72.783,49.806
5/8/2020 23:36,68.956,53.53
5/9/2020 1:36,68.785,53.392
5/9/2020 3:36,68.785,54.354
5/9/2020 5:36,69.085,54.595
5/9/2020 7:36,72.653,50.492
5/9/2020 9:36,72.696,50.306
5/9/2020 11:36,72.783,50.628
5/9/2020 13:36,72.783,50.849
5/9/2020 15:36,72.783,51.259
5/9/2020 17:36,72.869,52.523
5/9/2020 19:36,72.869,52.586
5/9/2020 21:36,72.912,52.777
5/9/2020 23:36,69.085,56.878
5/10/2020 1:36,68.871,57.413
5/10/2020 3:36,68.871,57.474
5/10/2020 5:36,69.17,57.346
5/10/2020 7:36,72.653,52.224
5/10/2020 9:36,72.783,51.825
5/10/2020 11:36,72.739,51.633
5/10/2020 13:36,72.739,51.602
5/10/2020 15:36,72.739,51.57
5/10/2020 17:36,72.696,51.567
5/10/2020 19:36,72.739,51.381
5/10/2020 21:36,72.739,50.94
5/10/2020 23:36,68.913,54.674
5/11/2020 1:36,68.785,55.375
5/11/2020 3:36,68.785,55.066
5/11/2020 5:36,69.085,56.171
5/11/2020 7:36,72.567,51.305
5/11/2020 9:36,72.653,50.271
5/11/2020 11:36,72.912,51.048
5/11/2020 13:36,72.955,57.573
5/11/2020 15:36,72.912,57.816
5/11/2020 17:36,72.912,57.94
5/11/2020 19:36,72.869,58.244
5/11/2020 21:36,72.912,57.569
5/11/2020 23:36,68.999,63.796
5/12/2020 1:36,68.828,63.089
5/12/2020 3:36,68.828,63.419
5/12/2020 5:36,69.17,63.331
5/12/2020 7:36,72.783,58.606
5/12/2020 9:36,72.869,57.658
5/12/2020 11:36,72.912,58.278
5/12/2020 13:36,72.912,57.94
5/12/2020 15:36,72.955,56.924
5/12/2020 17:36,72.955,58.097
5/12/2020 19:36,72.955,57.14
5/12/2020 21:36,72.955,58.005
5/12/2020 23:36,68.999,62.653
5/13/2020 1:36,68.828,63.66
5/13/2020 3:36,68.828,62.878
5/13/2020 5:36,69.17,63.842
5/13/2020 7:36,72.826,57.963
5/13/2020 9:36,72.955,58.621
5/13/2020 11:36,72.997,57.947
5/13/2020 13:36,72.783,59.405
5/13/2020 15:36,72.739,59.952
5/13/2020 17:36,72.783,60.384
5/13/2020 19:36,72.783,61.422
5/13/2020 21:36,72.826,62.156
5/13/2020 23:36,69.17,68.219
5/14/2020 1:36,68.956,69.229
5/14/2020 3:36,68.956,69.435
5/14/2020 5:36,69.256,69.907
5/14/2020 7:36,72.567,63.919
5/14/2020 9:36,72.696,63.72
5/14/2020 11:36,72.696,63.931
5/14/2020 13:36,72.783,63.637
5/14/2020 15:36,72.783,63.365
5/14/2020 17:36,72.783,62.911
5/14/2020 19:36,72.783,62.79
5/14/2020 21:36,72.783,62.517
5/14/2020 23:36,69.129,67.238
5/15/2020 1:36,68.871,67.035
5/15/2020 3:36,68.871,66.887
5/15/2020 5:36,69.129,66.971
5/15/2020 7:36,72.523,61.977
5/15/2020 9:36,72.653,62.08
5/15/2020 11:36,72.696,61.688
5/15/2020 13:36,73.947,58.367
5/15/2020 15:36,74.034,58.312
5/15/2020 17:36,74.077,58.285
5/15/2020 19:36,74.077,57.977
5/15/2020 21:36,74.077,57.977
5/15/2020 23:36,69.427,65.572
5/16/2020 1:36,69.129,65.722
5/16/2020 3:36,69.085,65.629
5/16/2020 5:36,69.514,66.385
5/16/2020 7:36,73.731,59.087
5/16/2020 9:36,73.904,59.133
5/16/2020 11:36,73.904,59.164
5/16/2020 13:36,73.99,59.233
5/16/2020 15:36,73.99,59.233
5/16/2020 17:36,73.947,60.15
5/16/2020 19:36,73.947,60.549
5/16/2020 21:36,73.947,60.763
5/16/2020 23:36,69.427,68.54
5/17/2020 1:36,69.17,68.485
5/17/2020 3:36,69.129,68.362
5/17/2020 5:36,69.514,68.254
5/17/2020 7:36,73.774,60.288
5/17/2020 9:36,73.947,60.426
5/17/2020 11:36,73.99,60.552
5/17/2020 13:36,73.947,60.181
5/17/2020 15:36,73.947,60.181
5/17/2020 17:36,73.947,60.671
5/17/2020 19:36,73.947,60.365
5/17/2020 21:36,73.947,59.629
5/17/2020 23:36,69.343,66.933
5/18/2020 1:36,69.085,66.403
5/18/2020 3:36,69.085,66.313
5/18/2020 5:36,69.427,66.049
5/18/2020 7:36,73.731,59.149
5/18/2020 9:36,73.861,58.668
5/18/2020 11:36,73.515,58.792
5/18/2020 13:36,73.515,60.112
5/18/2020 15:36,73.515,59.345
5/18/2020 17:36,73.515,60.112
5/18/2020 19:36,73.515,59.53
5/18/2020 21:36,73.558,58.734
5/18/2020 23:36,69.3,66.988
5/19/2020 1:36,69.085,66.194
5/19/2020 3:36,68.999,65.412
5/19/2020 5:36,69.343,65.773
5/19/2020 7:36,73.299,59.634
5/19/2020 9:36,73.429,58.785
5/19/2020 11:36,73.429,58.908
5/19/2020 13:36,73.472,60.445
5/19/2020 15:36,73.558,61.309
5/19/2020 17:36,73.558,61.918
5/19/2020 19:36,73.558,62.071
5/19/2020 21:36,73.558,62.284
5/19/2020 23:36,69.386,69.508
5/20/2020 1:36,69.17,68.75
5/20/2020 3:36,69.129,69.129
5/20/2020 5:36,69.514,69.109
5/20/2020 7:36,73.386,61.293
5/20/2020 9:36,73.515,61.64
5/20/2020 11:36,72.783,62.517
5/20/2020 13:36,72.653,62.383
5/20/2020 15:36,72.696,63.841
5/20/2020 17:36,72.783,63.062
5/20/2020 19:36,72.826,63.46
5/20/2020 21:36,72.869,62.949
5/20/2020 23:36,69.17,68.78
5/21/2020 1:36,68.999,69.88
5/21/2020 3:36,68.999,69.733
5/21/2020 5:36,69.343,70.121
5/21/2020 7:36,72.696,62.448
5/21/2020 9:36,72.783,62.122
5/21/2020 11:36,72.826,62.642
5/21/2020 13:36,72.869,62.464
5/21/2020 15:36,72.869,63.555
5/21/2020 17:36,72.869,63.585
5/21/2020 19:36,72.912,63.68
5/21/2020 21:36,72.869,62.099
5/21/2020 23:36,69.213,68.814
5/22/2020 1:36,69.042,69.503
5/22/2020 3:36,68.999,70.232
5/22/2020 5:36,69.343,69.651
5/22/2020 7:36,72.696,63.175
5/22/2020 9:36,72.826,62.369
5/22/2020 11:36,72.696,62.509
5/22/2020 13:36,72.653,63.202
5/22/2020 15:36,72.653,63.414
5/22/2020 17:36,72.653,62.626
5/22/2020 19:36,72.653,63.293
5/22/2020 21:36,72.653,63.565
5/22/2020 23:36,69.042,70.031
5/23/2020 1:36,68.871,70.365
5/23/2020 3:36,68.828,69.804
5/23/2020 5:36,69.213,71.25
5/23/2020 7:36,72.48,64.875
5/23/2020 9:36,72.61,65.879
5/23/2020 11:36,72.61,65.249
5/23/2020 13:36,72.61,65.399
5/23/2020 15:36,72.61,65.369
5/23/2020 17:36,72.61,66.238
5/23/2020 19:36,72.61,65.549
5/23/2020 21:36,72.61,65.399
5/23/2020 23:36,69.085,73.041
5/24/2020 1:36,68.913,72.964
5/24/2020 3:36,68.913,73.196
5/24/2020 5:36,69.256,72.246
5/24/2020 7:36,72.48,65.626
5/24/2020 9:36,72.567,65.665
5/24/2020 11:36,72.61,66.268
5/24/2020 13:36,72.61,66.657
5/24/2020 15:36,72.61,66.448
5/24/2020 17:36,72.61,65.879
5/24/2020 19:36,72.61,66.747
5/24/2020 21:36,72.61,67.285
5/24/2020 23:36,69.129,75.241
5/25/2020 1:36,68.999,75.859
5/25/2020 3:36,68.956,75.596
5/25/2020 5:36,69.3,74.627
5/25/2020 7:36,72.48,67.123
5/25/2020 9:36,72.61,67.434
5/25/2020 11:36,72.61,67.016
5/25/2020 13:36,72.61,66.448
5/25/2020 15:36,72.61,67.523
5/25/2020 17:36,72.61,67.463
5/25/2020 19:36,72.61,67.195
5/25/2020 21:36,72.61,67.195
5/25/2020 23:36,69.129,75.213
5/26/2020 1:36,68.999,75.486
5/26/2020 3:36,68.999,75.285
5/26/2020 5:36,69.343,74.66
5/26/2020 7:36,72.437,66.76
5/26/2020 9:36,72.523,66.709
5/26/2020 11:36,72.523,66.649
5/26/2020 13:36,72.61,66.986
5/26/2020 15:36,72.61,67.404
5/26/2020 17:36,72.61,66.807
5/26/2020 19:36,72.567,66.743
5/26/2020 21:36,72.61,66.986
5/26/2020 23:36,69.17,75.534
5/27/2020 1:36,68.999,75.198
5/27/2020 3:36,68.999,75.572
5/27/2020 5:36,69.343,73.996
5/27/2020 7:36,72.437,67.476
5/27/2020 9:36,72.523,66.559
5/27/2020 11:36,73.947,64.2
5/27/2020 13:36,73.774,64.093
5/27/2020 15:36,73.731,62.482
5/27/2020 17:36,73.731,64.24
5/27/2020 19:36,73.731,63.211
5/27/2020 21:36,73.731,63.271
5/27/2020 23:36,69.3,72.716
5/28/2020 1:36,69.129,72.465
5/28/2020 3:36,69.129,72.988
5/28/2020 5:36,69.557,71.344
5/28/2020 7:36,73.558,60.851
5/28/2020 9:36,73.645,60.614
5/28/2020 11:36,73.602,58.769
5/28/2020 13:36,73.602,56.916
5/28/2020 15:36,73.602,56.296
5/28/2020 17:36,73.645,55.678
5/28/2020 19:36,73.645,56.486
5/28/2020 21:36,73.645,56.486
5/28/2020 23:36,69.085,63.113
5/29/2020 1:36,68.913,63.337
5/29/2020 3:36,68.913,63.367
5/29/2020 5:36,69.343,62.835
5/29/2020 7:36,73.515,56.102
5/29/2020 9:36,73.602,55.83
5/29/2020 11:36,73.645,55.398
5/29/2020 13:36,73.645,56.392
5/29/2020 15:36,73.645,56.113
5/29/2020 17:36,73.645,56.579
5/29/2020 19:36,73.645,56.392
5/29/2020 21:36,73.602,56.016
5/29/2020 23:36,69.042,62.567
5/30/2020 1:36,68.913,63.007
5/30/2020 3:36,68.913,63.007
5/30/2020 5:36,69.386,62.809
5/30/2020 7:36,73.472,55.508
5/30/2020 9:36,73.558,55.857
5/30/2020 11:36,73.558,53.924
5/30/2020 13:36,73.515,52.981
5/30/2020 15:36,73.515,52.887
5/30/2020 17:36,73.515,52.761
5/30/2020 19:36,73.774,52.907
5/30/2020 21:36,73.904,52.414
5/30/2020 23:36,69.213,58.972
5/31/2020 1:36,69.042,59.811
5/31/2020 3:36,69.042,60.874
5/31/2020 5:36,69.514,60.461
5/31/2020 7:36,73.731,54.906
5/31/2020 9:36,73.861,53.76
5/31/2020 11:36,73.904,53.826
5/31/2020 13:36,73.947,53.955
5/31/2020 15:36,73.99,53.927
5/31/2020 17:36,74.034,54.775
5/31/2020 19:36,74.034,55.803
5/31/2020 21:36,74.077,55.993
5/31/2020 23:36,69.427,62.602
6/1/2020 1:36,69.256,63.61
6/1/2020 3:36,69.213,63.155
6/1/2020 5:36,69.728,64.734
6/1/2020 7:36,73.99,58.185
6/1/2020 9:36,74.163,59.463
6/1/2020 11:36,74.206,59.713
6/1/2020 13:36,74.163,60.751
6/1/2020 15:36,74.163,60.751
6/1/2020 17:36,74.163,60.935
6/1/2020 19:36,74.206,60.296
6/1/2020 21:36,74.206,61.306
6/1/2020 23:36,69.6,68.646
6/2/2020 1:36,69.386,69.538
6/2/2020 3:36,69.343,69.68
6/2/2020 5:36,69.858,68.967
6/2/2020 7:36,73.99,61.653
6/2/2020 9:36,74.077,59.824
6/2/2020 11:36,74.077,59.394
6/2/2020 13:36,74.077,58.316
6/2/2020 15:36,74.12,58.752
6/2/2020 17:36,74.163,60.139
6/2/2020 19:36,74.12,60.349
6/2/2020 21:36,74.12,61.359
6/2/2020 23:36,69.514,69.933
6/3/2020 1:36,69.343,69.622
6/3/2020 3:36,69.343,69.563
6/3/2020 5:36,69.814,69.817
6/3/2020 7:36,73.904,61.614
6/3/2020 9:36,73.99,59.725
6/3/2020 11:36,74.034,58.436
6/3/2020 13:36,74.034,57.602
6/3/2020 15:36,74.077,56.086
6/3/2020 17:36,74.034,56.393
6/3/2020 19:36,74.034,55.398
6/3/2020 21:36,74.034,56.331
6/3/2020 23:36,69.343,63.317
6/4/2020 1:36,69.17,63.091
6/4/2020 3:36,69.17,62.669
6/4/2020 5:36,69.643,63.435
6/4/2020 7:36,73.861,56.658
6/4/2020 9:36,73.99,57.475
6/4/2020 11:36,74.034,58.374
6/4/2020 13:36,74.034,58.066
6/4/2020 15:36,74.034,55.927
6/4/2020 17:36,74.034,54.4
6/4/2020 19:36,74.034,55.865
6/4/2020 21:36,74.077,54.684
6/4/2020 23:36,69.343,62.202
6/5/2020 1:36,69.213,65.343
6/5/2020 3:36,69.256,66.806
6/5/2020 5:36,69.728,66.495
6/5/2020 7:36,73.947,58.336
6/5/2020 9:36,74.034,58.559
6/5/2020 11:36,73.99,57.506
6/5/2020 13:36,73.99,56.079
6/5/2020 15:36,73.947,53.642
6/5/2020 17:36,73.947,53.14
6/5/2020 19:36,73.99,53.206
6/5/2020 21:36,73.99,52.892
6/5/2020 23:36,69.3,60.29
6/6/2020 1:36,69.085,60.999
6/6/2020 3:36,69.129,61.578
6/6/2020 5:36,69.6,62.497
6/6/2020 7:36,73.818,55.754
6/6/2020 9:36,73.947,55.734
6/6/2020 11:36,73.99,54.833
6/6/2020 13:36,73.99,54.552
6/6/2020 15:36,74.034,54.806
6/6/2020 17:36,74.12,55.374
6/6/2020 19:36,74.163,55.845
6/6/2020 21:36,74.163,57.489
6/6/2020 23:36,69.471,65.487
6/7/2020 1:36,69.3,65.888
6/7/2020 3:36,69.256,65.735
6/7/2020 5:36,69.771,65.307
6/7/2020 7:36,73.904,58.887
6/7/2020 9:36,74.077,58.316
6/7/2020 11:36,74.077,58.902
6/7/2020 13:36,74.163,58.632
6/7/2020 15:36,74.206,58.728
6/7/2020 17:36,74.206,58.759
6/7/2020 19:36,74.25,58.855
6/7/2020 21:36,74.163,59.832
6/7/2020 23:36,69.557,68.11
6/8/2020 1:36,69.386,68.654
6/8/2020 3:36,69.343,68.325
6/8/2020 5:36,69.858,68.229
6/8/2020 7:36,74.034,60.954
6/8/2020 9:36,74.206,59.467
6/8/2020 11:36,74.206,59.405
6/8/2020 13:36,74.25,59.44
6/8/2020 15:36,74.25,58.207
6/8/2020 17:36,74.206,59.344
6/8/2020 19:36,74.25,58.547
6/8/2020 21:36,74.25,58.609
6/8/2020 23:36,69.471,67.124
6/9/2020 1:36,69.3,65.977
6/9/2020 3:36,69.213,65.372
6/9/2020 5:36,69.728,65.691
6/9/2020 7:36,73.947,58.983
6/9/2020 9:36,74.163,57.644
6/9/2020 11:36,74.206,58.851
6/9/2020 13:36,74.25,59.225
6/9/2020 15:36,74.25,58.793
6/9/2020 17:36,74.295,58.211
6/9/2020 19:36,74.338,58.616
6/9/2020 21:36,74.295,58.52
6/9/2020 23:36,69.514,66.891
6/10/2020 1:36,69.343,66.666
6/10/2020 3:36,69.3,66.661
6/10/2020 5:36,69.728,66.138
6/10/2020 7:36,74.034,57.416
6/10/2020 9:36,74.163,56.125
6/10/2020 11:36,74.163,55.596
6/10/2020 13:36,74.12,54.813
6/10/2020 15:36,73.17,56.694
6/10/2020 17:36,72.912,56.332
6/10/2020 19:36,72.912,56.704
6/10/2020 21:36,72.826,56.108
6/10/2020 23:36,68.999,61.415
6/11/2020 1:36,68.871,61.585
6/11/2020 3:36,68.871,62.28
6/11/2020 5:36,69.256,62.797
6/11/2020 7:36,72.739,57.863
6/11/2020 9:36,72.826,56.851
6/11/2020 11:36,72.826,55.766
6/11/2020 13:36,72.826,55.456
6/11/2020 15:36,72.826,55.114
6/11/2020 17:36,72.826,55.207
6/11/2020 19:36,72.826,55.331
6/11/2020 21:36,72.826,55.611
6/11/2020 23:36,68.999,60.931
6/12/2020 1:36,68.871,61.071
6/12/2020 3:36,68.828,60.946
6/12/2020 5:36,69.256,62.013
6/12/2020 7:36,72.696,57.335
6/12/2020 9:36,72.826,57.655
6/12/2020 11:36,72.869,58.736
6/12/2020 13:36,72.826,58.148
6/12/2020 15:36,73.04,57.333
6/12/2020 17:36,73.126,56.567
6/12/2020 19:36,73.17,56.539
6/12/2020 21:36,73.17,55.328
6/12/2020 23:36,69.17,58.205
6/13/2020 1:36,68.956,57.482
6/13/2020 3:36,68.913,57.171
6/13/2020 5:36,69.343,57.729
6/13/2020 7:36,72.912,55.027
6/13/2020 9:36,73.126,55.107
6/13/2020 11:36,73.126,55.294
6/13/2020 13:36,73.17,55.608
6/13/2020 15:36,73.17,55.67
6/13/2020 17:36,73.213,55.394
6/13/2020 19:36,73.213,54.147
6/13/2020 21:36,73.213,53.584
6/13/2020 23:36,69.256,58.304
6/14/2020 1:36,69.042,58.194
6/14/2020 3:36,68.999,58.587
6/14/2020 5:36,69.343,58.586
6/14/2020 7:36,72.955,54.158
6/14/2020 9:36,73.126,54.608
6/14/2020 11:36,73.126,54.265
6/14/2020 13:36,73.17,54.643
6/14/2020 15:36,73.213,54.989
6/14/2020 17:36,73.213,55.332
6/14/2020 19:36,73.256,55.024
6/14/2020 21:36,73.256,55.397
6/14/2020 23:36,69.343,59.959
6/15/2020 1:36,69.129,59.97
6/15/2020 3:36,69.085,58.87
6/15/2020 5:36,69.471,58.261
6/15/2020 7:36,73.04,53.602
6/15/2020 9:36,73.256,54.899
6/15/2020 11:36,73.256,55.895
6/15/2020 13:36,73.299,58.62
6/15/2020 15:36,73.386,58.041
6/15/2020 17:36,73.386,59.211
6/15/2020 19:36,73.342,58.007
6/15/2020 21:36,73.342,57.729
6/15/2020 23:36,69.386,63.381
6/16/2020 1:36,69.17,63.151
6/16/2020 3:36,69.129,62.695
6/16/2020 5:36,69.514,61.916
6/16/2020 7:36,73.04,57.95
6/16/2020 9:36,73.213,58.674
6/16/2020 11:36,73.299,59.142
6/16/2020 13:36,73.256,58.524
6/16/2020 15:36,73.299,58.712
6/16/2020 17:36,73.299,58.896
6/16/2020 19:36,73.299,59.296
6/16/2020 21:36,73.299,58.835
6/16/2020 23:36,69.343,62.202
6/17/2020 1:36,69.085,62.601
6/17/2020 3:36,69.085,61.937
6/17/2020 5:36,69.514,62.157
6/17/2020 7:36,73.04,57.148
6/17/2020 9:36,73.126,58.297
6/17/2020 11:36,73.17,59.039
6/17/2020 13:36,73.213,58.52
6/17/2020 15:36,73.213,58.489
6/17/2020 17:36,73.299,58.866
6/17/2020 19:36,73.299,58.65
6/17/2020 21:36,73.213,58.335
6/17/2020 23:36,69.343,62.956
6/18/2020 1:36,69.129,63.538
6/18/2020 3:36,69.129,63.297
6/18/2020 5:36,69.514,63.724
6/18/2020 7:36,73.04,58.751
6/18/2020 9:36,73.17,59.684
6/18/2020 11:36,73.213,58.766
6/18/2020 13:36,73.17,59.837
6/18/2020 15:36,73.213,59.534
6/18/2020 17:36,73.213,59.35
6/18/2020 19:36,73.256,59.569
6/18/2020 21:36,73.256,59.569
6/18/2020 23:36,69.386,65.21
6/19/2020 1:36,69.213,65.641
6/19/2020 3:36,69.17,64.89
6/19/2020 5:36,69.557,66.181
6/19/2020 7:36,73.04,59.458
6/19/2020 9:36,73.17,58.732
6/19/2020 11:36,73.213,58.92
6/19/2020 13:36,73.213,58.15
6/19/2020 15:36,73.213,59.319
6/19/2020 17:36,73.213,59.012
6/19/2020 19:36,73.213,58.243
6/19/2020 21:36,73.213,58.335
6/19/2020 23:36,69.3,63.283
6/20/2020 1:36,69.129,64.048
6/20/2020 3:36,69.085,62.962
6/20/2020 5:36,69.471,62.395
6/20/2020 7:36,72.997,57.144
6/20/2020 9:36,73.126,57.958
6/20/2020 11:36,73.17,57.529
6/20/2020 13:36,73.17,58.208
6/20/2020 15:36,73.213,58.828
6/20/2020 17:36,73.213,58.15
6/20/2020 19:36,73.213,57.996
6/20/2020 21:36,73.213,58.458
6/20/2020 23:36,69.343,64.398
6/21/2020 1:36,69.17,65.398
6/21/2020 3:36,69.17,65.368
6/21/2020 5:36,69.6,65.439
6/21/2020 7:36,73.126,59.127
6/21/2020 9:36,73.213,60.025
6/21/2020 11:36,73.213,59.135
6/21/2020 13:36,73.213,59.595
6/21/2020 15:36,73.256,59.292
6/21/2020 17:36,73.299,58.866
6/21/2020 19:36,73.299,59.265
6/21/2020 21:36,73.299,59.388
6/21/2020 23:36,69.427,65.632
6/22/2020 1:36,69.256,66.181
6/22/2020 3:36,69.17,65.458
6/22/2020 5:36,69.557,64.658
6/22/2020 7:36,73.04,58.166
6/22/2020 9:36,73.126,57.279
6/22/2020 11:36,73.126,57.093
6/22/2020 13:36,73.17,56.756
6/22/2020 15:36,73.17,56.911
6/22/2020 17:36,73.213,57.193
6/22/2020 19:36,73.213,56.945
6/22/2020 21:36,73.213,56.047
6/22/2020 23:36,69.256,60.681
6/23/2020 1:36,69.129,61.79
6/23/2020 3:36,69.085,62.329
6/23/2020 5:36,69.514,63.243
6/23/2020 7:36,73.083,58.201
6/23/2020 9:36,73.213,57.965
6/23/2020 11:36,73.213,56.636
6/23/2020 13:36,73.213,56.078
6/23/2020 15:36,73.213,55.643
6/23/2020 17:36,73.213,55.487
6/23/2020 19:36,73.256,57.413
6/23/2020 21:36,73.299,57.355
6/23/2020 23:36,69.343,62.896
6/24/2020 1:36,69.213,64.056
6/24/2020 3:36,69.17,63.632
6/24/2020 5:36,69.6,64.422
6/24/2020 7:36,73.126,58.974
6/24/2020 9:36,73.213,58.427
6/24/2020 11:36,73.213,57.595
6/24/2020 13:36,73.213,56.791
6/24/2020 15:36,73.256,56.422
6/24/2020 17:36,73.256,56.515
6/24/2020 19:36,73.299,54.872
6/24/2020 21:36,73.299,56.643
6/24/2020 23:36,69.386,63.08
6/25/2020 1:36,69.213,63.305
6/25/2020 3:36,69.213,63.786
6/25/2020 5:36,69.6,64.302
6/25/2020 7:36,73.126,58.019
6/25/2020 9:36,73.213,57.718
6/25/2020 11:36,73.213,57.378
6/25/2020 13:36,73.256,56.794
6/25/2020 15:36,73.299,57.972
6/25/2020 17:36,73.342,58.099
6/25/2020 19:36,73.342,57.204
6/25/2020 21:36,73.342,57.235
6/25/2020 23:36,69.427,64.076
6/26/2020 1:36,69.256,65.078
6/26/2020 3:36,69.256,64.48
6/26/2020 5:36,69.685,64.939
6/26/2020 7:36,73.213,60.514
6/26/2020 9:36,73.299,60.002
6/26/2020 11:36,73.299,59.542
6/26/2020 13:36,73.299,59.05
6/26/2020 15:36,73.342,58.716
6/26/2020 17:36,73.342,59.054
6/26/2020 19:36,73.342,59.637
6/26/2020 21:36,73.342,59.115
6/26/2020 23:36,69.427,65.303
6/27/2020 1:36,69.213,65.641
6/27/2020 3:36,69.213,65.343
6/27/2020 5:36,69.6,65.917
6/27/2020 7:36,73.126,60.568
6/27/2020 9:36,73.213,59.381
6/27/2020 11:36,73.256,59.753
6/27/2020 13:36,73.256,59.323
6/27/2020 15:36,73.256,59.2
6/27/2020 17:36,73.299,59.173
6/27/2020 19:36,73.299,59.081
6/27/2020 21:36,73.299,59.265
6/27/2020 23:36,69.386,64.582
6/28/2020 1:36,69.256,65.197
6/28/2020 3:36,69.213,66.267
6/28/2020 5:36,69.6,66.364
6/28/2020 7:36,73.126,60.323
6/28/2020 9:36,73.256,59.476
6/28/2020 11:36,73.256,59.169
6/28/2020 13:36,73.256,59.446
6/28/2020 15:36,73.299,58.927
6/28/2020 17:36,73.299,59.019
6/28/2020 19:36,73.299,58.958
6/28/2020 21:36,73.299,59.327
6/28/2020 23:36,69.386,65.747
6/29/2020 1:36,69.213,66.207
6/29/2020 3:36,69.17,66.054
6/29/2020 5:36,69.557,65.644
6/29/2020 7:36,73.083,60.656
6/29/2020 9:36,72.696,63.387
6/29/2020 11:36,72.653,63.716
6/29/2020 13:36,72.696,63.539
6/29/2020 15:36,72.696,63.297
6/29/2020 17:36,72.869,63.766
6/29/2020 19:36,72.869,63.585
6/29/2020 21:36,72.869,64.129
6/29/2020 23:36,69.17,69.722
6/30/2020 1:36,69.042,70.53
6/30/2020 3:36,68.999,70.144
6/30/2020 5:36,69.471,70.398
6/30/2020 7:36,72.696,64.595
6/30/2020 9:36,72.826,63.792
6/30/2020 11:36,72.826,64.064
6/30/2020 13:36,72.826,64.788
6/30/2020 15:36,72.826,63.581
6/30/2020 17:36,72.869,63.676
6/30/2020 19:36,72.826,64.486
6/30/2020 21:36,72.869,64.219
6/30/2020 23:36,69.17,70.133
7/1/2020 1:36,69.042,70.237
7/1/2020 3:36,68.999,69.851
7/1/2020 5:36,69.514,69.05
7/1/2020 7:36,72.696,64.022
7/1/2020 9:36,72.783,64.03
7/1/2020 11:36,72.783,63.788
7/1/2020 13:36,72.826,64.034
7/1/2020 15:36,72.826,64.336
7/1/2020 17:36,72.869,63.645
7/1/2020 19:36,72.869,63.947
7/1/2020 21:36,72.869,64.038
7/1/2020 23:36,69.213,69.138
7/2/2020 1:36,69.042,69.385
7/2/2020 3:36,69.042,69.444
7/2/2020 5:36,69.427,69.307
7/2/2020 7:36,72.696,63.78
7/2/2020 9:36,72.783,63.335
7/2/2020 11:36,72.826,63.036
7/2/2020 13:36,72.826,63.853
7/2/2020 15:36,72.869,63.676
7/2/2020 17:36,72.912,63.105
7/2/2020 19:36,72.912,62.832
7/2/2020 21:36,72.912,62.65
7/2/2020 23:36,69.213,68.814
7/3/2020 1:36,69.085,68.83
7/3/2020 3:36,69.042,69.267
7/3/2020 5:36,69.514,69.139
7/3/2020 7:36,72.739,62.725
7/3/2020 9:36,72.826,62.612
7/3/2020 11:36,72.869,62.949
7/3/2020 13:36,72.869,63.403
7/3/2020 15:36,72.869,63.373
7/3/2020 17:36,72.912,62.801
7/3/2020 19:36,72.955,62.623
7/3/2020 21:36,72.912,62.619
7/3/2020 23:36,69.256,69.407
7/4/2020 1:36,69.085,69.419
7/4/2020 3:36,69.085,69.154
7/4/2020 5:36,69.514,68.342
7/4/2020 7:36,72.783,63.607
7/4/2020 9:36,72.869,63.252
7/4/2020 11:36,72.869,63.313
7/4/2020 13:36,72.869,62.798
7/4/2020 15:36,72.869,63.07
7/4/2020 17:36,72.912,62.103
7/4/2020 19:36,72.955,63.078
7/4/2020 21:36,72.912,62.437
7/4/2020 23:36,69.213,68.843
7/5/2020 1:36,69.085,68.417
7/5/2020 3:36,69.085,69.242
7/5/2020 5:36,69.514,68.165
7/5/2020 7:36,72.783,62.911
7/5/2020 9:36,72.869,63.131
7/5/2020 11:36,72.955,62.866
7/5/2020 13:36,72.912,62.983
7/5/2020 15:36,72.955,63.381
7/5/2020 17:36,72.955,62.684
7/5/2020 19:36,72.955,62.411
7/5/2020 21:36,72.955,63.078
7/5/2020 23:36,69.256,68.582
7/6/2020 1:36,69.085,68.358
7/6/2020 3:36,69.042,68.324
7/6/2020 5:36,69.514,68.667
7/6/2020 7:36,72.783,62.971
7/6/2020 9:36,72.869,63.191
7/6/2020 11:36,72.955,63.018
7/6/2020 13:36,72.955,63.048
7/6/2020 15:36,72.955,62.836
7/6/2020 17:36,72.955,63.26
7/6/2020 19:36,72.955,62.441
7/6/2020 21:36,72.955,63.23
7/6/2020 23:36,69.256,68.641
7/7/2020 1:36,69.085,69.125
7/7/2020 3:36,69.042,68.678
7/7/2020 5:36,69.514,68.431
7/7/2020 7:36,72.783,62.608
7/7/2020 9:36,72.869,62.585
7/7/2020 11:36,73.818,61.149
7/7/2020 13:36,75.333,58.052
7/7/2020 15:36,75.376,57.932
7/7/2020 17:36,74.597,59.316
7/7/2020 19:36,74.597,59.162
7/7/2020 21:36,74.597,58.946
7/7/2020 23:36,69.771,67.302
7/8/2020 1:36,69.514,67.573
7/8/2020 3:36,69.514,67.247
7/8/2020 5:36,69.985,67.264
7/8/2020 7:36,74.381,59.759
7/8/2020 9:36,74.511,59.278
7/8/2020 11:36,74.554,59.128
7/8/2020 13:36,74.554,59.343
7/8/2020 15:36,74.554,58.789
7/8/2020 17:36,74.597,58.268
7/8/2020 19:36,74.597,58.268
7/8/2020 21:36,74.597,58.299
7/8/2020 23:36,69.771,66.5
7/9/2020 1:36,69.514,67.425
7/9/2020 3:36,69.471,67.094
7/9/2020 5:36,70.029,67.268
7/9/2020 7:36,74.381,59.451
7/9/2020 9:36,74.511,59.216
7/9/2020 11:36,74.554,58.295
7/9/2020 13:36,74.856,58.537
7/9/2020 15:36,74.727,59.327
7/9/2020 17:36,74.727,58.279
7/9/2020 19:36,74.77,59.054
7/9/2020 21:36,74.727,58.093
7/9/2020 23:36,69.814,66.831
7/10/2020 1:36,69.557,66.538
7/10/2020 3:36,69.514,66.534
7/10/2020 5:36,70.029,67.06
7/10/2020 7:36,74.424,58.346
7/10/2020 9:36,74.597,58.082
7/10/2020 11:36,74.64,58.179
7/10/2020 13:36,74.597,57.649
7/10/2020 15:36,74.597,58.36
7/10/2020 17:36,74.64,57.653
7/10/2020 19:36,74.683,57.719
7/10/2020 21:36,74.683,58.46
7/10/2020 23:36,69.771,66.38
7/11/2020 1:36,69.557,66.568
7/11/2020 3:36,69.514,66.266
7/11/2020 5:36,69.985,66.788
7/11/2020 7:36,74.467,58.935
7/11/2020 9:36,74.597,57.68
7/11/2020 11:36,74.64,58.024
7/11/2020 13:36,74.683,58.306
7/11/2020 15:36,74.683,57.997
7/11/2020 17:36,74.683,57.471
7/11/2020 19:36,74.683,57.626
7/11/2020 21:36,74.683,57.688
7/11/2020 23:36,69.771,66.202
7/12/2020 1:36,69.514,66.653
7/12/2020 3:36,69.514,65.968
7/12/2020 5:36,70.029,65.899
7/12/2020 7:36,74.467,57.948
7/12/2020 9:36,74.554,58.11
7/12/2020 11:36,74.554,56.902
7/12/2020 13:36,74.597,56.812
7/12/2020 15:36,74.597,57.185
7/12/2020 17:36,74.64,57.002
7/12/2020 19:36,74.64,57.033
7/12/2020 21:36,74.683,56.944
7/12/2020 23:36,69.771,65.396
7/13/2020 1:36,69.514,65.73
7/13/2020 3:36,69.514,66.236
7/13/2020 5:36,69.985,66.491
7/13/2020 7:36,74.424,58.346
7/13/2020 9:36,74.597,57.711
7/13/2020 11:36,74.554,58.326
7/13/2020 13:36,74.424,57.851
7/13/2020 15:36,74.856,57.578
7/13/2020 17:36,74.813,57.76
7/13/2020 19:36,74.77,57.757
7/13/2020 21:36,74.77,57.602
7/13/2020 23:36,69.814,65.46
7/14/2020 1:36,69.6,66.393
7/14/2020 3:36,69.557,65.943
7/14/2020 5:36,70.115,66.265
7/14/2020 7:36,74.597,58.144
7/14/2020 9:36,74.683,57.966
7/14/2020 11:36,74.727,57.722
7/14/2020 13:36,74.77,58.035
7/14/2020 15:36,74.77,57.757
7/14/2020 17:36,74.77,57.447
7/14/2020 19:36,74.77,57.973
7/14/2020 21:36,74.727,57.134
7/14/2020 23:36,69.771,65.127
7/15/2020 1:36,69.557,65.674
7/15/2020 3:36,69.514,65.61
7/15/2020 5:36,70.072,65.963
7/15/2020 7:36,74.511,58.199
7/15/2020 9:36,74.64,57.901
7/15/2020 11:36,74.64,56.599
7/15/2020 13:36,74.597,56.036
7/15/2020 15:36,75.029,55.666
7/15/2020 17:36,74.899,55.125
7/15/2020 19:36,74.899,55.281
7/15/2020 21:36,74.899,55.749
7/15/2020 23:36,69.685,63.68
7/16/2020 1:36,69.514,64.414
7/16/2020 3:36,69.471,64.71
7/16/2020 5:36,70.158,65.134
7/16/2020 7:36,74.727,57.04
7/16/2020 9:36,74.813,56.489
7/16/2020 11:36,74.813,55.461
7/16/2020 13:36,74.856,55.215
7/16/2020 15:36,74.899,55.375
7/16/2020 17:36,74.943,55.939
7/16/2020 19:36,74.943,56.437
7/16/2020 21:36,74.943,56.188
7/16/2020 23:36,69.771,64.378
7/17/2020 1:36,69.557,65.256
7/17/2020 3:36,69.514,65.521
7/17/2020 5:36,70.201,65.348
7/17/2020 7:36,74.856,62.402
7/17/2020 9:36,74.381,63.847
7/17/2020 11:36,74.338,64.387
7/17/2020 13:36,73.861,65.338
7/17/2020 15:36,73.083,67.361
7/17/2020 17:36,73.04,67.655
7/17/2020 19:36,73.126,67.962
7/17/2020 21:36,73.256,68.362
7/17/2020 23:36,69.17,78.562
7/18/2020 1:36,68.999,78.855
7/18/2020 3:36,68.913,78.674
7/18/2020 5:36,69.557,76.954
7/18/2020 7:36,72.955,69.4
7/18/2020 9:36,73.04,68.994
7/18/2020 11:36,73.04,67.923
7/18/2020 13:36,73.083,69.057
7/18/2020 15:36,73.083,68.255
7/18/2020 17:36,73.17,68.472
7/18/2020 19:36,73.126,68.497
7/18/2020 21:36,73.126,69.002
7/18/2020 23:36,69.085,78.325
7/19/2020 1:36,68.956,78.594
7/19/2020 3:36,68.913,78.674
7/19/2020 5:36,69.514,76.662
7/19/2020 7:36,72.955,69.044
7/19/2020 9:36,72.997,67.77
7/19/2020 11:36,72.997,67.681
7/19/2020 13:36,72.997,67.681
7/19/2020 15:36,72.997,66.605
7/19/2020 17:36,72.955,66.9
7/19/2020 19:36,72.997,67.711
7/19/2020 21:36,72.997,67.889
7/19/2020 23:36,69.042,76.466
7/20/2020 1:36,68.913,76.366
7/20/2020 3:36,68.871,77.304
7/20/2020 5:36,69.471,75.107
7/20/2020 7:36,72.826,68.556
7/20/2020 9:36,72.912,66.956
7/20/2020 11:36,73.429,66.917
7/20/2020 13:36,74.206,65.07
7/20/2020 15:36,74.206,64.042
7/20/2020 17:36,74.25,64.5
7/20/2020 19:36,74.25,64.802
7/20/2020 21:36,74.25,64.046
7/20/2020 23:36,69.6,74.429
7/21/2020 1:36,69.471,75.078
7/21/2020 3:36,69.427,74.814
7/21/2020 5:36,70.158,74.085
7/21/2020 7:36,74.163,64.915
7/21/2020 9:36,74.25,64.983
7/21/2020 11:36,74.25,65.043
7/21/2020 13:36,74.295,64.867
7/21/2020 15:36,74.295,64.474
7/21/2020 17:36,74.338,64.297
7/21/2020 19:36,74.338,64.418
7/21/2020 21:36,74.338,64.176
7/21/2020 23:36,69.6,74.458
7/22/2020 1:36,69.427,73.455
7/22/2020 3:36,69.386,72.754
7/22/2020 5:36,70.072,71.836
7/22/2020 7:36,74.12,63.641
7/22/2020 9:36,74.206,62.951
7/22/2020 11:36,74.25,62.377
7/22/2020 13:36,72.437,66.73
7/22/2020 15:36,72.351,66.662
7/22/2020 17:36,72.178,67.867
7/22/2020 19:36,72.136,67.714
7/22/2020 21:36,72.136,68.724
7/22/2020 23:36,69.085,75.093
7/23/2020 1:36,68.999,75.256
7/23/2020 3:36,68.956,74.531
7/23/2020 5:36,69.427,74.121
7/23/2020 7:36,72.007,69.126
7/23/2020 9:36,72.093,68.957
7/23/2020 11:36,72.093,68.779
7/23/2020 13:36,72.136,68.784
7/23/2020 15:36,72.136,69.494
7/23/2020 17:36,72.178,69.232
7/23/2020 19:36,72.178,69.114
7/23/2020 21:36,72.178,69.173
7/23/2020 23:36,69.17,76.709
7/24/2020 1:36,69.085,77.3
7/24/2020 3:36,69.042,77.181
7/24/2020 5:36,69.514,75.745
7/24/2020 7:36,72.093,70.641
7/24/2020 9:36,72.136,70.439
7/24/2020 11:36,72.178,70.532
7/24/2020 13:36,72.178,69.499
7/24/2020 15:36,72.178,69.853
7/24/2020 17:36,72.178,69.587
7/24/2020 19:36,72.221,69.562
7/24/2020 21:36,72.178,69.942
7/24/2020 23:36,69.213,77.429
7/25/2020 1:36,69.085,77.414
7/25/2020 3:36,69.042,77.295
7/25/2020 5:36,69.514,76.147
7/25/2020 7:36,72.093,70.287
7/25/2020 9:36,72.136,69.317
7/25/2020 11:36,72.178,69.646
7/25/2020 13:36,72.178,69.617
7/25/2020 15:36,72.178,69.203
7/25/2020 17:36,72.221,70.005
7/25/2020 19:36,72.221,69.266
7/25/2020 21:36,72.221,70.035
7/25/2020 23:36,69.17,76.738
7/26/2020 1:36,69.042,77.038
7/26/2020 3:36,69.042,77.58
7/26/2020 5:36,69.514,76.089
7/26/2020 7:36,72.093,70.464
7/26/2020 9:36,72.178,69.262
7/26/2020 11:36,72.178,69.824
7/26/2020 13:36,72.178,69.853
7/26/2020 15:36,72.178,69.44
7/26/2020 17:36,72.178,69.203
7/26/2020 19:36,72.178,70.089
7/26/2020 21:36,72.178,68.936
7/26/2020 23:36,69.129,76.361
7/27/2020 1:36,68.999,75.802
7/27/2020 3:36,68.999,75.543
7/27/2020 5:36,69.427,74.41
7/27/2020 7:36,72.05,68.508
7/27/2020 9:36,72.093,68.987
7/27/2020 11:36,72.093,68.601
7/27/2020 13:36,72.136,67.655
7/27/2020 15:36,72.136,66.701
7/27/2020 17:36,72.178,66.705
7/27/2020 19:36,72.178,67.719
7/27/2020 21:36,72.178,67.212
7/27/2020 23:36,69.085,74.459
7/28/2020 1:36,68.999,74.709
7/28/2020 3:36,68.999,75.054
7/28/2020 5:36,69.471,74.645
7/28/2020 7:36,72.093,69.519
7/28/2020 9:36,72.178,69.499
7/28/2020 11:36,72.178,68.907
7/28/2020 13:36,72.178,68.996
7/28/2020 15:36,72.178,69.38
7/28/2020 17:36,72.221,68.822
7/28/2020 19:36,72.178,67.897
7/28/2020 21:36,72.178,67.957
7/28/2020 23:36,69.129,75.126
7/29/2020 1:36,69.042,74.396
7/29/2020 3:36,68.999,74.795
7/29/2020 5:36,69.514,73.464
7/29/2020 7:36,72.093,68.928
7/29/2020 9:36,75.594,57.671
7/29/2020 11:36,83.154,57.868
7/29/2020 13:36,83.824,42.906
7/29/2020 14:56,,
7/29/2020 14:56,,
7/29/2020 14:57,,
