"Date Time, GMT-05:00","Temp, °F (LGR S/N: 10431408, SEN S/N: 10431408)","RH, % (LGR S/N: 10431408, SEN S/N: 10431408)"
4/8/2020 13:11,73.818,24.457
4/8/2020 13:12,,
4/8/2020 14:11,70.243,60.069
4/8/2020 15:11,70.201,64.809
4/8/2020 16:11,70.286,57.133
4/8/2020 17:11,70.243,62.556
4/8/2020 18:11,70.243,62.285
4/8/2020 19:11,70.286,56.64
4/8/2020 20:11,70.243,62.768
4/8/2020 21:11,70.286,62.319
4/8/2020 22:11,70.286,56.116
4/8/2020 23:11,68.871,60.221
4/9/2020 0:11,68.142,58.33
4/9/2020 1:11,68.013,59.386
4/9/2020 2:11,68.013,62.863
4/9/2020 3:11,67.971,63.879
4/9/2020 4:11,67.971,62.016
4/9/2020 5:11,67.971,59.929
4/9/2020 6:11,67.971,59.169
4/9/2020 7:11,69.728,60.358
4/9/2020 8:11,70.201,58.783
4/9/2020 9:11,70.201,58.722
4/9/2020 10:11,70.286,58.331
4/9/2020 11:11,70.329,54.757
4/9/2020 12:11,70.286,61.228
4/9/2020 13:11,70.286,54.35
4/9/2020 14:11,70.286,61.107
4/9/2020 15:11,70.286,57.348
4/9/2020 16:11,70.243,57.037
4/9/2020 17:11,70.286,58.453
4/9/2020 18:11,70.243,59.55
4/9/2020 19:11,70.286,56.794
4/9/2020 20:11,70.243,60.16
4/9/2020 21:11,70.286,52.887
4/9/2020 22:11,70.243,58.266
4/9/2020 23:11,68.871,55.166
4/10/2020 0:11,68.099,57.654
4/10/2020 1:11,68.013,61.236
4/10/2020 2:11,68.013,56.605
4/10/2020 3:11,67.971,60.596
4/10/2020 4:11,68.013,57.034
4/10/2020 5:11,67.971,60.324
4/10/2020 6:11,67.971,57.582
4/10/2020 7:11,69.771,54.278
4/10/2020 8:11,70.115,55.669
4/10/2020 9:11,70.243,54.657
4/10/2020 10:11,70.201,58.599
4/10/2020 11:11,70.201,59.302
4/10/2020 12:11,70.243,52.258
4/10/2020 13:11,70.243,53.943
4/10/2020 14:11,69.985,63.497
4/10/2020 15:11,69.942,59.829
4/10/2020 16:11,69.942,57.534
4/10/2020 17:11,69.901,63.399
4/10/2020 18:11,69.901,62.947
4/10/2020 19:11,69.985,60.381
4/10/2020 20:11,69.985,57.692
4/10/2020 21:11,69.985,55.658
4/10/2020 22:11,69.985,55.008
4/10/2020 23:11,68.785,60.699
4/11/2020 0:11,68.142,56.799
4/11/2020 1:11,68.056,61.451
4/11/2020 2:11,67.971,62.137
4/11/2020 3:11,68.013,56.727
4/11/2020 4:11,68.013,58.136
4/11/2020 5:11,68.013,61.115
4/11/2020 6:11,67.971,62.889
4/11/2020 7:11,69.514,60.461
4/11/2020 8:11,69.901,58.91
4/11/2020 9:11,69.985,56.769
4/11/2020 10:11,69.985,53.86
4/11/2020 11:11,69.942,61.41
4/11/2020 12:11,69.985,58.55
4/11/2020 13:11,70.029,56.711
4/11/2020 14:11,70.029,55.476
4/11/2020 15:11,69.985,54.76
4/11/2020 16:11,69.942,60.863
4/11/2020 17:11,69.942,60.134
4/11/2020 18:11,69.985,59.284
4/11/2020 19:11,70.029,57.849
4/11/2020 20:11,70.029,56.896
4/11/2020 21:11,70.029,57.542
4/11/2020 22:11,70.029,56.156
4/11/2020 23:11,68.785,59.819
4/12/2020 0:11,68.142,58.086
4/12/2020 1:11,68.056,58.598
4/12/2020 2:11,68.013,61.417
4/12/2020 3:11,68.013,58.746
4/12/2020 4:11,68.056,56.393
4/12/2020 5:11,68.056,59.997
4/12/2020 6:11,68.013,62.141
4/12/2020 7:11,69.6,54.574
4/12/2020 8:11,69.858,58.845
4/12/2020 9:11,69.942,60.499
4/12/2020 10:11,69.942,60.651
4/12/2020 11:11,69.985,60.229
4/12/2020 12:11,69.985,60.928
4/12/2020 13:11,69.985,60.138
4/12/2020 14:11,70.029,57.818
4/12/2020 15:11,70.029,57.511
4/12/2020 16:11,70.029,58.737
4/12/2020 17:11,70.029,57.634
4/12/2020 18:11,70.029,55.476
4/12/2020 19:11,70.029,53.832
4/12/2020 20:11,69.985,59.162
4/12/2020 21:11,69.942,59.738
4/12/2020 22:11,69.985,56.584
4/12/2020 23:11,68.785,59.057
4/13/2020 0:11,68.142,57.382
4/13/2020 1:11,68.056,54.327
4/13/2020 2:11,67.971,56.232
4/13/2020 3:11,67.971,55.37
4/13/2020 4:11,67.971,57.98
4/13/2020 5:11,67.928,57.884
4/13/2020 6:11,67.928,57.548
4/13/2020 7:11,69.471,56.387
4/13/2020 8:11,69.771,56.289
4/13/2020 9:11,69.901,53.418
4/13/2020 10:11,69.901,55.342
4/13/2020 11:11,69.901,56.577
4/13/2020 12:11,69.942,52.891
4/13/2020 13:11,69.858,56.82
4/13/2020 14:11,69.942,55.995
4/13/2020 15:11,69.985,51.581
4/13/2020 16:11,70.286,61.319
4/13/2020 17:11,70.286,57.287
4/13/2020 18:11,70.201,62.401
4/13/2020 19:11,70.243,57.99
4/13/2020 20:11,70.243,55.029
4/13/2020 21:11,70.243,58.878
4/13/2020 22:11,70.201,61.827
4/13/2020 23:11,68.828,59.914
4/14/2020 0:11,68.056,59.754
4/14/2020 1:11,67.928,62.735
4/14/2020 2:11,67.928,58.769
4/14/2020 3:11,67.885,62.551
4/14/2020 4:11,67.885,58.949
4/14/2020 5:11,67.842,62.607
4/14/2020 6:11,67.885,58.339
4/14/2020 7:11,69.685,61.083
4/14/2020 8:11,70.072,61.088
4/14/2020 9:11,70.158,60.122
4/14/2020 10:11,70.201,56.849
4/14/2020 11:11,70.243,54.191
4/14/2020 12:11,70.243,56.019
4/14/2020 13:11,70.201,60.187
4/14/2020 14:11,70.201,61.19
4/14/2020 15:11,70.286,53.635
4/14/2020 16:11,70.243,58.266
4/14/2020 17:11,70.201,60.735
4/14/2020 18:11,70.201,60.035
4/14/2020 19:11,70.243,53.413
4/14/2020 20:11,70.243,54.936
4/14/2020 21:11,70.243,57.775
4/14/2020 22:11,70.201,59.669
4/14/2020 23:11,68.871,55.011
4/15/2020 0:11,68.056,59.572
4/15/2020 1:11,67.971,57.766
4/15/2020 2:11,67.885,61.224
4/15/2020 3:11,67.885,59.344
4/15/2020 4:11,67.928,57.333
4/15/2020 5:11,67.885,60.528
4/15/2020 6:11,67.885,58.613
4/15/2020 7:11,69.728,57.67
4/15/2020 8:11,70.115,56.163
4/15/2020 9:11,70.201,58.385
4/15/2020 10:11,70.158,59.268
4/15/2020 11:11,70.158,60.061
4/15/2020 12:11,70.372,53.953
4/15/2020 13:11,70.416,59.229
4/15/2020 14:11,70.502,55.329
4/15/2020 15:11,70.502,53.184
4/15/2020 16:11,70.502,57.766
4/15/2020 17:11,70.459,59.874
4/15/2020 18:11,70.543,58.506
4/15/2020 19:11,70.502,57.397
4/15/2020 20:11,70.502,55.422
4/15/2020 21:11,70.502,55.081
4/15/2020 22:11,70.459,59.447
4/15/2020 23:11,69.085,55.214
4/16/2020 0:11,68.227,61.164
4/16/2020 1:11,68.142,61.005
4/16/2020 2:11,68.099,61.183
4/16/2020 3:11,68.056,61.239
4/16/2020 4:11,68.056,61.058
4/16/2020 5:11,68.099,60.699
4/16/2020 6:11,68.099,59.241
4/16/2020 7:11,69.985,58.121
4/16/2020 8:11,70.372,58.767
4/16/2020 9:11,70.459,57.793
4/16/2020 10:11,70.459,52.588
4/16/2020 11:11,70.459,58.621
4/16/2020 12:11,70.502,58.257
4/16/2020 13:11,70.502,52.372
4/16/2020 14:11,70.459,59.6
4/16/2020 15:11,70.502,57.059
4/16/2020 16:11,70.543,54.495
4/16/2020 17:11,70.543,55.363
4/16/2020 18:11,70.459,59.355
4/16/2020 19:11,70.502,55.639
4/16/2020 20:11,70.459,54.954
4/16/2020 21:11,70.459,59.264
4/16/2020 22:11,70.543,56.384
4/16/2020 23:11,69.042,59.902
4/17/2020 0:11,68.27,55.425
4/17/2020 1:11,68.142,58.666
4/17/2020 2:11,68.142,59.914
4/17/2020 3:11,68.142,61.308
4/17/2020 4:11,68.099,61.606
4/17/2020 5:11,68.142,61.549
4/17/2020 6:11,68.099,59.941
4/17/2020 7:11,70.029,53.988
4/17/2020 8:11,70.416,58.648
4/17/2020 9:11,70.459,52.306
4/17/2020 10:11,70.459,59.691
4/17/2020 11:11,70.459,58.56
4/17/2020 12:11,71.404,51.218
4/17/2020 13:11,71.19,58.561
4/17/2020 14:11,71.231,58.78
4/17/2020 15:11,71.231,59.423
4/17/2020 16:11,71.231,58.166
4/17/2020 17:11,71.231,55.481
4/17/2020 18:11,71.274,51.585
4/17/2020 19:11,71.274,52.338
4/17/2020 20:11,71.274,52.432
4/17/2020 21:11,71.274,53.151
4/17/2020 22:11,71.274,55.02
4/17/2020 23:11,69.858,60.309
4/18/2020 0:11,68.657,62.29
4/18/2020 1:11,68.527,56.278
4/18/2020 2:11,68.484,60.763
4/18/2020 3:11,68.484,62.003
4/18/2020 4:11,68.484,58.238
4/18/2020 5:11,68.484,59.518
4/18/2020 6:11,68.443,62.481
4/18/2020 7:11,70.502,55.546
4/18/2020 8:11,71.19,55.199
4/18/2020 9:11,71.274,58.967
4/18/2020 10:11,71.317,59.553
4/18/2020 11:11,71.361,54.28
4/18/2020 12:11,71.317,59.094
4/18/2020 13:11,71.361,57.593
4/18/2020 14:11,71.361,54.529
4/18/2020 15:11,71.404,60.811
4/18/2020 16:11,71.404,54.813
4/18/2020 17:11,71.404,61.024
4/18/2020 18:11,71.404,52.849
4/18/2020 19:11,71.404,60.811
4/18/2020 20:11,71.404,51.94
4/18/2020 21:11,71.404,56.27
4/18/2020 22:11,71.361,59.954
4/18/2020 23:11,69.901,55.651
4/19/2020 0:11,68.742,56.419
4/19/2020 1:11,68.571,62.644
4/19/2020 2:11,68.527,61.494
4/19/2020 3:11,68.484,57.227
4/19/2020 4:11,68.484,58.421
4/19/2020 5:11,68.484,62.094
4/19/2020 6:11,68.484,60.369
4/19/2020 7:11,70.502,55.608
4/19/2020 8:11,71.146,52.203
4/19/2020 9:11,71.231,51.425
4/19/2020 10:11,71.231,51.613
4/19/2020 11:11,71.231,50.985
4/19/2020 12:11,71.231,51.393
4/19/2020 13:11,71.231,52.334
4/19/2020 14:11,71.274,50.831
4/19/2020 15:11,71.274,53.151
4/19/2020 16:11,71.317,54.775
4/19/2020 17:11,71.274,56.197
4/19/2020 18:11,71.274,55.578
4/19/2020 19:11,71.317,50.393
4/19/2020 20:11,71.317,52.56
4/19/2020 21:11,71.317,54.806
4/19/2020 22:11,71.317,56.262
4/19/2020 23:11,69.858,52.104
4/20/2020 0:11,68.657,55.642
4/20/2020 1:11,68.527,58.791
4/20/2020 2:11,68.484,55.319
4/20/2020 3:11,68.484,59.031
4/20/2020 4:11,68.484,54.299
4/20/2020 5:11,68.484,59.397
4/20/2020 6:11,68.484,54.609
4/20/2020 7:11,70.543,57.677
4/20/2020 8:11,71.19,54.204
4/20/2020 9:11,71.317,52.811
4/20/2020 10:11,71.317,58.081
4/20/2020 11:11,71.404,56.115
4/20/2020 12:11,71.404,45.283
4/20/2020 13:11,70.846,58.133
4/20/2020 14:11,70.759,57.234
4/20/2020 15:11,70.759,54.854
4/20/2020 16:11,70.759,56
4/20/2020 17:11,70.803,61.548
4/20/2020 18:11,70.759,64.262
4/20/2020 19:11,70.716,64.678
4/20/2020 20:11,70.716,62.57
4/20/2020 21:11,70.673,63.17
4/20/2020 22:11,70.673,63.923
4/20/2020 23:11,69.514,57.897
4/21/2020 0:11,68.527,64.65
4/21/2020 1:11,68.4,62.267
4/21/2020 2:11,68.356,61.84
4/21/2020 3:11,68.313,61.716
4/21/2020 4:11,68.313,63.971
4/21/2020 5:11,68.313,59.26
4/21/2020 6:11,68.313,62.771
4/21/2020 7:11,69.942,55.376
4/21/2020 8:11,70.459,62.244
4/21/2020 9:11,70.587,62.044
4/21/2020 10:11,70.63,59.003
4/21/2020 11:11,70.63,57.1
4/21/2020 12:11,70.63,55.928
4/21/2020 13:11,70.63,54.657
4/21/2020 14:11,70.673,52.479
4/21/2020 15:11,70.63,56.175
4/21/2020 16:11,70.673,57.535
4/21/2020 17:11,70.673,59.527
4/21/2020 18:11,70.673,57.934
4/21/2020 19:11,70.716,52.514
4/21/2020 20:11,70.759,56.864
4/21/2020 21:11,70.716,58.122
4/21/2020 22:11,70.716,60.354
4/21/2020 23:11,69.514,58.601
4/22/2020 0:11,68.571,56.989
4/22/2020 1:11,68.4,63.859
4/22/2020 2:11,68.4,58.841
4/22/2020 3:11,68.356,63.466
4/22/2020 4:11,68.356,62.744
4/22/2020 5:11,68.356,57.615
4/22/2020 6:11,68.313,63.101
4/22/2020 7:11,70.029,61.053
4/22/2020 8:11,70.543,61.191
4/22/2020 9:11,70.673,61.9
4/22/2020 10:11,70.716,62.479
4/22/2020 11:11,70.716,52.951
4/22/2020 12:11,70.887,52.683
4/22/2020 13:11,70.63,57.223
4/22/2020 14:11,70.63,58.299
4/22/2020 15:11,70.543,63.128
4/22/2020 16:11,70.543,58.261
4/22/2020 17:11,70.543,62.13
4/22/2020 18:11,70.543,62.614
4/22/2020 19:11,70.543,55.116
4/22/2020 20:11,70.543,63.881
4/22/2020 21:11,70.587,55.181
4/22/2020 22:11,70.543,64.061
4/22/2020 23:11,69.256,60.559
4/23/2020 0:11,68.4,63.169
4/23/2020 1:11,68.27,63.667
4/23/2020 2:11,68.227,62.432
4/23/2020 3:11,68.227,58.765
4/23/2020 4:11,68.185,64.856
4/23/2020 5:11,68.227,60.225
4/23/2020 6:11,68.185,64.318
4/23/2020 7:11,69.942,60.772
4/23/2020 8:11,70.372,61.994
4/23/2020 9:11,70.459,60.697
4/23/2020 10:11,70.502,56.164
4/23/2020 11:11,70.543,62.221
4/23/2020 12:11,70.543,57.708
4/23/2020 13:11,70.543,58.015
4/23/2020 14:11,70.543,63.7
4/23/2020 15:11,70.543,54.868
4/23/2020 16:11,70.543,61.555
4/23/2020 17:11,70.543,58.843
4/23/2020 18:11,70.543,61.797
4/23/2020 19:11,70.543,55.642
4/23/2020 20:11,70.543,63.007
4/23/2020 21:11,70.543,55.209
4/23/2020 22:11,70.587,61.589
4/23/2020 23:11,69.256,58.793
4/24/2020 0:11,68.4,59.815
4/24/2020 1:11,68.313,63.821
4/24/2020 2:11,68.27,64.834
4/24/2020 3:11,68.27,59.591
4/24/2020 4:11,68.227,64.561
4/24/2020 5:11,68.227,61.949
4/24/2020 6:11,68.227,62.07
4/24/2020 7:11,69.942,63.764
4/24/2020 8:11,70.416,58.342
4/24/2020 9:11,70.502,55.236
4/24/2020 10:11,70.502,60.122
4/24/2020 11:11,70.502,62.671
4/24/2020 12:11,70.502,63.214
4/24/2020 13:11,71.317,52.404
4/24/2020 14:11,71.103,53.637
4/24/2020 15:11,71.103,53.481
4/24/2020 16:11,71.103,55.595
4/24/2020 17:11,71.103,59.839
4/24/2020 18:11,71.103,61.453
4/24/2020 19:11,71.146,53.983
4/24/2020 20:11,71.103,61.058
4/24/2020 21:11,71.06,62.692
4/24/2020 22:11,71.103,54.135
4/24/2020 23:11,69.557,64.328
4/25/2020 0:11,68.657,65.498
4/25/2020 1:11,68.527,63.841
4/25/2020 2:11,68.484,57.901
4/25/2020 3:11,68.484,65.183
4/25/2020 4:11,68.484,61.762
4/25/2020 5:11,68.484,61.671
4/25/2020 6:11,68.484,63.297
4/25/2020 7:11,70.543,58.567
4/25/2020 8:11,70.974,61.776
4/25/2020 9:11,71.06,60.72
4/25/2020 10:11,71.103,55.719
4/25/2020 11:11,71.103,58.001
4/25/2020 12:11,71.103,60.328
4/25/2020 13:11,71.103,61.241
4/25/2020 14:11,71.06,60.263
4/25/2020 15:11,71.06,53.602
4/25/2020 16:11,71.06,53.727
4/25/2020 17:11,71.103,56.523
4/25/2020 18:11,71.06,59.591
4/25/2020 19:11,71.103,55.812
4/25/2020 20:11,71.103,53.106
4/25/2020 21:11,71.103,58.063
4/25/2020 22:11,71.146,58.374
4/25/2020 23:11,69.557,59.368
4/26/2020 0:11,68.614,59.225
4/26/2020 1:11,68.484,60.763
4/26/2020 2:11,68.443,59.363
4/26/2020 3:11,68.4,58.78
4/26/2020 4:11,68.443,58.509
4/26/2020 5:11,68.4,59.511
4/26/2020 6:11,68.443,57.622
4/26/2020 7:11,70.543,52.344
4/26/2020 8:11,71.017,54.129
4/26/2020 9:11,71.103,58.677
4/26/2020 10:11,71.146,53.547
4/26/2020 11:11,71.103,57.909
4/26/2020 12:11,71.103,58.738
4/26/2020 13:11,71.146,53.078
4/26/2020 14:11,71.146,56.403
4/26/2020 15:11,71.103,58.032
4/26/2020 16:11,71.103,60.053
4/26/2020 17:11,71.103,61.848
4/26/2020 18:11,71.146,53.141
4/26/2020 19:11,71.146,56.186
4/26/2020 20:11,71.146,59.599
4/26/2020 21:11,71.103,61.727
4/26/2020 22:11,71.103,61.818
4/26/2020 23:11,69.557,55.623
4/27/2020 0:11,68.614,63.43
4/27/2020 1:11,68.527,61.282
4/27/2020 2:11,68.484,62.335
4/27/2020 3:11,68.484,60.975
4/27/2020 4:11,68.484,61.882
4/27/2020 5:11,68.484,62.937
4/27/2020 6:11,68.484,62.696
4/27/2020 7:11,70.543,60.765
4/27/2020 8:11,71.103,54.446
4/27/2020 9:11,71.146,59.262
4/27/2020 10:11,71.146,60.301
4/27/2020 11:11,71.146,58.128
4/27/2020 12:11,71.146,59.843
4/27/2020 13:11,71.19,56.684
4/27/2020 14:11,71.146,60.575
4/27/2020 15:11,71.146,52.766
4/27/2020 16:11,71.146,55.381
4/27/2020 17:11,72.61,52.66
4/27/2020 18:11,71.146,53.516
4/27/2020 19:11,71.103,54.695
4/27/2020 20:11,71.103,56.924
4/27/2020 21:11,71.06,56.89
4/27/2020 22:11,71.06,56.303
4/27/2020 23:11,69.814,53.255
4/28/2020 0:11,68.742,59.419
4/28/2020 1:11,68.571,57.572
4/28/2020 2:11,68.571,54.677
4/28/2020 3:11,68.527,56.371
4/28/2020 4:11,68.527,57.139
4/28/2020 5:11,68.527,58.119
4/28/2020 6:11,68.527,59.279
4/28/2020 7:11,70.286,59.31
4/28/2020 8:11,70.974,58.267
4/28/2020 9:11,71.06,59.347
4/28/2020 10:11,71.146,61.305
4/28/2020 11:11,71.19,54.764
4/28/2020 12:11,71.19,55.385
4/28/2020 13:11,71.231,60.705
4/28/2020 14:11,71.231,57.52
4/28/2020 15:11,71.231,56.688
4/28/2020 16:11,71.231,61.738
4/28/2020 17:11,71.231,53.085
4/28/2020 18:11,71.231,57.613
4/28/2020 19:11,71.19,61.127
4/28/2020 20:11,71.19,58.285
4/28/2020 21:11,71.231,55.326
4/28/2020 22:11,71.19,59.664
4/28/2020 23:11,69.942,54.478
4/29/2020 0:11,68.828,60.248
4/29/2020 1:11,68.698,60.085
4/29/2020 2:11,68.657,62.139
4/29/2020 3:11,68.657,57.119
4/29/2020 4:11,68.614,59.073
4/29/2020 5:11,68.614,59.895
4/29/2020 6:11,68.571,59.496
4/29/2020 7:11,70.372,59.073
4/29/2020 8:11,70.974,52.221
4/29/2020 9:11,71.017,58.148
4/29/2020 10:11,71.06,59.316
4/29/2020 11:11,71.704,63.929
4/29/2020 12:11,71.661,63.442
4/29/2020 13:11,71.661,59.399
4/29/2020 14:11,71.661,56.569
4/29/2020 15:11,71.661,56.662
4/29/2020 16:11,71.704,57.591
4/29/2020 17:11,71.661,61.838
4/29/2020 18:11,71.661,65.428
4/29/2020 19:11,71.704,58.083
4/29/2020 20:11,71.748,58.824
4/29/2020 21:11,71.748,64.596
4/29/2020 22:11,71.748,61.238
4/29/2020 23:11,70.329,58.947
4/30/2020 0:11,69.042,63.079
4/30/2020 1:11,68.871,62.37
4/30/2020 2:11,68.785,65.838
4/30/2020 3:11,68.785,65.57
4/30/2020 4:11,68.742,64.879
4/30/2020 5:11,68.742,66.25
4/30/2020 6:11,68.742,65.178
4/30/2020 7:11,70.803,56.714
4/30/2020 8:11,71.49,62.671
4/30/2020 9:11,71.62,55.296
4/30/2020 10:11,71.661,61.565
4/30/2020 11:11,71.661,61.017
4/30/2020 12:11,71.661,54.273
4/30/2020 13:11,71.661,58.295
4/30/2020 14:11,71.661,61.959
4/30/2020 15:11,71.661,61.078
4/30/2020 16:11,71.748,61.512
4/30/2020 17:11,71.748,56.267
4/30/2020 18:11,71.748,55.43
4/30/2020 19:11,71.748,59.253
4/30/2020 20:11,71.748,60.659
4/30/2020 21:11,71.704,60.076
4/30/2020 22:11,71.748,54.623
4/30/2020 23:11,70.329,62.141
5/1/2020 0:11,69.042,64.429
5/1/2020 1:11,68.871,60.586
5/1/2020 2:11,68.828,61.067
5/1/2020 3:11,68.785,64.435
5/1/2020 4:11,68.785,63.716
5/1/2020 5:11,68.742,58.809
5/1/2020 6:11,68.742,63.772
5/1/2020 7:11,70.803,55.663
5/1/2020 8:11,71.533,56.96
5/1/2020 9:11,71.661,59.491
5/1/2020 10:11,71.704,55.489
5/1/2020 11:11,71.791,54.065
5/1/2020 12:11,72.437,58.699
5/1/2020 13:11,72.307,58.504
5/1/2020 14:11,72.307,60.434
5/1/2020 15:11,72.351,56.224
5/1/2020 16:11,72.351,60.071
5/1/2020 17:11,72.351,54.422
5/1/2020 18:11,72.394,61.387
5/1/2020 19:11,72.394,58.05
5/1/2020 20:11,72.394,56.723
5/1/2020 21:11,72.437,60.781
5/1/2020 22:11,72.437,61.452
5/1/2020 23:11,70.759,64.382
5/2/2020 0:11,69.256,67.725
5/2/2020 1:11,69.042,67.674
5/2/2020 2:11,68.999,67.403
5/2/2020 3:11,68.999,68.084
5/2/2020 4:11,68.999,64.814
5/2/2020 5:11,68.956,68.434
5/2/2020 6:11,68.956,65.795
5/2/2020 7:11,71.317,62.474
5/2/2020 8:11,72.093,58.055
5/2/2020 9:11,72.264,56.279
5/2/2020 10:11,72.307,58.135
5/2/2020 11:11,72.307,59.118
5/2/2020 12:11,72.307,59.547
5/2/2020 13:11,72.264,60.217
5/2/2020 14:11,72.264,60.369
5/2/2020 15:11,72.264,53.697
5/2/2020 16:11,72.264,57.792
5/2/2020 17:11,72.264,55.814
5/2/2020 18:11,72.307,58.719
5/2/2020 19:11,72.264,54.197
5/2/2020 20:11,72.307,57.765
5/2/2020 21:11,72.264,54.446
5/2/2020 22:11,72.264,58.223
5/2/2020 23:11,70.63,57.377
5/3/2020 0:11,69.129,62.545
5/3/2020 1:11,68.956,62.77
5/3/2020 2:11,68.871,61.131
5/3/2020 3:11,68.828,59.822
5/3/2020 4:11,68.828,61.551
5/3/2020 5:11,68.828,63.329
5/3/2020 6:11,68.828,59.609
5/3/2020 7:11,71.231,58.074
5/3/2020 8:11,72.007,58.908
5/3/2020 9:11,72.136,59.042
5/3/2020 10:11,72.178,58.124
5/3/2020 11:11,72.178,55.279
5/3/2020 12:11,72.221,55.841
5/3/2020 13:11,72.221,53.319
5/3/2020 14:11,72.221,56.77
5/3/2020 15:11,72.221,58.558
5/3/2020 16:11,72.264,54.882
5/3/2020 17:11,72.264,54.882
5/3/2020 18:11,72.264,58.193
5/3/2020 19:11,72.264,52.633
5/3/2020 20:11,72.264,56.928
5/3/2020 21:11,72.221,57.943
5/3/2020 22:11,72.264,52.633
5/3/2020 23:11,70.543,59.118
5/4/2020 0:11,69.085,61.272
5/4/2020 1:11,68.913,61.468
5/4/2020 2:11,68.871,58.973
5/4/2020 3:11,68.828,59.762
5/4/2020 4:11,68.828,61.702
5/4/2020 5:11,68.828,59.701
5/4/2020 6:11,68.828,59.67
5/4/2020 7:11,71.231,59.239
5/4/2020 8:11,72.007,57.709
5/4/2020 9:11,72.136,57.566
5/4/2020 10:11,72.178,56.89
5/4/2020 11:11,71.404,53.099
5/4/2020 12:11,71.231,54.332
5/4/2020 13:11,71.231,56.842
5/4/2020 14:11,71.19,57.67
5/4/2020 15:11,71.231,59.239
5/4/2020 16:11,71.231,54.488
5/4/2020 17:11,71.231,54.488
5/4/2020 18:11,71.231,58.473
5/4/2020 19:11,71.231,57.674
5/4/2020 20:11,71.231,56.503
5/4/2020 21:11,71.231,59.392
5/4/2020 22:11,71.274,53.12
5/4/2020 23:11,69.985,60.655
5/5/2020 0:11,68.828,57.103
5/5/2020 1:11,68.657,57.334
5/5/2020 2:11,68.614,61.773
5/5/2020 3:11,68.571,62.584
5/5/2020 4:11,68.571,61.92
5/5/2020 5:11,68.571,58.856
5/5/2020 6:11,68.571,58.52
5/5/2020 7:11,70.372,59.134
5/5/2020 8:11,71.017,58.086
5/5/2020 9:11,71.146,53.078
5/5/2020 10:11,71.146,55.66
5/5/2020 11:11,71.19,57.547
5/5/2020 12:11,71.19,55.323
5/5/2020 13:11,71.19,52.425
5/5/2020 14:11,71.19,54.671
5/5/2020 15:11,71.146,56.186
5/5/2020 16:11,71.19,55.447
5/5/2020 17:11,71.19,51.798
5/5/2020 18:11,71.146,53.422
5/5/2020 19:11,71.146,55.257
5/5/2020 20:11,71.146,55.443
5/5/2020 21:11,71.146,50.38
5/5/2020 22:11,71.146,52.922
5/5/2020 23:11,69.901,53.915
5/6/2020 0:11,68.742,54.691
5/6/2020 1:11,68.571,59.648
5/6/2020 2:11,68.527,59.644
5/6/2020 3:11,68.571,56.927
5/6/2020 4:11,68.527,56.647
5/6/2020 5:11,68.571,60.255
5/6/2020 6:11,68.571,61.074
5/6/2020 7:11,70.416,56.497
5/6/2020 8:11,71.06,54.381
5/6/2020 9:11,71.146,56.835
5/6/2020 10:11,71.19,58.009
5/6/2020 11:11,71.19,57.054
5/6/2020 12:11,71.361,49.544
5/6/2020 13:11,70.974,57.221
5/6/2020 14:11,70.974,55.398
5/6/2020 15:11,70.974,52.971
5/6/2020 16:11,71.017,53.786
5/6/2020 17:11,70.974,55.739
5/6/2020 18:11,71.017,56.021
5/6/2020 19:11,71.017,52.443
5/6/2020 20:11,71.017,55.681
5/6/2020 21:11,71.017,53.848
5/6/2020 22:11,71.017,54.812
5/6/2020 23:11,69.858,53.881
5/7/2020 0:11,68.698,55.553
5/7/2020 1:11,68.527,56.647
5/7/2020 2:11,68.527,59.948
5/7/2020 3:11,68.484,58.574
5/7/2020 4:11,68.484,58.36
5/7/2020 5:11,68.484,59.579
5/7/2020 6:11,68.484,55.381
5/7/2020 7:11,70.201,56.355
5/7/2020 8:11,70.846,55.233
5/7/2020 9:11,70.93,51.057
5/7/2020 10:11,70.974,53.783
5/7/2020 11:11,70.974,54.685
5/7/2020 12:11,70.974,55.057
5/7/2020 13:11,70.974,53.096
5/7/2020 14:11,70.974,50.304
5/7/2020 15:11,70.974,52.221
5/7/2020 16:11,70.974,54.001
5/7/2020 17:11,70.974,54.623
5/7/2020 18:11,70.974,52.158
5/7/2020 19:11,70.93,50.301
5/7/2020 20:11,70.974,52.127
5/7/2020 21:11,70.974,54.032
5/7/2020 22:11,70.974,50.777
5/7/2020 23:11,69.771,54.278
5/8/2020 0:11,68.657,56.381
5/8/2020 1:11,68.484,55.042
5/8/2020 2:11,68.443,53.986
5/8/2020 3:11,68.4,56.483
5/8/2020 4:11,68.4,53.734
5/8/2020 5:11,68.4,56.698
5/8/2020 6:11,68.4,53.3
5/8/2020 7:11,70.158,52.658
5/8/2020 8:11,70.759,53.641
5/8/2020 9:11,70.846,53.149
5/8/2020 10:11,70.887,51.21
5/8/2020 11:11,70.887,49.478
5/8/2020 12:11,70.887,49.446
5/8/2020 13:11,70.887,49.92
5/8/2020 14:11,70.887,48.624
5/8/2020 15:11,70.716,50.569
5/8/2020 16:11,70.716,50.411
5/8/2020 17:11,70.716,51.009
5/8/2020 18:11,70.716,52.326
5/8/2020 19:11,70.716,52.701
5/8/2020 20:11,70.759,52.892
5/8/2020 21:11,70.716,53.357
5/8/2020 22:11,70.759,49.152
5/8/2020 23:11,69.771,53.345
5/9/2020 0:11,68.742,55.062
5/9/2020 1:11,68.571,52.846
5/9/2020 2:11,68.527,54.426
5/9/2020 3:11,68.484,55.474
5/9/2020 4:11,68.484,52.154
5/9/2020 5:11,68.484,55.042
5/9/2020 6:11,68.527,56.34
5/9/2020 7:11,70.029,50.455
5/9/2020 8:11,70.587,54.467
5/9/2020 9:11,70.716,54.26
5/9/2020 10:11,70.716,54.136
5/9/2020 11:11,70.759,54.108
5/9/2020 12:11,70.759,53.236
5/9/2020 13:11,70.803,49.787
5/9/2020 14:11,70.803,51.612
5/9/2020 15:11,70.759,52.767
5/9/2020 16:11,70.803,54.981
5/9/2020 17:11,70.803,55.756
5/9/2020 18:11,70.846,54.55
5/9/2020 19:11,70.887,58.137
5/9/2020 20:11,70.887,53.37
5/9/2020 21:11,70.887,57.307
5/9/2020 22:11,70.887,51.681
5/9/2020 23:11,69.901,57.899
5/10/2020 0:11,68.828,59.274
5/10/2020 1:11,68.698,59.446
5/10/2020 2:11,68.614,58.646
5/10/2020 3:11,68.614,55.484
5/10/2020 4:11,68.571,59.343
5/10/2020 5:11,68.571,56.62
5/10/2020 6:11,68.571,57.418
5/10/2020 7:11,70.029,56.803
5/10/2020 8:11,70.63,54.626
5/10/2020 9:11,70.716,54.167
5/10/2020 10:11,70.759,55.722
5/10/2020 11:11,70.759,55.288
5/10/2020 12:11,70.759,54.357
5/10/2020 13:11,70.759,53.579
5/10/2020 14:11,70.759,53.267
5/10/2020 15:11,70.759,52.235
5/10/2020 16:11,70.716,52.263
5/10/2020 17:11,70.759,51.954
5/10/2020 18:11,70.716,50.726
5/10/2020 19:11,70.716,50.695
5/10/2020 20:11,70.716,50.065
5/10/2020 21:11,70.716,52.92
5/10/2020 22:11,70.716,55.036
5/10/2020 23:11,69.728,54.895
5/11/2020 0:11,68.698,56.385
5/11/2020 1:11,68.571,57.142
5/11/2020 2:11,68.484,54.33
5/11/2020 3:11,68.484,54.361
5/11/2020 4:11,68.484,56.49
5/11/2020 5:11,68.484,57.258
5/11/2020 6:11,68.484,54.732
5/11/2020 7:11,69.985,54.481
5/11/2020 8:11,70.543,50.147
5/11/2020 9:11,70.63,54.781
5/11/2020 10:11,70.673,54.319
5/11/2020 11:11,70.673,53.26
5/11/2020 12:11,70.673,51.634
5/11/2020 13:11,71.62,61.196
5/11/2020 14:11,71.49,63.999
5/11/2020 15:11,71.49,57.419
5/11/2020 16:11,71.49,63.577
5/11/2020 17:11,71.49,57.45
5/11/2020 18:11,71.49,63.728
5/11/2020 19:11,71.49,55.471
5/11/2020 20:11,71.49,63.426
5/11/2020 21:11,71.49,55.688
5/11/2020 22:11,71.49,63.849
5/11/2020 23:11,70.029,62.265
5/12/2020 0:11,68.785,63.476
5/12/2020 1:11,68.657,62.862
5/12/2020 2:11,68.571,66.768
5/12/2020 3:11,68.571,63.576
5/12/2020 4:11,68.571,64.444
5/12/2020 5:11,68.571,65.936
5/12/2020 6:11,68.527,60.373
5/12/2020 7:11,70.63,59.676
5/12/2020 8:11,71.317,57.681
5/12/2020 9:11,71.404,63.298
5/12/2020 10:11,71.447,54.94
5/12/2020 11:11,71.447,62.334
5/12/2020 12:11,71.49,56.555
5/12/2020 13:11,71.49,62.641
5/12/2020 14:11,71.49,60.514
5/12/2020 15:11,71.533,56.28
5/12/2020 16:11,71.49,62.822
5/12/2020 17:11,71.49,61.762
5/12/2020 18:11,71.49,57.696
5/12/2020 19:11,71.49,54.757
5/12/2020 20:11,71.49,62.943
5/12/2020 21:11,71.533,62.251
5/12/2020 22:11,71.533,58.161
5/12/2020 23:11,70.072,60.601
5/13/2020 0:11,68.785,65.957
5/13/2020 1:11,68.657,63.734
5/13/2020 2:11,68.614,61.017
5/13/2020 3:11,68.571,61.104
5/13/2020 4:11,68.571,65.906
5/13/2020 5:11,68.571,65.906
5/13/2020 6:11,68.571,64.923
5/13/2020 7:11,70.673,64.013
5/13/2020 8:11,71.361,56.513
5/13/2020 9:11,71.49,63.426
5/13/2020 10:11,71.49,58.863
5/13/2020 11:11,71.533,55.692
5/13/2020 12:11,71.577,63.163
5/13/2020 13:11,71.577,62.255
5/13/2020 14:11,71.231,57.52
5/13/2020 15:11,71.017,64.045
5/13/2020 16:11,71.017,62.869
5/13/2020 17:11,71.06,57.383
5/13/2020 18:11,71.06,66.596
5/13/2020 19:11,71.06,65.729
5/13/2020 20:11,71.06,57.875
5/13/2020 21:11,71.06,65.101
5/13/2020 22:11,71.103,58.247
5/13/2020 23:11,69.942,69.977
5/14/2020 0:11,68.828,63.78
5/14/2020 1:11,68.657,72.908
5/14/2020 2:11,68.614,67.897
5/14/2020 3:11,68.657,66.361
5/14/2020 4:11,68.614,70.602
5/14/2020 5:11,68.614,65.911
5/14/2020 6:11,68.614,72.99
5/14/2020 7:11,70.286,68.42
5/14/2020 8:11,70.887,67.115
5/14/2020 9:11,70.93,63.766
5/14/2020 10:11,70.974,68.43
5/14/2020 11:11,70.974,59.828
5/14/2020 12:11,71.017,70.235
5/14/2020 13:11,71.017,67.782
5/14/2020 14:11,71.06,67.578
5/14/2020 15:11,71.06,65.131
5/14/2020 16:11,71.06,66.894
5/14/2020 17:11,71.06,67.013
5/14/2020 18:11,71.06,69.945
5/14/2020 19:11,71.06,68.468
5/14/2020 20:11,71.06,58.642
5/14/2020 21:11,71.103,62.968
5/14/2020 22:11,71.06,69.089
5/14/2020 23:11,69.942,60.985
5/15/2020 0:11,68.828,68.922
5/15/2020 1:11,68.657,69.493
5/15/2020 2:11,68.571,71.153
5/15/2020 3:11,68.571,63.005
5/15/2020 4:11,68.527,69.274
5/15/2020 5:11,68.527,66.942
5/15/2020 6:11,68.527,62.7
5/15/2020 7:11,70.201,67.077
5/15/2020 8:11,70.803,65.435
5/15/2020 9:11,70.93,57.741
5/15/2020 10:11,70.974,62.26
5/15/2020 11:11,70.974,67.332
5/15/2020 12:11,70.974,68.193
5/15/2020 13:11,70.974,57.745
5/15/2020 14:11,71.447,64.236
5/15/2020 15:11,71.447,65.437
5/15/2020 16:11,71.49,61.458
5/15/2020 17:11,71.49,58.096
5/15/2020 18:11,71.49,58.096
5/15/2020 19:11,71.49,64.751
5/15/2020 20:11,71.49,65.471
5/15/2020 21:11,71.49,65.621
5/15/2020 22:11,71.49,65.142
5/15/2020 23:11,69.985,67.264
5/16/2020 0:11,68.742,67.792
5/16/2020 1:11,68.571,69.19
5/16/2020 2:11,68.527,69.391
5/16/2020 3:11,68.484,63.478
5/16/2020 4:11,68.484,69.827
5/16/2020 5:11,68.484,68.298
5/16/2020 6:11,68.484,63.568
5/16/2020 7:11,70.587,60.343
5/16/2020 8:11,71.231,57.027
5/16/2020 9:11,71.317,60.53
5/16/2020 10:11,71.361,65.639
5/16/2020 11:11,71.404,60.141
5/16/2020 12:11,71.404,61.116
5/16/2020 13:11,71.404,66.241
5/16/2020 14:11,71.447,59.135
5/16/2020 15:11,71.447,66.484
5/16/2020 16:11,71.447,57.815
5/16/2020 17:11,71.447,61.12
5/16/2020 18:11,71.404,58.979
5/16/2020 19:11,71.404,64.653
5/16/2020 20:11,71.404,66.211
5/16/2020 21:11,71.404,65.583
5/16/2020 22:11,71.404,61.997
5/16/2020 23:11,69.901,70.912
5/17/2020 0:11,68.742,73.12
5/17/2020 1:11,68.614,69.664
5/17/2020 2:11,68.571,68.159
5/17/2020 3:11,68.527,70.856
5/17/2020 4:11,68.527,72.72
5/17/2020 5:11,68.484,71.989
5/17/2020 6:11,68.484,72.193
5/17/2020 7:11,70.63,60.133
5/17/2020 8:11,71.274,57.893
5/17/2020 9:11,71.361,62.235
5/17/2020 10:11,71.404,64.893
5/17/2020 11:11,71.404,66.42
5/17/2020 12:11,71.404,66.987
5/17/2020 13:11,71.404,64.593
5/17/2020 14:11,71.404,61.024
5/17/2020 15:11,71.404,59.774
5/17/2020 16:11,71.404,58.457
5/17/2020 17:11,71.404,61.45
5/17/2020 18:11,71.404,63.147
5/17/2020 19:11,71.404,68.414
5/17/2020 20:11,71.404,66.122
5/17/2020 21:11,71.404,62.33
5/17/2020 22:11,71.404,57.904
5/17/2020 23:11,69.901,63.218
5/18/2020 0:11,68.698,70.348
5/18/2020 1:11,68.527,70.944
5/18/2020 2:11,68.484,70.735
5/18/2020 3:11,68.484,67.026
5/18/2020 4:11,68.443,67.644
5/18/2020 5:11,68.443,69.764
5/18/2020 6:11,68.443,68.618
5/18/2020 7:11,70.587,66.072
5/18/2020 8:11,71.231,66.015
5/18/2020 9:11,71.317,61.867
5/18/2020 10:11,71.361,57.87
5/18/2020 11:11,71.361,60.442
5/18/2020 12:11,71.92,61.709
5/18/2020 13:11,71.92,64.672
5/18/2020 14:11,71.964,59.395
5/18/2020 15:11,71.92,66.172
5/18/2020 16:11,71.92,56.838
5/18/2020 17:11,71.92,65.842
5/18/2020 18:11,71.92,58.348
5/18/2020 19:11,71.92,65.483
5/18/2020 20:11,71.964,63.772
5/18/2020 21:11,71.964,57.736
5/18/2020 22:11,71.964,65.876
5/18/2020 23:11,70.459,65.671
5/19/2020 0:11,69.085,65.121
5/19/2020 1:11,68.871,70.043
5/19/2020 2:11,68.828,69.481
5/19/2020 3:11,68.785,67.767
5/19/2020 4:11,68.742,64.041
5/19/2020 5:11,68.742,63.562
5/19/2020 6:11,68.742,68.383
5/19/2020 7:11,70.887,62.404
5/19/2020 8:11,71.661,63.322
5/19/2020 9:11,71.791,62.91
5/19/2020 10:11,71.834,57.078
5/19/2020 11:11,71.834,63.64
5/19/2020 12:11,71.834,64.333
5/19/2020 13:11,71.877,58.406
5/19/2020 14:11,71.877,64.818
5/19/2020 15:11,71.92,60.339
5/19/2020 16:11,71.92,64.491
5/19/2020 17:11,71.92,67.663
5/19/2020 18:11,71.92,68.376
5/19/2020 19:11,71.92,63.949
5/19/2020 20:11,71.92,61.101
5/19/2020 21:11,71.964,67.459
5/19/2020 22:11,71.964,66.982
5/19/2020 23:11,70.459,62.788
5/20/2020 0:11,69.129,65.961
5/20/2020 1:11,68.956,71.339
5/20/2020 2:11,68.913,72.906
5/20/2020 3:11,68.913,70.867
5/20/2020 4:11,68.871,69.368
5/20/2020 5:11,68.871,72.117
5/20/2020 6:11,68.828,72.084
5/20/2020 7:11,71.017,60.838
5/20/2020 8:11,71.748,64.716
5/20/2020 9:11,71.834,65.024
5/20/2020 10:11,71.877,67.034
5/20/2020 11:11,71.877,67.778
5/20/2020 12:11,71.533,65.206
5/20/2020 13:11,71.317,67.99
5/20/2020 14:11,71.317,66.053
5/20/2020 15:11,71.317,60.011
5/20/2020 16:11,71.361,68.706
5/20/2020 17:11,71.361,68.913
5/20/2020 18:11,71.404,68.651
5/20/2020 19:11,71.447,60.144
5/20/2020 20:11,71.447,64.567
5/20/2020 21:11,71.447,67.259
5/20/2020 22:11,71.49,60.91
5/20/2020 23:11,70.115,70.318
5/21/2020 0:11,68.956,65.586
5/21/2020 1:11,68.828,71.355
5/21/2020 2:11,68.785,73.53
5/21/2020 3:11,68.785,73.588
5/21/2020 4:11,68.785,73.588
5/21/2020 5:11,68.742,72.598
5/21/2020 6:11,68.742,66.488
5/21/2020 7:11,70.716,67.217
5/21/2020 8:11,71.317,68.138
5/21/2020 9:11,71.447,64.146
5/21/2020 10:11,71.447,63.694
5/21/2020 11:11,71.49,67.115
5/21/2020 12:11,71.49,60.819
5/21/2020 13:11,71.49,67.323
5/21/2020 14:11,71.49,62.943
5/21/2020 15:11,71.49,61.367
5/21/2020 16:11,71.49,67.68
5/21/2020 17:11,71.49,64.841
5/21/2020 18:11,71.533,66.104
5/21/2020 19:11,71.49,65.112
5/21/2020 20:11,71.533,66.433
5/21/2020 21:11,71.533,63.732
5/21/2020 22:11,71.533,67.625
5/21/2020 23:11,70.201,70.151
5/22/2020 0:11,68.999,69.41
5/22/2020 1:11,68.871,65.131
5/22/2020 2:11,68.828,71.53
5/22/2020 3:11,68.828,68.155
5/22/2020 4:11,68.785,72.951
5/22/2020 5:11,68.742,65.715
5/22/2020 6:11,68.742,70.674
5/22/2020 7:11,70.716,70.351
5/22/2020 8:11,71.317,59.675
5/22/2020 9:11,71.404,68.888
5/22/2020 10:11,71.533,61.431
5/22/2020 11:11,71.661,61.808
5/22/2020 12:11,71.62,68.346
5/22/2020 13:11,71.577,59.942
5/22/2020 14:11,71.577,66.258
5/22/2020 15:11,71.533,64.124
5/22/2020 16:11,71.533,62.947
5/22/2020 17:11,71.533,68.011
5/22/2020 18:11,71.533,67.536
5/22/2020 19:11,71.533,60.945
5/22/2020 20:11,71.577,63.314
5/22/2020 21:11,71.533,65.775
5/22/2020 22:11,71.533,66.014
5/22/2020 23:11,70.115,70.876
5/23/2020 0:11,68.956,69.523
5/23/2020 1:11,68.785,66.344
5/23/2020 2:11,68.742,70.352
5/23/2020 3:11,68.742,72.656
5/23/2020 4:11,68.742,73.41
5/23/2020 5:11,68.742,71.987
5/23/2020 6:11,68.698,72.477
5/23/2020 7:11,70.716,68.907
5/23/2020 8:11,71.317,70.795
5/23/2020 9:11,71.447,66.424
5/23/2020 10:11,71.447,71.044
5/23/2020 11:11,71.49,71.313
5/23/2020 12:11,71.533,69.964
5/23/2020 13:11,71.49,62.156
5/23/2020 14:11,71.533,70.524
5/23/2020 15:11,71.49,67.888
5/23/2020 16:11,71.533,70.2
5/23/2020 17:11,71.533,66.104
5/23/2020 18:11,71.49,70.666
5/23/2020 19:11,71.49,71.518
5/23/2020 20:11,71.49,65.292
5/23/2020 21:11,71.49,65.412
5/23/2020 22:11,71.49,71.136
5/23/2020 23:11,70.115,65.818
5/24/2020 0:11,68.999,69.821
5/24/2020 1:11,68.828,69.569
5/24/2020 2:11,68.785,76.637
5/24/2020 3:11,68.785,69.182
5/24/2020 4:11,68.785,71.613
5/24/2020 5:11,68.785,75.548
5/24/2020 6:11,68.785,70.151
5/24/2020 7:11,70.759,72.522
5/24/2020 8:11,71.317,64.374
5/24/2020 9:11,71.404,65.283
5/24/2020 10:11,71.49,69.517
5/24/2020 11:11,71.49,71.313
5/24/2020 12:11,71.49,69.281
5/24/2020 13:11,71.49,64.09
5/24/2020 14:11,71.49,67.055
5/24/2020 15:11,71.49,66.429
5/24/2020 16:11,71.49,71.518
5/24/2020 17:11,71.49,65.861
5/24/2020 18:11,71.49,72.25
5/24/2020 19:11,71.49,63.969
5/24/2020 20:11,71.49,66.548
5/24/2020 21:11,71.49,72.425
5/24/2020 22:11,71.533,62.554
5/24/2020 23:11,70.158,67.963
5/25/2020 0:11,69.042,77.979
5/25/2020 1:11,68.913,78.646
5/25/2020 2:11,68.871,78.215
5/25/2020 3:11,68.828,78.636
5/25/2020 4:11,68.828,77.897
5/25/2020 5:11,68.828,74.92
5/25/2020 6:11,68.828,73.303
5/25/2020 7:11,70.803,67.463
5/25/2020 8:11,71.361,72.878
5/25/2020 9:11,71.447,71.923
5/25/2020 10:11,71.49,70.284
5/25/2020 11:11,71.49,70.549
5/25/2020 12:11,71.49,70.931
5/25/2020 13:11,71.533,72.517
5/25/2020 14:11,71.533,72.751
5/25/2020 15:11,71.49,69.192
5/25/2020 16:11,71.49,65.292
5/25/2020 17:11,71.49,72.22
5/25/2020 18:11,71.49,68.244
5/25/2020 19:11,71.533,69.522
5/25/2020 20:11,71.49,68.985
5/25/2020 21:11,71.533,71.082
5/25/2020 22:11,71.49,62.641
5/25/2020 23:11,70.158,69.086
5/26/2020 0:11,69.042,77.979
5/26/2020 1:11,68.913,78.135
5/26/2020 2:11,68.828,78.409
5/26/2020 3:11,68.871,77.874
5/26/2020 4:11,68.871,76.532
5/26/2020 5:11,68.871,77.56
5/26/2020 6:11,68.871,77.418
5/26/2020 7:11,70.803,70.419
5/26/2020 8:11,71.317,71.558
5/26/2020 9:11,71.447,71.308
5/26/2020 10:11,71.447,72.712
5/26/2020 11:11,71.447,72.537
5/26/2020 12:11,71.447,72.04
5/26/2020 13:11,71.49,63.396
5/26/2020 14:11,71.49,68.274
5/26/2020 15:11,71.577,71.966
5/26/2020 16:11,71.447,65.707
5/26/2020 17:11,71.447,68.833
5/26/2020 18:11,71.404,70.834
5/26/2020 19:11,71.49,66.727
5/26/2020 20:11,71.447,71.748
5/26/2020 21:11,71.447,64.056
5/26/2020 22:11,71.49,71.283
5/26/2020 23:11,70.115,69.111
5/27/2020 0:11,68.999,75.4
5/27/2020 1:11,68.913,77.366
5/27/2020 2:11,68.871,72.437
5/27/2020 3:11,68.828,72.084
5/27/2020 4:11,68.828,72.316
5/27/2020 5:11,68.785,77.009
5/27/2020 6:11,68.828,75.811
5/27/2020 7:11,70.759,73.105
5/27/2020 8:11,71.274,70.82
5/27/2020 9:11,71.361,71.885
5/27/2020 10:11,71.361,72.061
5/27/2020 11:11,71.62,72.789
5/27/2020 12:11,71.661,67.578
5/27/2020 13:11,71.577,63.163
5/27/2020 14:11,71.49,69.812
5/27/2020 15:11,71.447,63.453
5/27/2020 16:11,71.404,63.901
5/27/2020 17:11,71.404,65.942
5/27/2020 18:11,71.404,64.292
5/27/2020 19:11,71.404,70.452
5/27/2020 20:11,71.404,68.562
5/27/2020 21:11,71.404,63.66
5/27/2020 22:11,71.404,70.039
5/27/2020 23:11,70.029,66.882
5/28/2020 0:11,68.871,72.379
5/28/2020 1:11,68.742,75.227
5/28/2020 2:11,68.698,76.227
5/28/2020 3:11,68.698,72.825
5/28/2020 4:11,68.698,75.021
5/28/2020 5:11,68.698,75.424
5/28/2020 6:11,68.657,71.366
5/28/2020 7:11,70.63,70.107
5/28/2020 8:11,71.231,68.248
5/28/2020 9:11,71.317,60.072
5/28/2020 10:11,71.317,66.024
5/28/2020 11:11,71.317,66.531
5/28/2020 12:11,71.317,65.125
5/28/2020 13:11,71.274,57.062
5/28/2020 14:11,71.274,63.467
5/28/2020 15:11,71.317,59.95
5/28/2020 16:11,71.317,56.324
5/28/2020 17:11,71.274,55.516
5/28/2020 18:11,71.274,57.955
5/28/2020 19:11,71.317,60.895
5/28/2020 20:11,71.274,61.712
5/28/2020 21:11,71.317,58.296
5/28/2020 22:11,71.317,55.798
5/28/2020 23:11,69.942,64.245
5/29/2020 0:11,68.657,66.361
5/29/2020 1:11,68.527,66.616
5/29/2020 2:11,68.484,65.779
5/29/2020 3:11,68.484,63.177
5/29/2020 4:11,68.484,65.243
5/29/2020 5:11,68.484,65.987
5/29/2020 6:11,68.484,65.571
5/29/2020 7:11,70.502,56.071
5/29/2020 8:11,71.19,59.664
5/29/2020 9:11,71.274,61.803
5/29/2020 10:11,71.317,62.231
5/29/2020 11:11,71.317,60.621
5/29/2020 12:11,71.317,60.072
5/29/2020 13:11,71.317,58.665
5/29/2020 14:11,71.274,57.154
5/29/2020 15:11,71.274,60.83
5/29/2020 16:11,71.317,62.322
5/29/2020 17:11,71.317,59.124
5/29/2020 18:11,71.317,57.589
5/29/2020 19:11,71.317,55.178
5/29/2020 20:11,71.317,62.049
5/29/2020 21:11,71.317,57.804
5/29/2020 22:11,71.274,61.712
5/29/2020 23:11,69.901,61.557
5/30/2020 0:11,68.657,64.482
5/30/2020 1:11,68.527,63.752
5/30/2020 2:11,68.484,64.974
5/30/2020 3:11,68.484,63.867
5/30/2020 4:11,68.484,65.809
5/30/2020 5:11,68.484,63.448
5/30/2020 6:11,68.484,64.376
5/30/2020 7:11,70.543,56.415
5/30/2020 8:11,71.19,61.643
5/30/2020 9:11,71.231,60.613
5/30/2020 10:11,71.274,58.845
5/30/2020 11:11,71.274,55.392
5/30/2020 12:11,71.274,58.998
5/30/2020 13:11,71.231,58.902
5/30/2020 14:11,71.231,56.224
5/30/2020 15:11,71.231,55.295
5/30/2020 16:11,71.231,52.616
5/30/2020 17:11,71.231,55.574
5/30/2020 18:11,71.231,56.379
5/30/2020 19:11,71.231,52.991
5/30/2020 20:11,71.404,52.63
5/30/2020 21:11,71.533,56.991
5/30/2020 22:11,71.577,57.826
5/30/2020 23:11,70.115,58.714
5/31/2020 0:11,68.828,61.763
5/31/2020 1:11,68.657,58.191
5/31/2020 2:11,68.614,62.437
5/31/2020 3:11,68.614,61.35
5/31/2020 4:11,68.657,58.68
5/31/2020 5:11,68.614,61.592
5/31/2020 6:11,68.614,63.49
5/31/2020 7:11,70.716,58.368
5/31/2020 8:11,71.404,56.887
5/31/2020 9:11,71.533,57.761
5/31/2020 10:11,71.577,59.483
5/31/2020 11:11,71.577,57.703
5/31/2020 12:11,71.62,55.513
5/31/2020 13:11,71.62,53.084
5/31/2020 14:11,71.661,53.087
5/31/2020 15:11,71.661,54.055
5/31/2020 16:11,71.661,56.074
5/31/2020 17:11,71.661,59.399
5/31/2020 18:11,71.704,60.747
5/31/2020 19:11,71.704,60.808
5/31/2020 20:11,71.704,53.903
5/31/2020 21:11,71.748,57.348
5/31/2020 22:11,71.748,61.906
5/31/2020 23:11,70.329,58.549
6/1/2020 0:11,68.999,65.948
6/1/2020 1:11,68.828,66.675
6/1/2020 2:11,68.828,64.109
6/1/2020 3:11,68.785,62.603
6/1/2020 4:11,68.785,60.214
6/1/2020 5:11,68.785,65.212
6/1/2020 6:11,68.785,67.619
6/1/2020 7:11,70.93,65.597
6/1/2020 8:11,71.661,64.858
6/1/2020 9:11,71.791,65.08
6/1/2020 10:11,71.834,55.995
6/1/2020 11:11,71.834,57.047
6/1/2020 12:11,71.834,60.056
6/1/2020 13:11,71.834,67.029
6/1/2020 14:11,71.834,63.579
6/1/2020 15:11,71.877,68.224
6/1/2020 16:11,71.834,68.516
6/1/2020 17:11,71.834,67.833
6/1/2020 18:11,71.834,66.492
6/1/2020 19:11,71.834,64.243
6/1/2020 20:11,71.877,60.945
6/1/2020 21:11,71.834,66.97
6/1/2020 22:11,71.834,68.071
6/1/2020 23:11,70.459,70.765
6/2/2020 0:11,69.17,73.804
6/2/2020 1:11,68.999,69.498
6/2/2020 2:11,68.956,68.139
6/2/2020 3:11,68.956,65.825
6/2/2020 4:11,68.913,66.118
6/2/2020 5:11,68.913,66.118
6/2/2020 6:11,68.913,68.931
6/2/2020 7:11,70.974,70.525
6/2/2020 8:11,71.704,67.791
6/2/2020 9:11,71.748,68.211
6/2/2020 10:11,71.791,60.388
6/2/2020 11:11,71.791,66.727
6/2/2020 12:11,71.791,63.424
6/2/2020 13:11,71.791,59.747
6/2/2020 14:11,71.791,58.797
6/2/2020 15:11,71.791,62.487
6/2/2020 16:11,71.791,64.78
6/2/2020 17:11,71.791,57.937
6/2/2020 18:11,71.834,57.201
6/2/2020 19:11,71.834,67.803
6/2/2020 20:11,71.791,62.547
6/2/2020 21:11,71.791,66.637
6/2/2020 22:11,71.791,67.799
6/2/2020 23:11,70.372,70.697
6/3/2020 0:11,69.085,67.737
6/3/2020 1:11,68.956,73.52
6/3/2020 2:11,68.913,72.18
6/3/2020 3:11,68.871,66.055
6/3/2020 4:11,68.871,72.96
6/3/2020 5:11,68.913,72.877
6/3/2020 6:11,68.871,68.602
6/3/2020 7:11,70.974,62.048
6/3/2020 8:11,71.62,67.008
6/3/2020 9:11,71.704,68.533
6/3/2020 10:11,71.748,67.587
6/3/2020 11:11,71.748,59.682
6/3/2020 12:11,71.748,66.424
6/3/2020 13:11,71.748,65.826
6/3/2020 14:11,71.748,64.836
6/3/2020 15:11,71.748,61.755
6/3/2020 16:11,71.748,58.026
6/3/2020 17:11,71.748,62.452
6/3/2020 18:11,71.748,59.192
6/3/2020 19:11,71.748,54.716
6/3/2020 20:11,71.748,58.855
6/3/2020 21:11,71.748,61.39
6/3/2020 22:11,71.748,61.967
6/3/2020 23:11,70.286,59.615
6/4/2020 0:11,68.956,66.598
6/4/2020 1:11,68.828,60.521
6/4/2020 2:11,68.742,65.625
6/4/2020 3:11,68.742,62.87
6/4/2020 4:11,68.742,62.569
6/4/2020 5:11,68.742,66.399
6/4/2020 6:11,68.742,61.755
6/4/2020 7:11,70.846,63.698
6/4/2020 8:11,71.533,61.31
6/4/2020 9:11,71.661,59.858
6/4/2020 10:11,71.704,57.529
6/4/2020 11:11,71.748,57.317
6/4/2020 12:11,71.748,56.793
6/4/2020 13:11,71.748,58.456
6/4/2020 14:11,71.748,56.638
6/4/2020 15:11,71.748,57.718
6/4/2020 16:11,71.748,54.467
6/4/2020 17:11,71.748,58.056
6/4/2020 18:11,71.748,59.192
6/4/2020 19:11,71.748,61.086
6/4/2020 20:11,71.748,56.793
6/4/2020 21:11,71.748,56.731
6/4/2020 22:11,71.748,58.916
6/4/2020 23:11,70.286,62.711
6/5/2020 0:11,68.956,64.062
6/5/2020 1:11,68.828,65.126
6/5/2020 2:11,68.785,66.136
6/5/2020 3:11,68.742,69.648
6/5/2020 4:11,68.828,65.991
6/5/2020 5:11,68.828,70.097
6/5/2020 6:11,68.828,69.98
6/5/2020 7:11,70.887,67.709
6/5/2020 8:11,71.62,59.242
6/5/2020 9:11,71.704,63.929
6/5/2020 10:11,71.704,58.544
6/5/2020 11:11,71.748,56.236
6/5/2020 12:11,71.704,59.953
6/5/2020 13:11,71.704,63.628
6/5/2020 14:11,71.704,63.295
6/5/2020 15:11,71.704,61.568
6/5/2020 16:11,71.661,58.203
6/5/2020 17:11,71.661,56.724
6/5/2020 18:11,71.661,55.175
6/5/2020 19:11,71.661,55.206
6/5/2020 20:11,71.661,55.454
6/5/2020 21:11,71.661,55.857
6/5/2020 22:11,71.661,57.002
6/5/2020 23:11,70.201,59.852
6/6/2020 0:11,68.871,58.76
6/6/2020 1:11,68.742,59.084
6/6/2020 2:11,68.698,59.446
6/6/2020 3:11,68.698,59.141
6/6/2020 4:11,68.698,59.263
6/6/2020 5:11,68.698,59.841
6/6/2020 6:11,68.698,59.385
6/6/2020 7:11,70.846,62.974
6/6/2020 8:11,71.533,59.602
6/6/2020 9:11,71.62,56.504
6/6/2020 10:11,71.661,53.93
6/6/2020 11:11,71.661,57.217
6/6/2020 12:11,71.661,60.834
6/6/2020 13:11,71.661,61.078
6/6/2020 14:11,71.704,60.838
6/6/2020 15:11,71.704,59.617
6/6/2020 16:11,71.704,59.953
6/6/2020 17:11,71.748,60.507
6/6/2020 18:11,71.748,60.049
6/6/2020 19:11,71.791,60.663
6/6/2020 20:11,71.834,61.58
6/6/2020 21:11,71.834,63.911
6/6/2020 22:11,71.834,63.398
6/6/2020 23:11,70.372,61.873
6/7/2020 0:11,69.085,65.479
6/7/2020 1:11,68.913,62.796
6/7/2020 2:11,68.871,69.073
6/7/2020 3:11,68.828,69.716
6/7/2020 4:11,68.828,66.793
6/7/2020 5:11,68.828,63.51
6/7/2020 6:11,68.828,69.187
6/7/2020 7:11,70.93,65.627
6/7/2020 8:11,71.62,61.743
6/7/2020 9:11,71.704,56.356
6/7/2020 10:11,71.748,61.42
6/7/2020 11:11,71.748,65.946
6/7/2020 12:11,71.791,63.303
6/7/2020 13:11,71.834,59.292
6/7/2020 14:11,71.834,66.193
6/7/2020 15:11,71.834,61.762
6/7/2020 16:11,71.834,66.074
6/7/2020 17:11,71.877,61.918
6/7/2020 18:11,71.834,65.774
6/7/2020 19:11,71.834,60.179
6/7/2020 20:11,71.877,67.451
6/7/2020 21:11,71.877,60.091
6/7/2020 22:11,71.834,67.357
6/7/2020 23:11,70.416,63.266
6/8/2020 0:11,69.129,72.145
6/8/2020 1:11,68.999,68.851
6/8/2020 2:11,68.956,66.925
6/8/2020 3:11,68.956,70.93
6/8/2020 4:11,68.913,72.209
6/8/2020 5:11,68.956,69.2
6/8/2020 6:11,68.913,68.842
6/8/2020 7:11,71.017,67.782
6/8/2020 8:11,71.704,66.36
6/8/2020 9:11,71.834,66.731
6/8/2020 10:11,71.834,57.602
6/8/2020 11:11,71.877,63.945
6/8/2020 12:11,71.834,67.446
6/8/2020 13:11,71.877,57.667
6/8/2020 14:11,71.877,65.718
6/8/2020 15:11,71.877,57.79
6/8/2020 16:11,71.877,66.705
6/8/2020 17:11,71.834,64.604
6/8/2020 18:11,71.834,58.402
6/8/2020 19:11,71.877,56.68
6/8/2020 20:11,71.877,63.794
6/8/2020 21:11,71.877,65.898
6/8/2020 22:11,71.834,62.793
6/8/2020 23:11,70.372,60.293
6/9/2020 0:11,69.085,63.894
6/9/2020 1:11,68.913,63.608
6/9/2020 2:11,68.871,66.827
6/9/2020 3:11,68.828,66.05
6/9/2020 4:11,68.828,64.738
6/9/2020 5:11,68.785,64.135
6/9/2020 6:11,68.785,64.405
6/9/2020 7:11,70.887,66.281
6/9/2020 8:11,71.62,59.671
6/9/2020 9:11,71.748,59.468
6/9/2020 10:11,71.791,65.5
6/9/2020 11:11,71.834,63.911
6/9/2020 12:11,71.834,61.945
6/9/2020 13:11,71.834,58.31
6/9/2020 14:11,71.877,56.494
6/9/2020 15:11,71.877,56.68
6/9/2020 16:11,71.877,64.307
6/9/2020 17:11,71.877,65.629
6/9/2020 18:11,71.92,66.65
6/9/2020 19:11,71.92,66.59
6/9/2020 20:11,71.92,66.739
6/9/2020 21:11,71.92,66.261
6/9/2020 22:11,71.92,66.859
6/9/2020 23:11,70.459,68.703
6/10/2020 0:11,69.085,68.83
6/10/2020 1:11,68.913,67.75
6/10/2020 2:11,68.871,68.307
6/10/2020 3:11,68.871,69.926
6/10/2020 4:11,68.871,70.775
6/10/2020 5:11,68.871,68.13
6/10/2020 6:11,68.828,66.526
6/10/2020 7:11,70.93,65.986
6/10/2020 8:11,71.661,63.805
6/10/2020 9:11,71.748,62.271
6/10/2020 10:11,71.791,61.91
6/10/2020 11:11,71.791,61.09
6/10/2020 12:11,71.791,60.785
6/10/2020 13:11,71.791,61.789
6/10/2020 14:11,71.748,61.42
6/10/2020 15:11,71.748,61.086
6/10/2020 16:11,71.447,54.816
6/10/2020 17:11,71.231,57.274
6/10/2020 18:11,71.146,55.877
6/10/2020 19:11,71.146,55.629
6/10/2020 20:11,71.146,62.185
6/10/2020 21:11,71.103,60.389
6/10/2020 22:11,71.06,55.157
6/10/2020 23:11,69.814,62.396
6/11/2020 0:11,68.742,64.191
6/11/2020 1:11,68.657,64.033
6/11/2020 2:11,68.614,61.592
6/11/2020 3:11,68.614,62.015
6/11/2020 4:11,68.614,64.777
6/11/2020 5:11,68.614,60.199
6/11/2020 6:11,68.614,65.374
6/11/2020 7:11,70.416,63.869
6/11/2020 8:11,70.974,55.739
6/11/2020 9:11,71.06,60.842
6/11/2020 10:11,71.06,62.631
6/11/2020 11:11,71.06,55.25
6/11/2020 12:11,71.06,59.683
6/11/2020 13:11,71.06,57.875
6/11/2020 14:11,71.06,58.704
6/11/2020 15:11,71.06,60.537
6/11/2020 16:11,71.06,57.629
6/11/2020 17:11,71.06,60.415
6/11/2020 18:11,71.06,54.505
6/11/2020 19:11,71.06,60.141
6/11/2020 20:11,71.06,55.467
6/11/2020 21:11,71.06,59.316
6/11/2020 22:11,71.06,57.844
6/11/2020 23:11,69.814,59.208
6/12/2020 0:11,68.742,63.261
6/12/2020 1:11,68.614,60.805
6/12/2020 2:11,68.614,61.169
6/12/2020 3:11,68.571,63.516
6/12/2020 4:11,68.571,63.666
6/12/2020 5:11,68.571,64.175
6/12/2020 6:11,68.571,63.395
6/12/2020 7:11,70.416,62.844
6/12/2020 8:11,70.93,62.438
6/12/2020 9:11,71.06,63.447
6/12/2020 10:11,71.06,63.055
6/12/2020 11:11,71.06,64.17
6/12/2020 12:11,71.103,62.968
6/12/2020 13:11,71.146,61.305
6/12/2020 14:11,71.146,60.27
6/12/2020 15:11,71.146,60.27
6/12/2020 16:11,71.19,64.182
6/12/2020 17:11,71.317,62.746
6/12/2020 18:11,71.361,62.387
6/12/2020 19:11,71.361,62.447
6/12/2020 20:11,71.404,62.088
6/12/2020 21:11,71.404,57.627
6/12/2020 22:11,71.447,56.767
6/12/2020 23:11,70.072,61.148
6/13/2020 0:11,68.956,59.316
6/13/2020 1:11,68.785,60.608
6/13/2020 2:11,68.742,59.663
6/13/2020 3:11,68.698,59.355
6/13/2020 4:11,68.657,59.533
6/13/2020 5:11,68.657,59.594
6/13/2020 6:11,68.657,59.777
6/13/2020 7:11,70.502,55.019
6/13/2020 8:11,71.146,53.328
6/13/2020 9:11,71.231,53.21
6/13/2020 10:11,71.317,58.204
6/13/2020 11:11,71.361,60.747
6/13/2020 12:11,71.361,53.969
6/13/2020 13:11,71.361,57.439
6/13/2020 14:11,71.404,60.537
6/13/2020 15:11,71.404,53.692
6/13/2020 16:11,71.404,59.315
6/13/2020 17:11,71.447,57.415
6/13/2020 18:11,71.404,59.774
6/13/2020 19:11,71.447,56.675
6/13/2020 20:11,71.447,56.582
6/13/2020 21:11,71.404,59.621
6/13/2020 22:11,71.404,54.346
6/13/2020 23:11,70.115,59.753
6/14/2020 0:11,68.999,60.9
6/14/2020 1:11,68.871,59.309
6/14/2020 2:11,68.828,58.298
6/14/2020 3:11,68.785,59.94
6/14/2020 4:11,68.742,59.724
6/14/2020 5:11,68.742,55.742
6/14/2020 6:11,68.698,56.015
6/14/2020 7:11,70.543,58.046
6/14/2020 8:11,71.146,58.864
6/14/2020 9:11,71.231,59.27
6/14/2020 10:11,71.317,58.358
6/14/2020 11:11,71.317,54.152
6/14/2020 12:11,71.317,58.358
6/14/2020 13:11,71.317,59.797
6/14/2020 14:11,71.361,55.399
6/14/2020 15:11,71.404,60.811
6/14/2020 16:11,71.447,54.971
6/14/2020 17:11,71.447,60.815
6/14/2020 18:11,71.447,55.654
6/14/2020 19:11,71.447,61.393
6/14/2020 20:11,71.49,58.219
6/14/2020 21:11,71.49,53.449
6/14/2020 22:11,71.447,60.724
6/14/2020 23:11,70.201,58.568
6/15/2020 0:11,69.085,62.782
6/15/2020 1:11,68.913,62.133
6/15/2020 2:11,68.871,60.949
6/15/2020 3:11,68.871,57.137
6/15/2020 4:11,68.828,61.188
6/15/2020 5:11,68.828,61.43
6/15/2020 6:11,68.828,58.786
6/15/2020 7:11,70.673,55.962
6/15/2020 8:11,71.231,56.163
6/15/2020 9:11,71.404,57.75
6/15/2020 10:11,71.49,59.476
6/15/2020 11:11,71.49,58.219
6/15/2020 12:11,71.49,55.843
6/15/2020 13:11,71.533,55.227
6/15/2020 14:11,71.577,64.639
6/15/2020 15:11,71.62,62.955
6/15/2020 16:11,71.62,57.46
6/15/2020 17:11,71.62,63.318
6/15/2020 18:11,71.62,65.364
6/15/2020 19:11,71.661,60.743
6/15/2020 20:11,71.661,55.826
6/15/2020 21:11,71.577,65.24
6/15/2020 22:11,71.62,59.671
6/15/2020 23:11,70.286,60.681
6/16/2020 0:11,69.17,62.85
6/16/2020 1:11,68.999,65.65
6/16/2020 2:11,68.956,64.631
6/16/2020 3:11,68.913,64.058
6/16/2020 4:11,68.913,64.088
6/16/2020 5:11,68.871,64.383
6/16/2020 6:11,68.913,61.589
6/16/2020 7:11,70.716,61.176
6/16/2020 8:11,71.274,63.135
6/16/2020 9:11,71.404,55.092
6/16/2020 10:11,71.49,63.185
6/16/2020 11:11,71.49,61.093
6/16/2020 12:11,71.533,63.853
6/16/2020 13:11,71.533,62.705
6/16/2020 14:11,71.533,60.03
6/16/2020 15:11,71.577,65.57
6/16/2020 16:11,71.533,61.674
6/16/2020 17:11,71.577,63.465
6/16/2020 18:11,71.577,62.406
6/16/2020 19:11,71.577,57.765
6/16/2020 20:11,71.577,65.689
6/16/2020 21:11,71.577,59.422
6/16/2020 22:11,71.533,64.605
6/16/2020 23:11,70.243,61.831
6/17/2020 0:11,69.129,60.76
6/17/2020 1:11,68.956,63.792
6/17/2020 2:11,68.871,65.25
6/17/2020 3:11,68.871,62.852
6/17/2020 4:11,68.871,60.798
6/17/2020 5:11,68.871,65.369
6/17/2020 6:11,68.871,59.978
6/17/2020 7:11,70.716,58.429
6/17/2020 8:11,71.274,58.354
6/17/2020 9:11,71.361,62.72
6/17/2020 10:11,71.447,56.057
6/17/2020 11:11,71.49,60.545
6/17/2020 12:11,71.447,65.018
6/17/2020 13:11,71.49,55.75
6/17/2020 14:11,71.49,61.762
6/17/2020 15:11,71.533,62.856
6/17/2020 16:11,71.49,62.126
6/17/2020 17:11,71.533,62.069
6/17/2020 18:11,71.533,63.461
6/17/2020 19:11,71.533,56.187
6/17/2020 20:11,71.577,64.038
6/17/2020 21:11,71.533,55.754
6/17/2020 22:11,71.533,64.485
6/17/2020 23:11,70.201,59.302
6/18/2020 0:11,69.085,62.992
6/18/2020 1:11,68.956,60.138
6/18/2020 2:11,68.913,66.386
6/18/2020 3:11,68.913,63.488
6/18/2020 4:11,68.913,61.982
6/18/2020 5:11,68.871,67.124
6/18/2020 6:11,68.913,62.465
6/18/2020 7:11,70.716,57.753
6/18/2020 8:11,71.317,58.971
6/18/2020 9:11,71.404,64.232
6/18/2020 10:11,71.404,64.953
6/18/2020 11:11,71.49,57.018
6/18/2020 12:11,71.49,62.095
6/18/2020 13:11,71.49,66.19
6/18/2020 14:11,71.447,64.627
6/18/2020 15:11,71.49,59.109
6/18/2020 16:11,71.49,65.921
6/18/2020 17:11,71.533,56.125
6/18/2020 18:11,71.49,62.61
6/18/2020 19:11,71.49,61.336
6/18/2020 20:11,71.49,64.391
6/18/2020 21:11,71.49,59.292
6/18/2020 22:11,71.49,64.15
6/18/2020 23:11,70.243,61.8
6/19/2020 0:11,69.17,68.249
6/19/2020 1:11,69.042,63.95
6/19/2020 2:11,68.999,68.586
6/19/2020 3:11,68.956,65.527
6/19/2020 4:11,68.956,64.182
6/19/2020 5:11,68.956,68.905
6/19/2020 6:11,68.913,67.986
6/19/2020 7:11,70.716,66.8
6/19/2020 8:11,71.317,63.199
6/19/2020 9:11,71.404,63.841
6/19/2020 10:11,71.577,62.103
6/19/2020 11:11,71.577,64.489
6/19/2020 12:11,71.62,65.124
6/19/2020 13:11,71.62,59.885
6/19/2020 14:11,71.661,61.017
6/19/2020 15:11,71.577,64.94
6/19/2020 16:11,71.62,60.373
6/19/2020 17:11,71.62,60.434
6/19/2020 18:11,71.62,64.944
6/19/2020 19:11,71.661,55.888
6/19/2020 20:11,71.661,64.015
6/19/2020 21:11,71.62,62.137
6/19/2020 22:11,71.62,56.071
6/19/2020 23:11,70.243,63.19
6/20/2020 0:11,69.129,60.031
6/20/2020 1:11,68.956,65.198
6/20/2020 2:11,68.913,66.386
6/20/2020 3:11,68.913,60.012
6/20/2020 4:11,68.871,64.712
6/20/2020 5:11,68.871,65.22
6/20/2020 6:11,68.871,60.464
6/20/2020 7:11,70.803,57.761
6/20/2020 8:11,71.447,58.86
6/20/2020 9:11,71.577,62.225
6/20/2020 10:11,71.577,61.435
6/20/2020 11:11,71.577,57.888
6/20/2020 12:11,71.533,62.796
6/20/2020 13:11,71.577,61.314
6/20/2020 14:11,71.577,58.318
6/20/2020 15:11,71.62,63.106
6/20/2020 16:11,71.62,63.016
6/20/2020 17:11,71.62,57.645
6/20/2020 18:11,71.62,63.831
6/20/2020 19:11,71.62,55.978
6/20/2020 20:11,71.62,63.318
6/20/2020 21:11,71.62,55.234
6/20/2020 22:11,71.62,63.287
6/20/2020 23:11,70.286,64.037
6/21/2020 0:11,69.129,67.564
6/21/2020 1:11,68.999,61.355
6/21/2020 2:11,68.956,67.961
6/21/2020 3:11,68.956,64.75
6/21/2020 4:11,68.956,66.003
6/21/2020 5:11,68.999,64.305
6/21/2020 6:11,68.956,68.67
6/21/2020 7:11,70.887,65.024
6/21/2020 8:11,71.49,64.27
6/21/2020 9:11,71.577,65.779
6/21/2020 10:11,71.62,66.232
6/21/2020 11:11,71.62,61.439
6/21/2020 12:11,71.62,58.598
6/21/2020 13:11,71.661,63.171
6/21/2020 14:11,71.62,65.813
6/21/2020 15:11,71.661,56.476
6/21/2020 16:11,71.62,65.664
6/21/2020 17:11,71.661,63.805
6/21/2020 18:11,71.704,61.538
6/21/2020 19:11,71.661,66.266
6/21/2020 20:11,71.704,57.499
6/21/2020 21:11,71.661,65.608
6/21/2020 22:11,71.704,56.48
6/21/2020 23:11,70.329,66.375
6/22/2020 0:11,69.213,65.014
6/22/2020 1:11,69.085,61.756
6/22/2020 2:11,69.042,69.091
6/22/2020 3:11,68.999,63.496
6/22/2020 4:11,68.999,68.497
6/22/2020 5:11,68.956,62.92
6/22/2020 6:11,68.913,67.395
6/22/2020 7:11,70.846,63.939
6/22/2020 8:11,71.447,63.724
6/22/2020 9:11,71.533,63.732
6/22/2020 10:11,71.533,55.971
6/22/2020 11:11,71.533,58.345
6/22/2020 12:11,71.577,61.952
6/22/2020 13:11,71.577,57.364
6/22/2020 14:11,71.577,60.644
6/22/2020 15:11,71.577,56.315
6/22/2020 16:11,71.577,61.283
6/22/2020 17:11,71.62,55.885
6/22/2020 18:11,71.62,61.773
6/22/2020 19:11,71.62,55.358
6/22/2020 20:11,71.661,62.141
6/22/2020 21:11,71.661,57.557
6/22/2020 22:11,71.62,60.952
6/22/2020 23:11,70.201,60.826
6/23/2020 0:11,69.085,63.984
6/23/2020 1:11,68.956,64.212
6/23/2020 2:11,68.913,64.237
6/23/2020 3:11,68.871,63.333
6/23/2020 4:11,68.871,62.882
6/23/2020 5:11,68.913,58.763
6/23/2020 6:11,68.913,65.254
6/23/2020 7:11,70.803,62.547
6/23/2020 8:11,71.49,55.161
6/23/2020 9:11,71.62,60.983
6/23/2020 10:11,71.62,63.8
6/23/2020 11:11,71.62,59.732
6/23/2020 12:11,71.62,61.165
6/23/2020 13:11,71.661,55.485
6/23/2020 14:11,71.661,60.926
6/23/2020 15:11,71.661,60.652
6/23/2020 16:11,71.62,58.045
6/23/2020 17:11,71.661,55.609
6/23/2020 18:11,71.62,59.824
6/23/2020 19:11,71.62,59.732
6/23/2020 20:11,71.661,56.415
6/23/2020 21:11,71.661,62.293
6/23/2020 22:11,71.704,55.458
6/23/2020 23:11,70.286,64.967
6/24/2020 0:11,69.17,66.619
6/24/2020 1:11,69.042,66.369
6/24/2020 2:11,68.999,66.84
6/24/2020 3:11,68.956,65.735
6/24/2020 4:11,68.999,61.082
6/24/2020 5:11,68.956,66.182
6/24/2020 6:11,68.956,66.687
6/24/2020 7:11,70.887,65.474
6/24/2020 8:11,71.533,64.575
6/24/2020 9:11,71.62,56.411
6/24/2020 10:11,71.62,64.011
6/24/2020 11:11,71.661,56.012
6/24/2020 12:11,71.62,62.471
6/24/2020 13:11,71.62,55.978
6/24/2020 14:11,71.661,61.413
6/24/2020 15:11,71.62,61.135
6/24/2020 16:11,71.62,59.487
6/24/2020 17:11,71.661,53.775
6/24/2020 18:11,71.661,61.808
6/24/2020 19:11,71.661,57.156
6/24/2020 20:11,71.661,53.868
6/24/2020 21:11,71.704,60.747
6/24/2020 22:11,71.661,58.755
6/24/2020 23:11,70.286,59.157
6/25/2020 0:11,69.17,65.786
6/25/2020 1:11,69.042,66.577
6/25/2020 2:11,68.999,66.988
6/25/2020 3:11,68.999,66.899
6/25/2020 4:11,68.999,66.721
6/25/2020 5:11,68.956,66.895
6/25/2020 6:11,68.956,66.925
6/25/2020 7:11,70.93,57.526
6/25/2020 8:11,71.577,58.625
6/25/2020 9:11,71.62,64.493
6/25/2020 10:11,71.661,56.012
6/25/2020 11:11,71.661,61.2
6/25/2020 12:11,71.661,56.971
6/25/2020 13:11,71.661,60.072
6/25/2020 14:11,71.661,61.108
6/25/2020 15:11,71.661,62.989
6/25/2020 16:11,71.704,61.994
6/25/2020 17:11,71.748,60.14
6/25/2020 18:11,71.748,59.437
6/25/2020 19:11,71.748,60.415
6/25/2020 20:11,71.748,56.422
6/25/2020 21:11,71.748,55.213
6/25/2020 22:11,71.748,57.317
6/25/2020 23:11,70.372,64.465
6/26/2020 0:11,69.213,62.643
6/26/2020 1:11,69.085,65.271
6/26/2020 2:11,69.085,63.624
6/26/2020 3:11,69.042,68.058
6/26/2020 4:11,69.042,67.97
6/26/2020 5:11,69.042,67.615
6/26/2020 6:11,68.999,62.442
6/26/2020 7:11,70.974,63.499
6/26/2020 8:11,71.62,66.382
6/26/2020 9:11,71.704,58.913
6/26/2020 10:11,71.704,66.121
6/26/2020 11:11,71.704,56.912
6/26/2020 12:11,71.748,64.415
6/26/2020 13:11,71.748,57.964
6/26/2020 14:11,71.748,61.785
6/26/2020 15:11,71.748,65.436
6/26/2020 16:11,71.748,59.927
6/26/2020 17:11,71.748,65.226
6/26/2020 18:11,71.748,62.483
6/26/2020 19:11,71.791,58.306
6/26/2020 20:11,71.748,65.346
6/26/2020 21:11,71.748,59.804
6/26/2020 22:11,71.748,60.476
6/26/2020 23:11,70.372,65.334
6/27/2020 0:11,69.213,66.237
6/27/2020 1:11,69.085,61.06
6/27/2020 2:11,69.042,68.649
6/27/2020 3:11,68.999,64.365
6/27/2020 4:11,68.999,67.906
6/27/2020 5:11,68.999,66.365
6/27/2020 6:11,68.999,68.172
6/27/2020 7:11,70.93,65.867
6/27/2020 8:11,71.577,63.736
6/27/2020 9:11,71.661,56.785
6/27/2020 10:11,71.704,59.923
6/27/2020 11:11,71.748,61.998
6/27/2020 12:11,71.661,65.877
6/27/2020 13:11,71.748,56.391
6/27/2020 14:11,71.704,64.11
6/27/2020 15:11,71.661,60.377
6/27/2020 16:11,71.704,62.781
6/27/2020 17:11,71.661,57.741
6/27/2020 18:11,71.748,62.422
6/27/2020 19:11,71.704,60.838
6/27/2020 20:11,71.704,63.144
6/27/2020 21:11,71.704,57.344
6/27/2020 22:11,71.748,63.632
6/27/2020 23:11,70.329,64.731
6/28/2020 0:11,69.213,65.313
6/28/2020 1:11,69.085,68.86
6/28/2020 2:11,69.042,64.19
6/28/2020 3:11,68.999,68.586
6/28/2020 4:11,68.999,68.88
6/28/2020 5:11,68.999,65.352
6/28/2020 6:11,68.999,68.969
6/28/2020 7:11,70.93,67.535
6/28/2020 8:11,71.62,66.531
6/28/2020 9:11,71.661,59.277
6/28/2020 10:11,71.704,61.386
6/28/2020 11:11,71.704,64.441
6/28/2020 12:11,71.704,59.617
6/28/2020 13:11,71.748,64.144
6/28/2020 14:11,71.704,63.356
6/28/2020 15:11,71.748,61.238
6/28/2020 16:11,71.748,61.238
6/28/2020 17:11,71.748,65.196
6/28/2020 18:11,71.704,59.862
6/28/2020 19:11,71.704,66.211
6/28/2020 20:11,71.748,58.487
6/28/2020 21:11,71.704,65.402
6/28/2020 22:11,71.748,56.36
6/28/2020 23:11,70.329,66.524
6/29/2020 0:11,69.17,69.045
6/29/2020 1:11,69.042,68.973
6/29/2020 2:11,68.999,67.492
6/29/2020 3:11,68.999,66.216
6/29/2020 4:11,68.999,66.632
6/29/2020 5:11,68.956,61.563
6/29/2020 6:11,68.956,68.316
6/29/2020 7:11,70.887,62.404
6/29/2020 8:11,71.49,61.336
6/29/2020 9:11,71.62,56.442
6/29/2020 10:11,71.017,66.949
6/29/2020 11:11,70.974,67.272
6/29/2020 12:11,70.974,62.382
6/29/2020 13:11,70.974,69.759
6/29/2020 14:11,70.974,69.199
6/29/2020 15:11,70.974,61.32
6/29/2020 16:11,70.974,63.198
6/29/2020 17:11,70.974,61.533
6/29/2020 18:11,71.017,69.203
6/29/2020 19:11,71.017,71.263
6/29/2020 20:11,71.017,68.197
6/29/2020 21:11,71.017,62.022
6/29/2020 22:11,71.017,69.705
6/29/2020 23:11,69.858,70.995
6/30/2020 0:11,68.999,74.622
6/30/2020 1:11,68.871,68.396
6/30/2020 2:11,68.871,69.426
6/30/2020 3:11,68.828,67.327
6/30/2020 4:11,68.828,66.853
6/30/2020 5:11,68.828,67.623
6/30/2020 6:11,68.828,74.315
6/30/2020 7:11,70.416,61.877
6/30/2020 8:11,70.887,71.337
6/30/2020 9:11,70.93,69.49
6/30/2020 10:11,71.017,66.233
6/30/2020 11:11,70.974,64.131
6/30/2020 12:11,71.017,70.705
6/30/2020 13:11,70.974,70.907
6/30/2020 14:11,71.017,69.055
6/30/2020 15:11,71.017,63.684
6/30/2020 16:11,70.974,69.051
6/30/2020 17:11,71.017,66.77
6/30/2020 18:11,71.017,69.055
6/30/2020 19:11,71.017,61.931
6/30/2020 20:11,71.06,71.678
6/30/2020 21:11,71.06,67.013
6/30/2020 22:11,71.06,67.816
6/30/2020 23:11,69.858,71.96
7/1/2020 0:11,68.999,74.189
7/1/2020 1:11,68.913,74.324
7/1/2020 2:11,68.871,74.002
7/1/2020 3:11,68.871,73.944
7/1/2020 4:11,68.828,73.708
7/1/2020 5:11,68.828,72.578
7/1/2020 6:11,68.828,68.007
7/1/2020 7:11,70.459,71.175
7/1/2020 8:11,70.887,66.996
7/1/2020 9:11,70.974,67.421
7/1/2020 10:11,70.974,68.252
7/1/2020 11:11,70.974,71.024
7/1/2020 12:11,71.017,71.175
7/1/2020 13:11,71.017,69.321
7/1/2020 14:11,71.017,68.404
7/1/2020 15:11,71.017,71.527
7/1/2020 16:11,71.017,70.353
7/1/2020 17:11,71.017,65.875
7/1/2020 18:11,71.06,64.651
7/1/2020 19:11,71.06,65.849
7/1/2020 20:11,71.06,67.162
7/1/2020 21:11,71.06,65.61
7/1/2020 22:11,71.06,68.231
7/1/2020 23:11,69.901,69.826
7/2/2020 0:11,68.999,70.349
7/2/2020 1:11,68.913,72.471
7/2/2020 2:11,68.871,72.059
7/2/2020 3:11,68.871,67.361
7/2/2020 4:11,68.871,72.67
7/2/2020 5:11,68.828,72.926
7/2/2020 6:11,68.828,68.892
7/2/2020 7:11,70.459,67.667
7/2/2020 8:11,70.887,65.653
7/2/2020 9:11,70.974,69.405
7/2/2020 10:11,71.017,70.617
7/2/2020 11:11,71.017,65.905
7/2/2020 12:11,71.017,60.411
7/2/2020 13:11,71.06,63.718
7/2/2020 14:11,71.06,67.013
7/2/2020 15:11,71.06,67.37
7/2/2020 16:11,71.06,69.562
7/2/2020 17:11,71.06,70.769
7/2/2020 18:11,71.103,61.514
7/2/2020 19:11,71.103,67.612
7/2/2020 20:11,71.103,68.235
7/2/2020 21:11,71.103,67.106
7/2/2020 22:11,71.103,69.005
7/2/2020 23:11,69.901,64.391
7/3/2020 0:11,69.042,70.178
7/3/2020 1:11,68.913,73.486
7/3/2020 2:11,68.913,72.993
7/3/2020 3:11,68.871,68.867
7/3/2020 4:11,68.828,70.244
7/3/2020 5:11,68.828,71.734
7/3/2020 6:11,68.828,71.53
7/3/2020 7:11,70.459,69.559
7/3/2020 8:11,70.974,70.231
7/3/2020 9:11,71.017,64.256
7/3/2020 10:11,71.06,70.475
7/3/2020 11:11,71.06,61.298
7/3/2020 12:11,71.06,69.827
7/3/2020 13:11,71.103,60.48
7/3/2020 14:11,71.103,68.798
7/3/2020 15:11,71.06,68.853
7/3/2020 16:11,71.103,62
7/3/2020 17:11,71.103,68.235
7/3/2020 18:11,71.103,70.391
7/3/2020 19:11,71.103,62.907
7/3/2020 20:11,71.103,70.067
7/3/2020 21:11,71.103,64.114
7/3/2020 22:11,71.103,70.008
7/3/2020 23:11,69.942,64.964
7/4/2020 0:11,69.085,65.211
7/4/2020 1:11,68.956,71.339
7/4/2020 2:11,68.913,66.237
7/4/2020 3:11,68.871,72.641
7/4/2020 4:11,68.871,69.25
7/4/2020 5:11,68.871,68.012
7/4/2020 6:11,68.871,73.018
7/4/2020 7:11,70.502,69.446
7/4/2020 8:11,70.974,62.926
7/4/2020 9:11,71.06,70.239
7/4/2020 10:11,71.103,62.666
7/4/2020 11:11,71.103,68.472
7/4/2020 12:11,71.103,65.943
7/4/2020 13:11,71.103,68.561
7/4/2020 14:11,71.103,70.126
7/4/2020 15:11,71.06,60.202
7/4/2020 16:11,71.06,68.201
7/4/2020 17:11,71.103,62.424
7/4/2020 18:11,71.103,69.478
7/4/2020 19:11,71.103,65.913
7/4/2020 20:11,71.103,61.878
7/4/2020 21:11,71.146,66.306
7/4/2020 22:11,71.146,70.131
7/4/2020 23:11,69.942,63.914
7/5/2020 0:11,69.042,65.595
7/5/2020 1:11,68.956,64.81
7/5/2020 2:11,68.913,68.518
7/5/2020 3:11,68.871,65.757
7/5/2020 4:11,68.871,67.834
7/5/2020 5:11,68.828,65.634
7/5/2020 6:11,68.871,66.59
7/5/2020 7:11,70.502,68.086
7/5/2020 8:11,70.974,67.153
7/5/2020 9:11,71.103,62.454
7/5/2020 10:11,71.103,65.764
7/5/2020 11:11,71.103,69.861
7/5/2020 12:11,71.146,65.857
7/5/2020 13:11,71.146,63.183
7/5/2020 14:11,71.103,67.731
7/5/2020 15:11,71.146,70.189
7/5/2020 16:11,71.146,62.155
7/5/2020 17:11,71.103,69.153
7/5/2020 18:11,71.146,67.943
7/5/2020 19:11,71.146,61.791
7/5/2020 20:11,71.146,69.924
7/5/2020 21:11,71.146,67.438
7/5/2020 22:11,71.146,62.791
7/5/2020 23:11,69.942,69.33
7/6/2020 0:11,69.042,71.202
7/6/2020 1:11,68.913,73.167
7/6/2020 2:11,68.913,64.387
7/6/2020 3:11,68.871,69.426
7/6/2020 4:11,68.871,64.832
7/6/2020 5:11,68.871,66.322
7/6/2020 6:11,68.871,65.28
7/6/2020 7:11,70.502,70.945
7/6/2020 8:11,70.974,64.762
7/6/2020 9:11,71.06,59.958
7/6/2020 10:11,71.103,63.963
7/6/2020 11:11,71.146,64.178
7/6/2020 12:11,71.146,68.477
7/6/2020 13:11,71.146,70.16
7/6/2020 14:11,71.146,65.199
7/6/2020 15:11,71.146,60.667
7/6/2020 16:11,71.146,70.425
7/6/2020 17:11,71.146,69.807
7/6/2020 18:11,71.19,66.668
7/6/2020 19:11,71.146,61.184
7/6/2020 20:11,71.146,70.484
7/6/2020 21:11,71.146,66.306
7/6/2020 22:11,71.146,60.362
7/6/2020 23:11,69.942,70.799
7/7/2020 0:11,69.085,65.002
7/7/2020 1:11,68.956,68.316
7/7/2020 2:11,68.913,72.819
7/7/2020 3:11,68.871,71.243
7/7/2020 4:11,68.871,69.75
7/7/2020 5:11,68.871,71.739
7/7/2020 6:11,68.871,72.234
7/7/2020 7:11,70.543,62.675
7/7/2020 8:11,71.017,69.852
7/7/2020 9:11,71.103,67.404
7/7/2020 10:11,71.103,64.144
7/7/2020 11:11,71.103,61.666
7/7/2020 12:11,71.103,62.424
7/7/2020 13:11,72.696,57.489
7/7/2020 14:11,72.826,63.853
7/7/2020 15:11,73.386,58.842
7/7/2020 16:11,74.077,59.363
7/7/2020 17:11,73.342,60.036
7/7/2020 18:11,73.256,60.885
7/7/2020 19:11,73.256,60.64
7/7/2020 20:11,73.213,60.331
7/7/2020 21:11,73.213,61.156
7/7/2020 22:11,73.213,59.503
7/7/2020 23:11,71.361,63.746
7/8/2020 0:11,69.685,67.026
7/8/2020 1:11,69.471,66.708
7/8/2020 2:11,69.427,66.644
7/8/2020 3:11,69.386,66.759
7/8/2020 4:11,69.386,66.729
7/8/2020 5:11,69.386,66.818
7/8/2020 6:11,69.386,67.145
7/8/2020 7:11,72.05,62.51
7/8/2020 8:11,73.04,61.445
7/8/2020 9:11,73.126,60.384
7/8/2020 10:11,73.126,61.24
7/8/2020 11:11,73.17,60.235
7/8/2020 12:11,73.17,61.06
7/8/2020 13:11,73.17,59.868
7/8/2020 14:11,73.213,60.942
7/8/2020 15:11,73.213,60.667
7/8/2020 16:11,73.213,60.055
7/8/2020 17:11,73.213,61.156
7/8/2020 18:11,73.213,60.575
7/8/2020 19:11,73.256,60.732
7/8/2020 20:11,73.213,60.82
7/8/2020 21:11,73.256,60.365
7/8/2020 22:11,73.256,61.038
7/8/2020 23:11,71.317,62.201
7/9/2020 0:11,69.685,67.115
7/9/2020 1:11,69.471,67.687
7/9/2020 2:11,69.427,67.031
7/9/2020 3:11,69.386,66.759
7/9/2020 4:11,69.386,67.708
7/9/2020 5:11,69.386,67.649
7/9/2020 6:11,69.343,66.874
7/9/2020 7:11,72.093,63.935
7/9/2020 8:11,72.997,59.883
7/9/2020 9:11,73.126,61.148
7/9/2020 10:11,73.126,60.507
7/9/2020 11:11,73.17,60.296
7/9/2020 12:11,73.17,61.152
7/9/2020 13:11,73.386,60.101
7/9/2020 14:11,73.429,61.541
7/9/2020 15:11,73.299,58.927
7/9/2020 16:11,73.256,61.769
7/9/2020 17:11,73.256,62.013
7/9/2020 18:11,73.256,60.946
7/9/2020 19:11,73.256,59.936
7/9/2020 20:11,73.299,62.078
7/9/2020 21:11,73.256,61.556
7/9/2020 22:11,73.256,60.09
7/9/2020 23:11,71.404,61.936
7/10/2020 0:11,69.771,66.38
7/10/2020 1:11,69.514,66.653
7/10/2020 2:11,69.471,67.154
7/10/2020 3:11,69.427,67.564
7/10/2020 4:11,69.427,67.772
7/10/2020 5:11,69.427,66.019
7/10/2020 6:11,69.386,66.492
7/10/2020 7:11,72.007,61.444
7/10/2020 8:11,72.955,59.205
7/10/2020 9:11,73.083,60.411
7/10/2020 10:11,73.126,61.209
7/10/2020 11:11,73.126,59.312
7/10/2020 12:11,73.126,58.605
7/10/2020 13:11,73.17,60.724
7/10/2020 14:11,73.17,59.99
7/10/2020 15:11,73.17,58.485
7/10/2020 16:11,73.17,59.561
7/10/2020 17:11,73.17,60.938
7/10/2020 18:11,73.126,59.005
7/10/2020 19:11,73.17,59.837
7/10/2020 20:11,73.17,60.969
7/10/2020 21:11,73.213,58.828
7/10/2020 22:11,73.213,60.453
7/10/2020 23:11,71.404,63.449
7/11/2020 0:11,69.728,65.183
7/11/2020 1:11,69.514,67.187
7/11/2020 2:11,69.471,66.262
7/11/2020 3:11,69.427,65.632
7/11/2020 4:11,69.427,67.268
7/11/2020 5:11,69.427,66.317
7/11/2020 6:11,69.386,66.759
7/11/2020 7:11,72.007,62.658
7/11/2020 8:11,72.955,60.155
7/11/2020 9:11,73.126,61.209
7/11/2020 10:11,73.126,60.445
7/11/2020 11:11,73.17,58.639
7/11/2020 12:11,73.17,60.908
7/11/2020 13:11,73.17,58.485
7/11/2020 14:11,73.213,60.3
7/11/2020 15:11,73.17,60.388
7/11/2020 16:11,73.17,58.146
7/11/2020 17:11,73.213,60.85
7/11/2020 18:11,73.213,59.135
7/11/2020 19:11,73.213,60.055
7/11/2020 20:11,73.213,61.003
7/11/2020 21:11,73.213,58.119
7/11/2020 22:11,73.213,60.82
7/11/2020 23:11,71.361,61.871
7/12/2020 0:11,69.685,65.209
7/12/2020 1:11,69.514,65.7
7/12/2020 2:11,69.427,65.9
7/12/2020 3:11,69.427,66.941
7/12/2020 4:11,69.386,66.7
7/12/2020 5:11,69.427,65.423
7/12/2020 6:11,69.386,67.026
7/12/2020 7:11,72.007,62.537
7/12/2020 8:11,72.955,60.002
7/12/2020 9:11,73.04,58.228
7/12/2020 10:11,73.083,59.154
7/12/2020 11:11,73.083,60.503
7/12/2020 12:11,73.083,58.786
7/12/2020 13:11,73.083,58.478
7/12/2020 14:11,73.126,60.078
7/12/2020 15:11,73.126,57.742
7/12/2020 16:11,73.126,60.293
7/12/2020 17:11,73.126,57.402
7/12/2020 18:11,73.126,60.293
7/12/2020 19:11,73.17,58.023
7/12/2020 20:11,73.17,60.296
7/12/2020 21:11,73.17,57.992
7/12/2020 22:11,73.17,60.021
7/12/2020 23:11,71.361,60.716
7/13/2020 0:11,69.685,65.776
7/13/2020 1:11,69.514,65.64
7/13/2020 2:11,69.427,66.882
7/13/2020 3:11,69.427,65.512
7/13/2020 4:11,69.427,66.823
7/13/2020 5:11,69.386,67.056
7/13/2020 6:11,69.386,66.075
7/13/2020 7:11,72.007,61.078
7/13/2020 8:11,72.912,59.047
7/13/2020 9:11,73.04,60.621
7/13/2020 10:11,73.083,59.86
7/13/2020 11:11,73.299,60.247
7/13/2020 12:11,73.299,58.589
7/13/2020 13:11,72.912,60.274
7/13/2020 14:11,72.912,60.518
7/13/2020 15:11,73.386,59.058
7/13/2020 16:11,73.213,60.392
7/13/2020 17:11,73.213,59.104
7/13/2020 18:11,73.17,59.5
7/13/2020 19:11,73.213,61.552
7/13/2020 20:11,73.213,59.933
7/13/2020 21:11,73.17,58.054
7/13/2020 22:11,73.213,61.644
7/13/2020 23:11,71.447,63.241
7/14/2020 0:11,69.814,67.217
7/14/2020 1:11,69.6,67.492
7/14/2020 2:11,69.514,67.454
7/14/2020 3:11,69.514,67.247
7/14/2020 4:11,69.514,67.217
7/14/2020 5:11,69.471,67.42
7/14/2020 6:11,69.514,66.445
7/14/2020 7:11,72.007,62.415
7/14/2020 8:11,72.955,60.43
7/14/2020 9:11,73.083,60.411
7/14/2020 10:11,73.126,57.062
7/14/2020 11:11,73.126,61.544
7/14/2020 12:11,73.126,59.649
7/14/2020 13:11,73.126,59.158
7/14/2020 14:11,73.17,57.282
7/14/2020 15:11,73.17,61.274
7/14/2020 16:11,73.17,60.174
7/14/2020 17:11,73.17,58.023
7/14/2020 18:11,73.17,61.548
7/14/2020 19:11,73.17,59.806
7/14/2020 20:11,73.17,57.807
7/14/2020 21:11,73.17,60.877
7/14/2020 22:11,73.17,60.663
7/14/2020 23:11,71.361,60.289
7/15/2020 0:11,69.771,63.237
7/15/2020 1:11,69.514,64.654
7/15/2020 2:11,69.471,64.2
7/15/2020 3:11,69.471,66.143
7/15/2020 4:11,69.427,66.615
7/15/2020 5:11,69.427,66.852
7/15/2020 6:11,69.427,65.184
7/15/2020 7:11,72.007,61.413
7/15/2020 8:11,72.912,61.647
7/15/2020 9:11,72.997,59.239
7/15/2020 10:11,73.04,59.427
7/15/2020 11:11,73.04,58.751
7/15/2020 12:11,73.083,60.686
7/15/2020 13:11,73.04,58.751
7/15/2020 14:11,73.04,57.395
7/15/2020 15:11,74.163,57.551
7/15/2020 16:11,73.818,59.587
7/15/2020 17:11,73.558,59.472
7/15/2020 18:11,73.558,59.564
7/15/2020 19:11,73.558,58.364
7/15/2020 20:11,73.515,58.977
7/15/2020 21:11,73.515,59.468
7/15/2020 22:11,73.515,60.112
7/15/2020 23:11,71.404,62.148
7/16/2020 0:11,69.643,63.104
7/16/2020 1:11,69.427,63.145
7/16/2020 2:11,69.427,64.616
7/16/2020 3:11,69.386,64.971
7/16/2020 4:11,69.343,66.398
7/16/2020 5:11,69.343,64.637
7/16/2020 6:11,69.343,63.978
7/16/2020 7:11,72.351,63.265
7/16/2020 8:11,73.299,55.276
7/16/2020 9:11,73.429,60.166
7/16/2020 10:11,73.429,56.809
7/16/2020 11:11,73.429,59.706
7/16/2020 12:11,73.472,58.696
7/16/2020 13:11,73.429,57.953
7/16/2020 14:11,73.472,57.647
7/16/2020 15:11,73.472,56.192
7/16/2020 16:11,73.515,57.713
7/16/2020 17:11,73.515,58.73
7/16/2020 18:11,73.515,58.422
7/16/2020 19:11,73.558,56.199
7/16/2020 20:11,73.558,54.331
7/16/2020 21:11,73.515,59.253
7/16/2020 22:11,73.558,60.484
7/16/2020 23:11,71.404,59.682
7/17/2020 0:11,69.685,65.209
7/17/2020 1:11,69.514,62.761
7/17/2020 2:11,69.427,67.209
7/17/2020 3:11,69.427,66.555
7/17/2020 4:11,69.427,62.874
7/17/2020 5:11,69.427,67.12
7/17/2020 6:11,69.427,66.168
7/17/2020 7:11,72.394,63.087
7/17/2020 8:11,73.299,61.011
7/17/2020 9:11,72.826,64.034
7/17/2020 10:11,72.61,70.016
7/17/2020 11:11,72.523,68.229
7/17/2020 12:11,72.523,64.368
7/17/2020 13:11,72.523,64.187
7/17/2020 14:11,73.429,66.258
7/17/2020 15:11,71.274,74.004
7/17/2020 16:11,70.803,69.535
7/17/2020 17:11,70.759,75.047
7/17/2020 18:11,70.759,67.4
7/17/2020 19:11,70.759,65.76
7/17/2020 20:11,70.803,73.72
7/17/2020 21:11,70.759,76.229
7/17/2020 22:11,70.93,67.803
7/17/2020 23:11,69.6,79.492
7/18/2020 0:11,68.828,82.214
7/18/2020 1:11,68.742,80.379
7/18/2020 2:11,68.698,81.806
7/18/2020 3:11,68.657,81.493
7/18/2020 4:11,68.614,81.348
7/18/2020 5:11,68.614,77.645
7/18/2020 6:11,68.614,80.926
7/18/2020 7:11,70.329,76.037
7/18/2020 8:11,70.673,70.993
7/18/2020 9:11,70.716,70.85
7/18/2020 10:11,70.716,68.581
7/18/2020 11:11,70.759,69.384
7/18/2020 12:11,70.759,73.889
7/18/2020 13:11,70.759,72.172
7/18/2020 14:11,70.803,66.392
7/18/2020 15:11,70.803,71.358
7/18/2020 16:11,70.803,74.965
7/18/2020 17:11,70.803,76.694
7/18/2020 18:11,70.846,74.044
7/18/2020 19:11,70.887,69.633
7/18/2020 20:11,70.803,76.521
7/18/2020 21:11,70.846,70.541
7/18/2020 22:11,70.803,66.451
7/18/2020 23:11,69.514,72.186
7/19/2020 0:11,68.785,77.864
7/19/2020 1:11,68.698,77.142
7/19/2020 2:11,68.657,79.013
7/19/2020 3:11,68.657,79.974
7/19/2020 4:11,68.571,78.209
7/19/2020 5:11,68.571,79.625
7/19/2020 6:11,68.571,74.517
7/19/2020 7:11,70.286,76.578
7/19/2020 8:11,70.673,70.111
7/19/2020 9:11,70.716,68.226
7/19/2020 10:11,70.716,72.284
7/19/2020 11:11,70.716,75.158
7/19/2020 12:11,70.716,69.114
7/19/2020 13:11,70.716,75.331
7/19/2020 14:11,70.716,73.914
7/19/2020 15:11,70.716,70.792
7/19/2020 16:11,70.716,69.821
7/19/2020 17:11,70.716,68.641
7/19/2020 18:11,70.716,69.468
7/19/2020 19:11,70.716,69.998
7/19/2020 20:11,70.716,72.722
7/19/2020 21:11,70.716,75.418
7/19/2020 22:11,70.716,75.187
7/19/2020 23:11,69.427,77.253
7/20/2020 0:11,68.742,74.075
7/20/2020 1:11,68.614,78.583
7/20/2020 2:11,68.614,77.331
7/20/2020 3:11,68.571,73.333
7/20/2020 4:11,68.527,77.976
7/20/2020 5:11,68.527,80.916
7/20/2020 6:11,68.571,75.954
7/20/2020 7:11,70.286,71.655
7/20/2020 8:11,70.63,67.03
7/20/2020 9:11,70.63,69.282
7/20/2020 10:11,70.673,72.775
7/20/2020 11:11,70.673,65.243
7/20/2020 12:11,70.716,74.84
7/20/2020 13:11,71.661,63.261
7/20/2020 14:11,71.834,64.844
7/20/2020 15:11,71.834,71.847
7/20/2020 16:11,71.877,63.523
7/20/2020 17:11,71.877,66.675
7/20/2020 18:11,71.877,71.94
7/20/2020 19:11,71.92,63.376
7/20/2020 20:11,71.92,68.02
7/20/2020 21:11,71.92,71.827
7/20/2020 22:11,71.92,63.708
7/20/2020 23:11,70.115,75.495
7/21/2020 0:11,69.042,78.15
7/21/2020 1:11,68.913,76.423
7/21/2020 2:11,68.871,72.931
7/21/2020 3:11,68.871,79.038
7/21/2020 4:11,68.871,76.532
7/21/2020 5:11,68.871,74.06
7/21/2020 6:11,68.828,78.409
7/21/2020 7:11,71.274,67.659
7/21/2020 8:11,71.791,63.394
7/21/2020 9:11,71.877,64.277
7/21/2020 10:11,71.877,64.036
7/21/2020 11:11,71.92,64.19
7/21/2020 12:11,71.92,63.527
7/21/2020 13:11,71.92,70.092
7/21/2020 14:11,71.92,68.406
7/21/2020 15:11,71.92,67.663
7/21/2020 16:11,71.92,64.822
7/21/2020 17:11,71.92,63.315
7/21/2020 18:11,71.964,63.742
7/21/2020 19:11,71.964,68.707
7/21/2020 20:11,71.964,72.183
7/21/2020 21:11,71.964,64.826
7/21/2020 22:11,71.92,71.944
7/21/2020 23:11,70.115,74.803
7/22/2020 0:11,69.042,77.694
7/22/2020 1:11,68.913,78.703
7/22/2020 2:11,68.871,76.876
7/22/2020 3:11,68.871,75.902
7/22/2020 4:11,68.871,75.845
7/22/2020 5:11,68.828,70.361
7/22/2020 6:11,68.828,74.257
7/22/2020 7:11,71.231,71.461
7/22/2020 8:11,71.791,69.075
7/22/2020 9:11,71.834,69.759
7/22/2020 10:11,71.877,69.291
7/22/2020 11:11,71.877,69.438
7/22/2020 12:11,71.877,66.437
7/22/2020 13:11,71.92,67.693
7/22/2020 14:11,71.06,72.7
7/22/2020 15:11,71.231,65.267
7/22/2020 16:11,71.274,71.231
7/22/2020 17:11,70.716,70.762
7/22/2020 18:11,70.63,74.049
7/22/2020 19:11,70.673,65.632
7/22/2020 20:11,70.63,72.071
7/22/2020 21:11,70.673,75.009
7/22/2020 22:11,70.63,72.509
7/22/2020 23:11,69.557,77.125
7/23/2020 0:11,68.871,78.811
7/23/2020 1:11,68.785,75.72
7/23/2020 2:11,68.742,77.802
7/23/2020 3:11,68.742,74.652
7/23/2020 4:11,68.742,72.249
7/23/2020 5:11,68.742,70.849
7/23/2020 6:11,68.742,75.256
7/23/2020 7:11,70.201,74.234
7/23/2020 8:11,70.543,66.098
7/23/2020 9:11,70.63,67.892
7/23/2020 10:11,70.63,68.573
7/23/2020 11:11,70.63,67.149
7/23/2020 12:11,70.63,66.583
7/23/2020 13:11,70.63,75.697
7/23/2020 14:11,70.673,73.386
7/23/2020 15:11,70.673,71.491
7/23/2020 16:11,70.673,67.985
7/23/2020 17:11,70.716,66.89
7/23/2020 18:11,70.716,70.645
7/23/2020 19:11,70.716,74.696
7/23/2020 20:11,70.716,76.368
7/23/2020 21:11,70.716,76.109
7/23/2020 22:11,70.716,74.377
7/23/2020 23:11,69.643,78.788
7/24/2020 0:11,68.956,77.684
7/24/2020 1:11,68.871,80.76
7/24/2020 2:11,68.828,79.571
7/24/2020 3:11,68.828,74.026
7/24/2020 4:11,68.828,77.042
7/24/2020 5:11,68.828,80.783
7/24/2020 6:11,68.828,80.502
7/24/2020 7:11,70.286,68.154
7/24/2020 8:11,70.63,72.538
7/24/2020 9:11,70.63,68.188
7/24/2020 10:11,70.716,71.378
7/24/2020 11:11,70.673,76.248
7/24/2020 12:11,70.716,71.085
7/24/2020 13:11,70.716,75.331
7/24/2020 14:11,70.716,76.885
7/24/2020 15:11,70.716,75.706
7/24/2020 16:11,70.716,73.129
7/24/2020 17:11,70.716,72.984
7/24/2020 18:11,70.716,72.576
7/24/2020 19:11,70.716,73.565
7/24/2020 20:11,70.716,76.397
7/24/2020 21:11,70.716,75.649
7/24/2020 22:11,70.716,74.667
7/24/2020 23:11,69.643,72.723
7/25/2020 0:11,68.956,76.17
7/25/2020 1:11,68.871,80.732
7/25/2020 2:11,68.871,81.154
7/25/2020 3:11,68.828,79.797
7/25/2020 4:11,68.828,77.698
7/25/2020 5:11,68.828,79.712
7/25/2020 6:11,68.828,80.586
7/25/2020 7:11,70.243,74.21
7/25/2020 8:11,70.587,66.46
7/25/2020 9:11,70.673,71.608
7/25/2020 10:11,70.673,76.248
7/25/2020 11:11,70.716,75.129
7/25/2020 12:11,70.716,74.696
7/25/2020 13:11,70.716,72.926
7/25/2020 14:11,70.716,73.158
7/25/2020 15:11,70.716,73.914
7/25/2020 16:11,70.716,74.001
7/25/2020 17:11,70.716,75.591
7/25/2020 18:11,70.716,73.246
7/25/2020 19:11,70.716,67.187
7/25/2020 20:11,70.759,72.581
7/25/2020 21:11,70.716,76.425
7/25/2020 22:11,70.716,66.353
7/25/2020 23:11,69.6,78.584
7/26/2020 0:11,68.956,79.02
7/26/2020 1:11,68.871,81.042
7/26/2020 2:11,68.828,73.824
7/26/2020 3:11,68.828,80.276
7/26/2020 4:11,68.828,77.185
7/26/2020 5:11,68.828,76.184
7/26/2020 6:11,68.785,80.497
7/26/2020 7:11,70.243,77.089
7/26/2020 8:11,70.587,68.805
7/26/2020 9:11,70.63,68.543
7/26/2020 10:11,70.673,75.673
7/26/2020 11:11,70.673,75.298
7/26/2020 12:11,70.716,72.693
7/26/2020 13:11,70.716,68.285
7/26/2020 14:11,70.716,67.247
7/26/2020 15:11,70.716,72.051
7/26/2020 16:11,70.716,75.937
7/26/2020 17:11,70.716,75.706
7/26/2020 18:11,70.716,76.54
7/26/2020 19:11,70.716,76.224
7/26/2020 20:11,70.716,67.752
7/26/2020 21:11,70.716,68.315
7/26/2020 22:11,70.716,73.1
7/26/2020 23:11,69.6,71.349
7/27/2020 0:11,68.913,77.651
7/27/2020 1:11,68.828,77.099
7/27/2020 2:11,68.785,79.961
7/27/2020 3:11,68.785,75.117
7/27/2020 4:11,68.785,77.408
7/27/2020 5:11,68.742,71.608
7/27/2020 6:11,68.785,77.066
7/27/2020 7:11,70.201,74.147
7/27/2020 8:11,70.543,74.735
7/27/2020 9:11,70.63,74.773
7/27/2020 10:11,70.63,71.31
7/27/2020 11:11,70.63,68.366
7/27/2020 12:11,70.63,75.004
7/27/2020 13:11,70.63,70.636
7/27/2020 14:11,70.673,67.896
7/27/2020 15:11,70.673,70.376
7/27/2020 16:11,70.673,72.396
7/27/2020 17:11,70.716,69.202
7/27/2020 18:11,70.716,67.663
7/27/2020 19:11,70.716,70.145
7/27/2020 20:11,70.716,67.781
7/27/2020 21:11,70.716,72.926
7/27/2020 22:11,70.716,64.888
7/27/2020 23:11,69.6,73.59
7/28/2020 0:11,68.871,71.913
7/28/2020 1:11,68.785,78.404
7/28/2020 2:11,68.785,76.723
7/28/2020 3:11,68.742,75.227
7/28/2020 4:11,68.785,72.254
7/28/2020 5:11,68.785,72.835
7/28/2020 6:11,68.785,76.609
7/28/2020 7:11,70.243,69.891
7/28/2020 8:11,70.587,66.281
7/28/2020 9:11,70.673,67.064
7/28/2020 10:11,70.673,67.629
7/28/2020 11:11,70.716,68.581
7/28/2020 12:11,70.716,69.762
7/28/2020 13:11,70.716,74.956
7/28/2020 14:11,70.716,75.504
7/28/2020 15:11,70.716,72.489
7/28/2020 16:11,70.716,67.158
7/28/2020 17:11,70.716,71.378
7/28/2020 18:11,70.716,75.533
7/28/2020 19:11,70.716,68.463
7/28/2020 20:11,70.716,66.383
7/28/2020 21:11,70.716,67.841
7/28/2020 22:11,70.716,73.1
7/28/2020 23:11,69.6,76.815
7/29/2020 0:11,68.913,77.28
7/29/2020 1:11,68.828,77.071
7/29/2020 2:11,68.785,77.551
7/29/2020 3:11,68.785,75.059
7/29/2020 4:11,68.742,75.945
7/29/2020 5:11,68.742,77.717
7/29/2020 6:11,68.742,72.627
7/29/2020 7:11,70.243,71.738
7/29/2020 8:11,70.587,75.202
7/29/2020 9:11,73.386,66.853
7/29/2020 10:11,71.748,53.813
7/29/2020 11:11,74.597,61.829
7/29/2020 12:11,78.822,62.241
7/29/2020 13:11,81.819,59.972
7/29/2020 14:11,83.914,58.903
7/29/2020 15:11,77.902,40.012
7/29/2020 15:49,,
7/29/2020 15:49,,
7/29/2020 15:50,,
