"Date Time, GMT-06:00","Temp, °F (LGR S/N: 10431388, SEN S/N: 10431388)","RH, % (LGR S/N: 10431388, SEN S/N: 10431388)"
12/16/2019 13:34,65.745,20.61
12/16/2019 13:34,,
12/16/2019 15:34,25.898,62.767
12/16/2019 17:34,21.182,72.483
12/16/2019 19:34,19.18,78.28
12/16/2019 21:34,19.756,80.788
12/16/2019 23:34,19.756,82.62
12/17/2019 1:34,20.502,84.686
12/17/2019 3:34,20.615,87.358
12/17/2019 5:34,21.688,87.559
12/17/2019 7:34,19.929,86.479
12/17/2019 9:34,22.192,83.871
12/17/2019 11:34,26.643,75.886
12/17/2019 13:34,27.694,71.337
12/17/2019 15:34,25.147,74.973
12/17/2019 17:34,17.776,72.195
12/17/2019 19:34,9.649,61.543
12/17/2019 21:34,3.502,60.505
12/17/2019 23:34,0.171,63.688
12/18/2019 1:34,-2.468,66.132
12/18/2019 3:34,-4.641,67.3
12/18/2019 5:34,-4.727,69.92
12/18/2019 7:34,-3.879,68.173
12/18/2019 9:34,1.022,62.83
12/18/2019 11:34,6.022,52.549
12/18/2019 13:34,13.584,43.316
12/18/2019 15:34,9.916,46.987
12/18/2019 17:34,8.982,55.525
12/18/2019 19:34,9.583,61.509
12/18/2019 21:34,11.03,66.575
12/18/2019 23:34,13.206,71.433
12/19/2019 1:34,13.645,77.179
12/19/2019 3:34,14.331,82.219
12/19/2019 5:34,11.808,84.566
12/19/2019 7:34,10.245,84.156
12/19/2019 9:34,16.165,86.825
12/19/2019 11:34,23.738,72.805
12/19/2019 13:34,28.994,62.598
12/19/2019 15:34,27.903,67.515
12/19/2019 17:34,24.228,72.967
12/19/2019 19:34,21.519,76.619
12/19/2019 21:34,21.294,79.083
12/19/2019 23:34,21.855,81.01
12/20/2019 1:34,22.08,83.306
12/20/2019 3:34,23.299,84.271
12/20/2019 5:34,22.746,85.341
12/20/2019 7:34,22.802,87.423
12/20/2019 9:34,26.537,82.383
12/20/2019 11:34,33.633,66.323
12/20/2019 13:34,39.078,57.815
12/20/2019 15:34,34.075,67.754
12/20/2019 17:34,27.538,81.595
12/20/2019 19:34,23.409,84.835
12/20/2019 21:34,22.192,87.14
12/20/2019 23:34,21.855,87.852
12/21/2019 1:34,20.671,87.732
12/21/2019 3:34,19.929,89.444
12/21/2019 5:34,21.124,92.161
12/21/2019 7:34,20.158,92.254
12/21/2019 9:34,23.133,86.484
12/21/2019 11:34,33.188,65.582
12/21/2019 13:34,43.396,48.079
12/21/2019 15:34,41.508,53.743
12/21/2019 17:34,37.942,64.153
12/21/2019 19:34,34.957,75.389
12/21/2019 21:34,32.891,81.928
12/21/2019 23:34,32.293,84.649
12/22/2019 1:34,35.298,75.43
12/22/2019 3:34,34.371,76.149
12/22/2019 5:34,29.559,84.967
12/22/2019 7:34,27.694,87.94
12/22/2019 9:34,33.188,81.603
12/22/2019 11:34,38.984,68.688
12/22/2019 13:34,44.037,56.407
12/22/2019 15:34,39.549,66.68
12/22/2019 17:34,33.681,80.6
12/22/2019 19:34,31.993,86.208
12/22/2019 21:34,30.783,89.146
12/22/2019 23:34,26.483,90.74
12/23/2019 1:34,25.952,90.491
12/23/2019 3:34,22.636,90.708
12/23/2019 5:34,25.738,92.518
12/23/2019 7:34,26.112,92.742
12/23/2019 9:34,29.662,88.466
12/23/2019 11:34,35.638,73.422
12/23/2019 13:34,37.609,67.319
12/23/2019 15:34,35.443,72.804
12/23/2019 17:34,32.491,79.406
12/23/2019 19:34,33.584,77.303
12/23/2019 21:34,32.491,79.928
12/23/2019 23:34,32.043,83.003
12/24/2019 1:34,33.138,84.123
12/24/2019 3:34,33.732,87.76
12/24/2019 5:34,33.534,90.011
12/24/2019 7:34,33.287,91.586
12/24/2019 9:34,34.565,90.258
12/24/2019 11:34,37.416,83.993
12/24/2019 13:34,37.513,83.565
12/24/2019 15:34,36.025,87.344
12/24/2019 17:34,34.615,90.365
12/24/2019 19:34,34.027,90.952
12/24/2019 21:34,33.879,92.781
12/24/2019 23:34,33.188,93.438
12/25/2019 1:34,32.99,94.819
12/25/2019 3:34,33.039,95.504
12/25/2019 5:34,33.287,96.314
12/25/2019 7:34,32.99,96.364
12/25/2019 9:34,33.78,96.679
12/25/2019 11:34,34.761,95.768
12/25/2019 13:34,35.395,92.932
12/25/2019 15:34,34.907,94.965
12/25/2019 17:34,34.565,95.98
12/25/2019 19:34,34.223,96.795
12/25/2019 21:34,34.075,97.493
12/25/2019 23:34,33.831,97.789
12/26/2019 1:34,33.485,97.926
12/26/2019 3:34,33.386,98.005
12/26/2019 5:34,33.485,98.212
12/26/2019 7:34,33.534,97.91
12/26/2019 9:34,33.534,92.926
12/26/2019 11:34,34.075,81.301
12/26/2019 13:34,32.79,79.338
12/26/2019 15:34,30.733,79.681
12/26/2019 17:34,28.632,82.505
12/26/2019 19:34,27.223,85.305
12/26/2019 21:34,26.96,86.769
12/26/2019 23:34,26.748,84.234
12/27/2019 1:34,26.112,84.576
12/27/2019 3:34,26.643,84.547
12/27/2019 5:34,27.486,84.812
12/27/2019 7:34,26.325,83.673
12/27/2019 9:34,26.006,83.706
12/27/2019 11:34,29.251,79.65
12/27/2019 13:34,29.97,76.048
12/27/2019 15:34,27.694,78.313
12/27/2019 17:34,24.825,84.502
12/27/2019 19:34,23.902,88.02
12/27/2019 21:34,23.572,91.232
12/27/2019 23:34,23.409,92.457
12/28/2019 1:34,25.578,92.301
12/28/2019 3:34,26.748,90.412
12/28/2019 5:34,27.799,88.771
12/28/2019 7:34,29.764,94.209
12/28/2019 9:34,31.491,92.208
12/28/2019 11:34,32.691,91.352
12/28/2019 13:34,32.293,95.872
12/28/2019 15:34,32.592,97.356
12/28/2019 17:34,32.491,97.865
12/28/2019 19:34,32.841,98.348
12/28/2019 21:34,33.287,98.798
12/28/2019 23:34,33.633,98.996
12/29/2019 1:34,33.485,99.162
12/29/2019 3:34,33.831,99.454
12/29/2019 5:34,34.272,99.667
12/29/2019 7:34,35.152,99.855
12/29/2019 9:34,38.322,100
12/29/2019 11:34,41.043,100
12/29/2019 13:34,38.984,99.945
12/29/2019 15:34,35.541,100
12/29/2019 17:34,34.32,100
12/29/2019 19:34,33.386,99.95
12/29/2019 21:34,32.243,100
12/29/2019 23:34,32.043,100
12/30/2019 1:34,31.791,100
12/30/2019 3:34,31.642,100
12/30/2019 5:34,31.541,100
12/30/2019 7:34,31.591,100
12/30/2019 9:34,32.243,100
12/30/2019 11:34,31.188,100
12/30/2019 13:34,29.149,100
12/30/2019 15:34,25.417,99.59
12/30/2019 17:34,24.174,99.065
12/30/2019 19:34,23.189,97.888
12/30/2019 21:34,20.784,97.086
12/30/2019 23:34,20.158,96.893
12/31/2019 1:34,20.955,97.206
12/31/2019 3:34,20.842,96.724
12/31/2019 5:34,20.898,96.641
12/31/2019 7:34,20.102,96.004
12/31/2019 9:34,19.699,96.033
12/31/2019 11:34,20.273,94.255
12/31/2019 13:34,23.189,87.526
12/31/2019 15:34,20.444,90.674
12/31/2019 17:34,17.244,91.341
12/31/2019 19:34,14.083,92.228
12/31/2019 21:34,12.256,92.808
12/31/2019 23:34,10.965,93.278
1/1/2020 1:34,14.083,93.577
1/1/2020 3:34,13.959,92.279
1/1/2020 5:34,14.702,94.136
1/1/2020 7:34,16.826,94.653
1/1/2020 9:34,21.011,95.401
1/1/2020 11:34,27.851,93.774
1/1/2020 13:34,32.841,85.893
1/1/2020 15:34,32.092,83.984
1/1/2020 17:34,29.662,88.987
1/1/2020 19:34,30.936,90.899
1/1/2020 21:34,29.199,94.244
1/1/2020 23:34,31.692,95.25
1/2/2020 1:34,32.193,95.423
1/2/2020 3:34,32.443,94.008
1/2/2020 5:34,32.491,93.919
1/2/2020 7:34,32.94,94.132
1/2/2020 9:34,34.419,94.647
1/2/2020 11:34,36.025,91.464
1/2/2020 13:34,34.957,82.038
1/2/2020 15:34,31.892,81.85
1/2/2020 17:34,29.714,84.633
1/2/2020 19:34,30.072,85.567
1/2/2020 21:34,30.479,87.708
1/2/2020 23:34,30.682,88.684
1/3/2020 1:34,31.491,88.474
1/3/2020 3:34,31.892,88.731
1/3/2020 5:34,31.591,89.907
1/3/2020 7:34,31.239,91.189
1/3/2020 9:34,32.342,90.708
1/3/2020 11:34,34.565,83.308
1/3/2020 13:34,33.089,83.089
1/3/2020 15:34,32.142,81.934
1/3/2020 17:34,29.251,84.697
1/3/2020 19:34,25.792,86.78
1/3/2020 21:34,22.525,85.137
1/3/2020 23:34,22.525,85.955
1/4/2020 1:34,22.413,86.926
1/4/2020 3:34,22.636,86.76
1/4/2020 5:34,23.189,87.674
1/4/2020 7:34,23.846,91.321
1/4/2020 9:34,26.325,89.299
1/4/2020 11:34,33.138,73.271
1/4/2020 13:34,35.83,59.569
1/4/2020 15:34,28.476,71.344
1/4/2020 17:34,26.006,79.474
1/4/2020 19:34,26.218,83.254
1/4/2020 21:34,24.879,86.032
1/4/2020 23:34,25.578,84.629
1/5/2020 1:34,27.012,84.522
1/5/2020 3:34,28.06,82.66
1/5/2020 5:34,28.58,82.524
1/5/2020 7:34,28.891,87.486
1/5/2020 9:34,32.641,84.517
1/5/2020 11:34,35.928,73.672
1/5/2020 13:34,37.035,67.705
1/5/2020 15:34,33.188,67.053
1/5/2020 17:34,29.97,70.458
1/5/2020 19:34,27.171,69.609
1/5/2020 21:34,25.686,68.879
1/5/2020 23:34,24.717,72.785
1/6/2020 1:34,22.968,74.661
1/6/2020 3:34,23.572,79.653
1/6/2020 5:34,22.525,82.31
1/6/2020 7:34,21.182,86.015
1/6/2020 9:34,24.553,82.477
1/6/2020 11:34,34.174,64.341
1/6/2020 13:34,35.395,59.958
1/6/2020 15:34,34.664,61.456
1/6/2020 17:34,31.491,77.419
1/6/2020 19:34,30.783,85.487
1/6/2020 21:34,30.529,90.569
1/6/2020 23:34,30.529,88.513
1/7/2020 1:34,28.942,80.826
1/7/2020 3:34,24.987,81.977
1/7/2020 5:34,23.738,82.698
1/7/2020 7:34,22.302,81.676
1/7/2020 9:34,24.283,73.976
1/7/2020 11:34,26.695,63.623
1/7/2020 13:34,31.591,42.826
1/7/2020 15:34,23.299,48.968
1/7/2020 17:34,17.6,56.521
1/7/2020 19:34,12.319,61.428
1/7/2020 21:34,7.486,65.931
1/7/2020 23:34,4.161,67.997
1/8/2020 1:34,2.088,70.534
1/8/2020 3:34,0.559,72.854
1/8/2020 5:34,-1.093,74.422
1/8/2020 7:34,-2.385,75.371
1/8/2020 9:34,0.869,71.077
1/8/2020 11:34,6.724,60.203
1/8/2020 13:34,8.033,58.403
1/8/2020 15:34,8.307,59.761
1/8/2020 17:34,7.966,64.024
1/8/2020 19:34,8.373,66.369
1/8/2020 21:34,10.377,66.505
1/8/2020 23:34,13.332,66.928
1/9/2020 1:34,17.776,65.203
1/9/2020 3:34,20.331,69.02
1/9/2020 5:34,21.744,73.258
1/9/2020 7:34,23.518,76.864
1/9/2020 9:34,28.06,75.582
1/9/2020 11:34,31.289,74.985
1/9/2020 13:34,34.272,71.967
1/9/2020 15:34,33.732,74.871
1/9/2020 17:34,28.684,75.762
1/9/2020 19:34,26.006,77.298
1/9/2020 21:34,23.409,79.402
1/9/2020 23:34,23.463,80.303
1/10/2020 1:34,22.08,80.024
1/10/2020 3:34,21.069,81.312
1/10/2020 5:34,20.273,81.686
1/10/2020 7:34,18.423,79.858
1/10/2020 9:34,17.953,74.765
1/10/2020 11:34,22.302,63.98
1/10/2020 13:34,22.08,56.557
1/10/2020 15:34,16.646,60.676
1/10/2020 17:34,13.206,66.037
1/10/2020 19:34,11.03,68.629
1/10/2020 21:34,10.114,63.284
1/10/2020 23:34,6.793,61.608
1/11/2020 1:34,3.943,64.529
1/11/2020 3:34,1.405,65.88
1/11/2020 5:34,-1.413,69.089
1/11/2020 7:34,-3.293,75.012
1/11/2020 9:34,1.405,77.864
1/11/2020 11:34,10.245,65.776
1/11/2020 13:34,19.584,47.023
1/11/2020 15:34,12.063,65.543
1/11/2020 17:34,9.716,70.332
1/11/2020 19:34,9.916,75.705
1/11/2020 21:34,9.849,77.707
1/11/2020 23:34,9.981,78.921
1/12/2020 1:34,11.03,76.978
1/12/2020 3:34,9.048,79.445
1/12/2020 5:34,7.554,82.867
1/12/2020 7:34,8.238,83.637
1/12/2020 9:34,12.319,78.923
1/12/2020 11:34,17.125,69.543
1/12/2020 13:34,20.386,62.581
1/12/2020 15:34,19.584,67.225
1/12/2020 17:34,17.244,84.708
1/12/2020 19:34,17.004,87.719
1/12/2020 21:34,17.776,90.327
1/12/2020 23:34,18.306,91.025
1/13/2020 1:34,17.953,91.329
1/13/2020 3:34,14.517,89.133
1/13/2020 5:34,10.9,90.25
1/13/2020 7:34,15.559,93.34
1/13/2020 9:34,20.215,93.587
1/13/2020 11:34,28.321,81.799
1/13/2020 13:34,27.486,82.686
1/13/2020 15:34,26.006,86.835
1/13/2020 17:34,25.898,89.213
1/13/2020 19:34,26.006,91.374
1/13/2020 21:34,26.006,94.641
1/13/2020 23:34,26.748,95.778
1/14/2020 1:34,27.851,96.542
1/14/2020 3:34,29.354,96.943
1/14/2020 5:34,30.173,97.404
1/14/2020 7:34,30.733,97.35
1/14/2020 9:34,28.735,94.845
1/14/2020 11:34,24.174,87.074
1/14/2020 13:34,26.325,77.416
1/14/2020 15:34,22.136,79.266
1/14/2020 17:34,18.774,83.062
1/14/2020 19:34,16.407,86.107
1/14/2020 21:34,16.885,87.412
1/14/2020 23:34,16.826,86.822
1/15/2020 1:34,15.984,86.315
1/15/2020 3:34,15.62,88.625
1/15/2020 5:34,16.466,88.748
1/15/2020 7:34,17.244,89.197
1/15/2020 9:34,18.657,87.616
1/15/2020 11:34,22.192,81.964
1/15/2020 13:34,24.228,76.717
1/15/2020 15:34,20.671,76.024
1/15/2020 17:34,10.9,73.126
1/15/2020 19:34,3.724,75.041
1/15/2020 21:34,0.714,76.007
1/15/2020 23:34,-1.655,73.161
1/16/2020 1:34,-4.301,73.903
1/16/2020 3:34,-6.466,74.42
1/16/2020 5:34,-8.82,74.37
1/16/2020 7:34,-10.041,75.377
1/16/2020 9:34,-7.992,73.203
1/16/2020 11:34,3.207,64.347
1/16/2020 13:34,9.115,44.366
1/16/2020 15:34,1.175,61.578
1/16/2020 17:34,-1.413,66.066
1/16/2020 19:34,-1.979,71.272
1/16/2020 21:34,-0.854,75.883
1/16/2020 23:34,-1.012,74.333
1/17/2020 1:34,-1.332,75.896
1/17/2020 3:34,1.022,73.561
1/17/2020 5:34,3.429,73.35
1/17/2020 7:34,6.094,72.352
1/17/2020 9:34,9.516,70.335
1/17/2020 11:34,13.332,65.383
1/17/2020 13:34,15.316,68.072
1/17/2020 15:34,14.949,88.24
1/17/2020 17:34,17.953,92.629
1/17/2020 19:34,19.699,93.155
1/17/2020 21:34,20.842,94.296
1/17/2020 23:34,22.636,95.232
1/18/2020 1:34,23.628,95.434
1/18/2020 3:34,24.283,95.465
1/18/2020 5:34,23.902,95.688
1/18/2020 7:34,24.01,95.635
1/18/2020 9:34,20.955,89.69
1/18/2020 11:34,12.7,81.359
1/18/2020 13:34,10.114,79.757
1/18/2020 15:34,8.442,79.514
1/18/2020 17:34,3.576,80.245
1/18/2020 19:34,0.945,80.451
1/18/2020 21:34,-0.222,80.991
1/18/2020 23:34,-0.537,81.427
1/19/2020 1:34,0.325,81.52
1/19/2020 3:34,1.481,80.619
1/19/2020 5:34,2.388,81.44
1/19/2020 7:34,3.65,82.573
1/19/2020 9:34,6.933,81.861
1/19/2020 11:34,10.836,76.778
1/19/2020 13:34,13.708,73.097
1/19/2020 15:34,11.678,76.58
1/19/2020 17:34,10.047,81.302
1/19/2020 19:34,8.847,82.022
1/19/2020 21:34,8.101,82.99
1/19/2020 23:34,7.002,83.9
1/20/2020 1:34,6.514,85.243
1/20/2020 3:34,5.812,85.405
1/20/2020 5:34,5.171,86.637
1/20/2020 7:34,-0.537,83.964
1/20/2020 9:34,5.385,87.935
1/20/2020 11:34,15.498,76.342
1/20/2020 13:34,23.243,62.146
1/20/2020 15:34,17.004,75.012
1/20/2020 17:34,12.574,78.48
1/20/2020 19:34,8.915,81.933
1/20/2020 21:34,5.457,82.917
1/20/2020 23:34,2.689,83.277
1/21/2020 1:34,2.239,85.604
1/21/2020 3:34,0.869,86.529
1/21/2020 5:34,2.239,86.961
1/21/2020 7:34,2.388,86.189
1/21/2020 9:34,5.812,84.237
1/21/2020 11:34,16.525,75.289
1/21/2020 13:34,19.238,72.233
1/21/2020 15:34,18.889,74.592
1/21/2020 17:34,15.071,79.728
1/21/2020 19:34,14.517,82.885
1/21/2020 21:34,15.922,83.469
1/21/2020 23:34,17.541,85.656
1/22/2020 1:34,19.296,87.123
1/22/2020 3:34,23.792,88.691
1/22/2020 5:34,27.59,90.755
1/22/2020 7:34,30.783,92.201
1/22/2020 9:34,33.681,93.169
1/22/2020 11:34,35.638,90.686
1/22/2020 13:34,36.217,88.055
1/22/2020 15:34,34.419,93.622
1/22/2020 17:34,32.293,96.184
1/22/2020 19:34,31.993,97.31
1/22/2020 21:34,31.942,97.778
1/22/2020 23:34,31.892,98.055
1/23/2020 1:34,31.491,98.086
1/23/2020 3:34,30.783,98.164
1/23/2020 5:34,30.072,98.334
1/23/2020 7:34,29.509,98.055
1/23/2020 9:34,29.97,97.23
1/23/2020 11:34,31.993,93.064
1/23/2020 13:34,32.542,90.588
1/23/2020 15:34,32.092,90.622
1/23/2020 17:34,30.936,94.411
1/23/2020 19:34,30.326,96.191
1/23/2020 21:34,30.072,96.58
1/23/2020 23:34,30.58,97.231
1/24/2020 1:34,30.072,96.866
1/24/2020 3:34,29.251,96.143
1/24/2020 5:34,28.06,95.172
1/24/2020 7:34,27.799,95.37
1/24/2020 9:34,29.304,94.404
1/24/2020 11:34,30.936,91.194
1/24/2020 13:34,31.39,90.817
1/24/2020 15:34,31.591,90.55
1/24/2020 17:34,30.326,92.402
1/24/2020 19:34,29.97,94.698
1/24/2020 21:34,30.173,95.209
1/24/2020 23:34,29.354,94.171
1/25/2020 1:34,28.321,93.122
1/25/2020 3:34,28.008,93.099
1/25/2020 5:34,28.112,92.704
1/25/2020 7:34,27.694,91.648
1/25/2020 9:34,29.354,89.191
1/25/2020 11:34,31.892,82.469
1/25/2020 13:34,35.346,76.985
1/25/2020 15:34,33.188,80.772
1/25/2020 17:34,29.662,85.435
1/25/2020 19:34,27.747,86.628
1/25/2020 21:34,27.642,86.414
1/25/2020 23:34,26.537,87.182
1/26/2020 1:34,26.006,88.467
1/26/2020 3:34,25.201,89.089
1/26/2020 5:34,24.663,90.57
1/26/2020 7:34,24.391,90.628
1/26/2020 9:34,25.417,88.285
1/26/2020 11:34,29.304,79.838
1/26/2020 13:34,30.173,78.464
1/26/2020 15:34,29.457,80.453
1/26/2020 17:34,26.96,87.266
1/26/2020 19:34,25.792,90.614
1/26/2020 21:34,24.609,90.15
1/26/2020 23:34,24.01,89.6
1/27/2020 1:34,23.738,91.69
1/27/2020 3:34,23.189,93.33
1/27/2020 5:34,22.968,94.151
1/27/2020 7:34,23.243,93.838
1/27/2020 9:34,25.255,92.542
1/27/2020 11:34,27.171,87.42
1/27/2020 13:34,27.694,85.62
1/27/2020 15:34,26.537,85.362
1/27/2020 17:34,23.956,89.3
1/27/2020 19:34,22.525,91.462
1/27/2020 21:34,21.688,90.376
1/27/2020 23:34,20.955,90.413
1/28/2020 1:34,19.121,89.759
1/28/2020 3:34,18.889,90.348
1/28/2020 5:34,18.54,90.87
1/28/2020 7:34,17.303,90.686
1/28/2020 9:34,17.953,87.951
1/28/2020 11:34,19.814,80.467
1/28/2020 13:34,21.124,78.345
1/28/2020 15:34,19.006,81.67
1/28/2020 17:34,17.184,86.313
1/28/2020 19:34,16.767,88.335
1/28/2020 21:34,16.407,88.355
1/28/2020 23:34,16.045,88.399
1/29/2020 1:34,16.045,89.786
1/29/2020 3:34,16.165,89.47
1/29/2020 5:34,16.407,88.835
1/29/2020 7:34,16.587,88.429
1/29/2020 9:34,19.006,83.59
1/29/2020 11:34,22.858,73.967
1/29/2020 13:34,24.499,71.405
1/29/2020 15:34,22.581,76.127
1/29/2020 17:34,21.011,80.8
1/29/2020 19:34,20.044,84.525
1/29/2020 21:34,19.641,84.321
1/29/2020 23:34,18.774,85.312
1/30/2020 1:34,18.129,86.178
1/30/2020 3:34,17.836,88.224
1/30/2020 5:34,17.6,90.349
1/30/2020 7:34,18.129,91.758
1/30/2020 9:34,19.699,87.424
1/30/2020 11:34,22.525,81.528
1/30/2020 13:34,25.363,78.309
1/30/2020 15:34,25.471,81.276
1/30/2020 17:34,24.391,87.844
1/30/2020 19:34,24.825,91.006
1/30/2020 21:34,25.095,93.668
1/30/2020 23:34,26.112,91.656
1/31/2020 1:34,26.537,93.599
1/31/2020 3:34,26.748,93.919
1/31/2020 5:34,26.906,93.583
1/31/2020 7:34,27.118,93.591
1/31/2020 9:34,28.58,93.451
1/31/2020 11:34,30.987,91.937
1/31/2020 13:34,32.443,90.772
1/31/2020 15:34,32.342,90.386
1/31/2020 17:34,31.138,91.027
1/31/2020 19:34,31.138,92.204
1/31/2020 21:34,30.529,93.769
1/31/2020 23:34,30.326,94.896
2/1/2020 1:34,30.682,94.276
2/1/2020 3:34,31.188,91.624
2/1/2020 5:34,29.559,90.723
2/1/2020 7:34,26.537,92.203
2/1/2020 9:34,28.425,88.216
2/1/2020 11:34,37.609,72.477
2/1/2020 13:34,39.407,67.086
2/1/2020 15:34,36.505,72.135
2/1/2020 17:34,33.978,76.554
2/1/2020 19:34,32.94,84.122
2/1/2020 21:34,30.884,88.264
2/1/2020 23:34,32.691,90.857
2/2/2020 1:34,35.733,83.952
2/2/2020 3:34,41.787,68.818
2/2/2020 5:34,40.158,72.352
2/2/2020 7:34,38.984,77.046
2/2/2020 9:34,42.017,74.506
2/2/2020 11:34,47.377,63.042
2/2/2020 13:34,46.571,58.775
2/2/2020 15:34,40.626,70.751
2/2/2020 17:34,37.702,77.428
2/2/2020 19:34,35.006,82.304
2/2/2020 21:34,32.841,84.185
2/2/2020 23:34,30.326,86.332
2/3/2020 1:34,29.406,87.708
2/3/2020 3:34,28.787,88.218
2/3/2020 5:34,28.269,84.388
2/3/2020 7:34,28.425,81.762
2/3/2020 9:34,31.239,70.353
2/3/2020 11:34,32.443,63.104
2/3/2020 13:34,31.591,62.037
2/3/2020 15:34,29.559,58.281
2/3/2020 17:34,25.686,59.648
2/3/2020 19:34,22.968,62.23
2/3/2020 21:34,21.519,64.748
2/3/2020 23:34,19.353,62.643
2/4/2020 1:34,16.525,61.487
2/4/2020 3:34,12.891,65.657
2/4/2020 5:34,10.704,69.873
2/4/2020 7:34,8.51,72.586
2/4/2020 9:34,9.45,70.664
2/4/2020 11:34,24.174,49.269
2/4/2020 13:34,27.381,39.794
2/4/2020 15:34,21.799,52.864
2/4/2020 17:34,18.072,60.759
2/4/2020 19:34,15.377,65.114
2/4/2020 21:34,13.08,69.801
2/4/2020 23:34,11.291,73.428
2/5/2020 1:34,10.377,77.223
2/5/2020 3:34,9.45,80.903
2/5/2020 5:34,10.179,85.064
2/5/2020 7:34,11.935,83.026
2/5/2020 9:34,19.238,68.42
2/5/2020 11:34,30.682,45.829
2/5/2020 13:34,36.747,31.172
2/5/2020 15:34,28.58,44.843
2/5/2020 17:34,24.879,51.996
2/5/2020 19:34,22.136,60.736
2/5/2020 21:34,20.273,65.272
2/5/2020 23:34,17.184,67.876
2/6/2020 1:34,16.045,73.632
2/6/2020 3:34,13.896,74.945
2/6/2020 5:34,12.319,75.9
2/6/2020 7:34,11.743,77.294
2/6/2020 9:34,18.774,60.744
2/6/2020 11:34,35.103,30.329
2/6/2020 13:34,39.267,26.78
2/6/2020 15:34,31.239,33.402
2/6/2020 17:34,26.854,45.257
2/6/2020 19:34,24.337,57.636
2/6/2020 21:34,23.956,57.884
2/6/2020 23:34,23.353,60.88
2/7/2020 1:34,23.299,72.172
2/7/2020 3:34,21.911,80.638
2/7/2020 5:34,21.632,84.344
2/7/2020 7:34,21.351,85.866
2/7/2020 9:34,25.686,83.209
2/7/2020 11:34,30.376,61.358
2/7/2020 13:34,32.542,52.273
2/7/2020 15:34,28.476,67.603
2/7/2020 17:34,23.299,76.552
2/7/2020 19:34,21.069,79.207
2/7/2020 21:34,19.353,76.663
2/7/2020 23:34,15.922,77.718
2/8/2020 1:34,11.55,76.134
2/8/2020 3:34,9.45,75.445
2/8/2020 5:34,4.161,77.406
2/8/2020 7:34,-0.222,79.596
2/8/2020 9:34,3.724,71.208
2/8/2020 11:34,18.423,46.265
2/8/2020 13:34,24.499,30.869
2/8/2020 15:34,19.814,33.83
2/8/2020 17:34,16.945,45.427
2/8/2020 19:34,14.268,50.159
2/8/2020 21:34,12.256,57.729
2/8/2020 23:34,12.319,64.234
2/9/2020 1:34,13.395,67.704
2/9/2020 3:34,13.834,81.038
2/9/2020 5:34,14.146,87.189
2/9/2020 7:34,14.455,88.312
2/9/2020 9:34,16.885,87.943
2/9/2020 11:34,22.968,81.434
2/9/2020 13:34,27.118,67.813
2/9/2020 15:34,23.792,75.099
2/9/2020 17:34,19.929,78.323
2/9/2020 19:34,15.802,79.345
2/9/2020 21:34,7.83,78.594
2/9/2020 23:34,8.645,83.573
2/10/2020 1:34,5.67,87.93
2/10/2020 3:34,7.21,87.309
2/10/2020 5:34,7.83,88.669
2/10/2020 7:34,8.238,88.777
2/10/2020 9:34,13.269,86.655
2/10/2020 11:34,27.642,69.985
2/10/2020 13:34,30.58,69.193
2/10/2020 15:34,29.251,71.942
2/10/2020 17:34,25.632,77.746
2/10/2020 19:34,23.846,83.04
2/10/2020 21:34,23.189,85.327
2/10/2020 23:34,24.12,83.328
2/11/2020 1:34,23.133,82.643
2/11/2020 3:34,21.519,83.381
2/11/2020 5:34,21.911,84.581
2/11/2020 7:34,22.136,84.81
2/11/2020 9:34,23.846,78.815
2/11/2020 11:34,26.218,66.572
2/11/2020 13:34,32.092,52.295
2/11/2020 15:34,28.735,60.554
2/11/2020 17:34,25.255,69.695
2/11/2020 19:34,22.192,80.089
2/11/2020 21:34,23.409,83.635
2/11/2020 23:34,25.147,78.205
2/12/2020 1:34,25.041,80.403
2/12/2020 3:34,26.325,75.244
2/12/2020 5:34,28.58,74.348
2/12/2020 7:34,27.747,79.021
2/12/2020 9:34,32.491,71.848
2/12/2020 11:34,35.443,69.911
2/12/2020 13:34,31.692,76.863
2/12/2020 15:34,26.112,68.059
2/12/2020 17:34,16.885,58.823
2/12/2020 19:34,9.048,50.531
2/12/2020 21:34,2.836,51.667
2/12/2020 23:34,-1.493,56.455
2/13/2020 1:34,-4.301,57.773
2/13/2020 3:34,-7.629,60.587
2/13/2020 5:34,-11.684,62.552
2/13/2020 7:34,-13.081,64.594
2/13/2020 9:34,-8.912,59.727
2/13/2020 11:34,7.14,38.925
2/13/2020 13:34,2.314,38.587
2/13/2020 15:34,0.091,45.11
2/13/2020 17:34,-2.549,50.966
2/13/2020 19:34,-4.727,55.673
2/13/2020 21:34,-6.911,63.955
2/13/2020 23:34,-8.727,67.576
2/14/2020 1:34,-9.756,71.392
2/14/2020 3:34,-10.232,75.978
2/14/2020 5:34,-10.041,77.819
2/14/2020 7:34,-10.422,76.863
2/14/2020 9:34,-1.493,68.392
2/14/2020 11:34,16.705,42.001
2/14/2020 13:34,16.345,42.508
2/14/2020 15:34,14.578,50.213
2/14/2020 17:34,11.871,58.463
2/14/2020 19:34,10.9,64.541
2/14/2020 21:34,10.639,70.904
2/14/2020 23:34,13.08,71.106
2/15/2020 1:34,14.641,72.793
2/15/2020 3:34,17.184,74.776
2/15/2020 5:34,19.353,76.38
2/15/2020 7:34,20.671,78.365
2/15/2020 9:34,26.006,74.231
2/15/2020 11:34,38.795,53.254
2/15/2020 13:34,37.274,59.011
2/15/2020 15:34,36.795,58.276
2/15/2020 17:34,31.087,65.063
2/15/2020 19:34,27.381,68.249
2/15/2020 21:34,25.041,62.849
2/15/2020 23:34,22.413,70.344
2/16/2020 1:34,20.502,74.368
2/16/2020 3:34,16.466,76.972
2/16/2020 5:34,13.708,73.072
2/16/2020 7:34,11.678,72.265
2/16/2020 9:34,16.407,61.12
2/16/2020 11:34,26.325,41.901
2/16/2020 13:34,24.663,44.12
2/16/2020 15:34,22.968,46.689
2/16/2020 17:34,21.011,46.661
2/16/2020 19:34,19.814,54.405
2/16/2020 21:34,20.955,56.513
2/16/2020 23:34,22.192,58.817
2/17/2020 1:34,23.518,59.109
2/17/2020 3:34,22.413,65.221
2/17/2020 5:34,23.189,70.751
2/17/2020 7:34,23.738,75.459
2/17/2020 9:34,29.917,70.181
2/17/2020 11:34,39.124,56.363
2/17/2020 13:34,37.893,62.589
2/17/2020 15:34,34.713,70.38
2/17/2020 17:34,32.092,85.968
2/17/2020 19:34,29.199,92.089
2/17/2020 21:34,26.325,88.561
2/17/2020 23:34,25.041,81.679
2/18/2020 1:34,20.615,80.9
2/18/2020 3:34,18.774,84.549
2/18/2020 5:34,19.296,82.908
2/18/2020 7:34,17.184,79.194
2/18/2020 9:34,19.006,66.679
2/18/2020 11:34,34.957,35.479
2/18/2020 13:34,23.518,53.266
2/18/2020 15:34,20.671,51.336
2/18/2020 17:34,15.132,56.94
2/18/2020 19:34,11.678,61.419
2/18/2020 21:34,8.373,60.418
2/18/2020 23:34,5.029,61.566
2/19/2020 1:34,2.613,69.163
2/19/2020 3:34,2.613,68.315
2/19/2020 5:34,0.014,69.404
2/19/2020 7:34,-0.854,73.906
2/19/2020 9:34,7.623,59.072
2/19/2020 11:34,24.717,30.631
2/19/2020 13:34,16.466,38.116
2/19/2020 15:34,12.954,43.739
2/19/2020 17:34,8.101,51.494
2/19/2020 19:34,5.457,59.081
2/19/2020 21:34,2.763,62.904
2/19/2020 23:34,0.248,66.505
2/20/2020 1:34,-2.468,69.171
2/20/2020 3:34,-4.385,72.359
2/20/2020 5:34,-6.554,73.134
2/20/2020 7:34,-9.85,75.955
2/20/2020 9:34,2.539,66.756
2/20/2020 11:34,28.528,24.139
2/20/2020 13:34,20.444,31.683
2/20/2020 15:34,17.303,38.527
2/20/2020 17:34,11.935,45.612
2/20/2020 19:34,9.115,59.867
2/20/2020 21:34,8.78,70.845
2/20/2020 23:34,9.048,74.637
2/21/2020 1:34,9.716,77.94
2/21/2020 3:34,8.307,80.555
2/21/2020 5:34,9.316,88.465
2/21/2020 7:34,16.165,88.608
2/21/2020 9:34,27.59,67.317
2/21/2020 11:34,47.781,35.948
2/21/2020 13:34,41.925,44.992
2/21/2020 15:34,37.081,54.024
2/21/2020 17:34,32.193,67.032
2/21/2020 19:34,27.59,76.865
2/21/2020 21:34,25.898,82.655
2/21/2020 23:34,23.409,85.333
2/22/2020 1:34,22.802,88.305
2/22/2020 3:34,22.08,90.361
2/22/2020 5:34,21.463,93.258
2/22/2020 7:34,20.386,94.226
2/22/2020 9:34,29.714,81.312
2/22/2020 11:34,50.841,41.247
2/22/2020 13:34,46.526,49.556
2/22/2020 15:34,44.173,55.267
2/22/2020 17:34,38.606,71.987
2/22/2020 19:34,33.485,83.398
2/22/2020 21:34,31.289,88.77
2/22/2020 23:34,28.942,92.925
2/23/2020 1:34,28.632,91.786
2/23/2020 3:34,26.643,92.774
2/23/2020 5:34,26.218,92.011
2/23/2020 7:34,27.064,87.975
2/23/2020 9:34,37.609,65.977
2/23/2020 11:34,53.733,37.305
2/23/2020 13:34,46.886,47.238
2/23/2020 15:34,42.525,53.767
2/23/2020 17:34,38.179,62.104
2/23/2020 19:34,34.32,73.461
2/23/2020 21:34,31.892,78.099
2/23/2020 23:34,29.559,82.165
2/24/2020 1:34,28.008,83.822
2/24/2020 3:34,26.748,85.215
2/24/2020 5:34,24.825,87.659
2/24/2020 7:34,24.445,89.468
2/24/2020 9:34,31.642,73.073
2/24/2020 11:34,50.445,36.48
2/24/2020 13:34,43.808,43.341
2/24/2020 15:34,40.438,48.163
2/24/2020 17:34,35.589,60.376
2/24/2020 19:34,32.293,64.628
2/24/2020 21:34,30.884,65.153
2/24/2020 23:34,29.662,63.417
2/25/2020 1:34,27.642,67.651
2/25/2020 3:34,26.537,71.421
2/25/2020 5:34,25.738,73.909
2/25/2020 7:34,25.578,75.549
2/25/2020 9:34,31.491,69.045
2/25/2020 11:34,40.905,44.28
2/25/2020 13:34,38.557,43.173
2/25/2020 15:34,36.747,50.633
2/25/2020 17:34,33.78,56.796
2/25/2020 19:34,30.682,63.379
2/25/2020 21:34,30.682,66.13
2/25/2020 23:34,28.528,70.865
2/26/2020 1:34,24.391,75.433
2/26/2020 3:34,21.744,75.506
2/26/2020 5:34,19.814,74.313
2/26/2020 7:34,17.541,76.235
2/26/2020 9:34,23.738,68.263
2/26/2020 11:34,37.321,37.39
2/26/2020 13:34,33.633,41.626
2/26/2020 15:34,30.376,46.821
2/26/2020 17:34,26.377,53.88
2/26/2020 19:34,24.553,61.608
2/26/2020 21:34,23.023,72.616
2/26/2020 23:34,21.967,76.26
2/27/2020 1:34,20.784,78.226
2/27/2020 3:34,18.423,78.973
2/27/2020 5:34,16.345,80.795
2/27/2020 7:34,15.255,81.001
2/27/2020 9:34,22.024,56.439
2/27/2020 11:34,34.615,34.46
2/27/2020 13:34,28.112,39.475
2/27/2020 15:34,25.041,47.431
2/27/2020 17:34,20.444,53.607
2/27/2020 19:34,19.411,59.976
2/27/2020 21:34,19.18,62.324
2/27/2020 23:34,19.296,65.198
2/28/2020 1:34,19.296,68.266
2/28/2020 3:34,18.774,69.434
2/28/2020 5:34,15.071,75.241
2/28/2020 7:34,13.959,67.367
2/28/2020 9:34,18.889,51.334
2/28/2020 11:34,34.516,28.967
2/28/2020 13:34,29.251,33.482
2/28/2020 15:34,26.112,37.31
2/28/2020 17:34,22.636,44.749
2/28/2020 19:34,19.756,50.168
2/28/2020 21:34,18.482,57.72
2/28/2020 23:34,15.62,64.44
2/29/2020 1:34,15.132,73.627
2/29/2020 3:34,14.083,80.35
2/29/2020 5:34,16.646,88.342
2/29/2020 7:34,17.244,89.986
2/29/2020 9:34,21.967,90.103
2/29/2020 11:34,38.511,56.427
2/29/2020 13:34,40.158,56.541
2/29/2020 15:34,38.795,62.505
2/29/2020 17:34,35.395,76.244
2/29/2020 19:34,32.94,82.812
2/29/2020 21:34,33.039,84.468
2/29/2020 23:34,33.287,84.398
3/1/2020 1:34,33.633,85.772
3/1/2020 3:34,34.223,85.393
3/1/2020 5:34,32.94,87.574
3/1/2020 7:34,31.591,91.585
3/1/2020 9:34,40.438,73.507
3/1/2020 11:34,51.764,48.36
3/1/2020 13:34,48.717,49.509
3/1/2020 15:34,45.669,50.76
3/1/2020 17:34,38.795,66.154
3/1/2020 19:34,35.83,69.596
3/1/2020 21:34,34.957,74.181
3/1/2020 23:34,34.371,77.08
3/2/2020 1:34,33.78,76.743
3/2/2020 3:34,32.592,72.427
3/2/2020 5:34,31.993,75.174
3/2/2020 7:34,30.529,74.949
3/2/2020 9:34,34.516,61.186
3/2/2020 11:34,44.127,41.63
3/2/2020 13:34,39.736,48.712
3/2/2020 15:34,36.842,57.732
3/2/2020 17:34,32.392,69.526
3/2/2020 19:34,30.429,79.122
3/2/2020 21:34,30.02,83.403
3/2/2020 23:34,29.764,86.331
3/3/2020 1:34,29.611,87.087
3/3/2020 3:34,28.891,88.481
3/3/2020 5:34,33.089,88.775
3/3/2020 7:34,33.237,86.226
3/3/2020 9:34,37.702,65.2
3/3/2020 11:34,42.433,50.719
3/3/2020 13:34,43.534,57.684
3/3/2020 15:34,41.463,58.522
3/3/2020 17:34,38.226,65.787
3/3/2020 19:34,35.443,68.258
3/3/2020 21:34,32.841,68.588
3/3/2020 23:34,30.123,72.094
3/4/2020 1:34,27.433,77.186
3/4/2020 3:34,25.578,78.93
3/4/2020 5:34,24.391,80.729
3/4/2020 7:34,25.471,78.607
3/4/2020 9:34,33.089,60.341
3/4/2020 11:34,46.974,32.841
3/4/2020 13:34,44.173,41.943
3/4/2020 15:34,40.111,47.958
3/4/2020 17:34,37.416,55.924
3/4/2020 19:34,36.603,66.238
3/4/2020 21:34,36.217,71.83
3/4/2020 23:34,37.609,76.721
3/5/2020 1:34,38.415,75.122
3/5/2020 3:34,38.748,73.832
3/5/2020 5:34,38.606,76.169
3/5/2020 7:34,37.416,76.162
3/5/2020 9:34,36.025,86.861
3/5/2020 11:34,36.361,80.467
3/5/2020 13:34,34.664,86.369
3/5/2020 15:34,34.516,87.313
3/5/2020 17:34,34.174,78.748
3/5/2020 19:34,33.138,75.363
3/5/2020 21:34,32.142,72.862
3/5/2020 23:34,28.839,69.086
3/6/2020 1:34,26.006,76.255
3/6/2020 3:34,24.553,76.835
3/6/2020 5:34,23.299,77.613
3/6/2020 7:34,24.174,79.062
3/6/2020 9:34,31.993,53.803
3/6/2020 11:34,52.597,23.466
3/6/2020 13:34,42.663,33.762
3/6/2020 15:34,39.267,36.693
3/6/2020 17:34,34.223,45.903
3/6/2020 19:34,30.987,59.634
3/6/2020 21:34,29.662,66.245
3/6/2020 23:34,30.173,69.421
3/7/2020 1:34,32.392,62.199
3/7/2020 3:34,31.491,64.937
3/7/2020 5:34,31.942,63.615
3/7/2020 7:34,34.664,60.859
3/7/2020 9:34,45.896,43.666
3/7/2020 11:34,63.819,24.304
3/7/2020 13:34,54.82,36.855
3/7/2020 15:34,51.062,45.627
3/7/2020 17:34,47.781,55.036
3/7/2020 19:34,45.896,59.416
3/7/2020 21:34,45.806,55.909
3/7/2020 23:34,45.714,51.396
3/8/2020 1:34,46.121,50.584
3/8/2020 3:34,44.991,53.911
3/8/2020 5:34,46.706,53.155
3/8/2020 7:34,47.334,53.685
3/8/2020 9:34,53.645,45.775
3/8/2020 11:34,69.643,27.71
3/8/2020 13:34,60.217,44.564
3/8/2020 15:34,57.807,53.719
3/8/2020 17:34,53.645,64.08
3/8/2020 19:34,49.338,73.628
3/8/2020 21:34,48.85,77.078
3/8/2020 23:34,44.764,81.844
3/9/2020 1:34,42.156,84.408
3/9/2020 3:34,35.103,83.74
3/9/2020 5:34,33.485,81.148
3/9/2020 7:34,33.188,79.99
3/9/2020 9:34,35.249,73.134
3/9/2020 11:34,38.131,67.903
3/9/2020 13:34,38.984,64.397
3/9/2020 15:34,39.643,62.729
3/9/2020 17:34,35.879,68.608
3/9/2020 19:34,33.287,70.06
3/9/2020 21:34,31.289,72.549
3/9/2020 23:34,29.354,71.442
3/10/2020 1:34,27.694,72.087
3/10/2020 3:34,25.898,75.587
3/10/2020 5:34,24.879,75.019
3/10/2020 7:34,26.96,72.538
3/10/2020 9:34,38.795,44.683
3/10/2020 11:34,41.693,40.235
3/10/2020 13:34,40.811,40.675
3/10/2020 15:34,40.764,42.461
3/10/2020 17:34,39.407,46.396
3/10/2020 19:34,34.075,84.811
3/10/2020 21:34,32.891,91.849
3/10/2020 23:34,32.891,93.978
3/11/2020 1:34,32.79,94.401
3/11/2020 3:34,32.691,94.483
3/11/2020 5:34,32.691,94.774
3/11/2020 7:34,33.386,93.858
3/11/2020 9:34,36.41,83.834
3/11/2020 11:34,40.811,73.904
3/11/2020 13:34,43.214,62.758
3/11/2020 15:34,41.693,68.08
3/11/2020 17:34,40.858,78.933
3/11/2020 19:34,39.83,85.477
3/11/2020 21:34,40.204,86.714
3/11/2020 23:34,39.877,85.587
3/12/2020 1:34,39.596,84.902
3/12/2020 3:34,39.549,86.162
3/12/2020 5:34,38.511,93.838
3/12/2020 7:34,39.454,96.291
3/12/2020 9:34,38.984,95.337
3/12/2020 11:34,38.273,96.233
3/12/2020 13:34,40.064,94.217
3/12/2020 15:34,39.783,89.135
3/12/2020 17:34,37.989,72.083
3/12/2020 19:34,35.976,65.447
3/12/2020 21:34,33.089,68.861
3/12/2020 23:34,30.733,62.46
3/13/2020 1:34,28.476,66.671
3/13/2020 3:34,27.538,71.239
3/13/2020 5:34,27.955,71.393
3/13/2020 7:34,28.008,67.553
3/13/2020 9:34,39.031,42.347
3/13/2020 11:34,44.218,34.068
3/13/2020 13:34,42.525,36
3/13/2020 15:34,36.217,45.171
3/13/2020 17:34,32.142,50.861
3/13/2020 19:34,28.528,60.112
3/13/2020 21:34,26.483,65.614
3/13/2020 23:34,25.095,65.279
3/14/2020 1:34,24.553,67.865
3/14/2020 3:34,23.409,65.733
3/14/2020 5:34,22.413,66.228
3/14/2020 7:34,22.858,66.166
3/14/2020 9:34,25.363,61.185
3/14/2020 11:34,28.06,57.633
3/14/2020 13:34,40.532,35.164
3/14/2020 15:34,34.32,46.631
3/14/2020 17:34,30.632,52.555
3/14/2020 19:34,27.955,61.658
3/14/2020 21:34,26.537,66.277
3/14/2020 23:34,25.147,69.925
3/15/2020 1:34,24.337,74.141
3/15/2020 3:34,22.858,76.938
3/15/2020 5:34,21.632,80.119
3/15/2020 7:34,24.717,77.036
3/15/2020 9:34,41.416,45.475
3/15/2020 11:34,45.714,34.753
3/15/2020 13:34,48.049,33.858
3/15/2020 15:34,38.511,50.175
3/15/2020 17:34,36.41,54.495
3/15/2020 19:34,33.435,62.976
3/15/2020 21:34,34.027,64.13
3/15/2020 23:34,34.272,68.768
3/16/2020 1:34,33.386,74.455
3/16/2020 3:34,33.237,77.023
3/16/2020 5:34,32.742,85.549
3/16/2020 7:34,32.99,88.961
3/16/2020 9:34,34.124,83.663
3/16/2020 11:34,36.698,86.443
3/16/2020 13:34,38.273,81.26
3/16/2020 15:34,38.179,80.3
3/16/2020 17:34,36.41,82.069
3/16/2020 19:34,31.541,64.441
3/16/2020 21:34,28.216,66.562
3/16/2020 23:34,27.381,71.838
3/17/2020 1:34,29.662,70.017
3/17/2020 3:34,30.173,67.865
3/17/2020 5:34,28.112,68.246
3/17/2020 7:34,30.376,66.236
3/17/2020 9:34,42.386,42.26
3/17/2020 11:34,53.427,26.381
3/17/2020 13:34,52.423,28.735
3/17/2020 15:34,44.082,40.446
3/17/2020 17:34,41.23,48.553
3/17/2020 19:34,39.407,56.767
3/17/2020 21:34,38.795,64.067
3/17/2020 23:34,38.226,68.775
3/18/2020 1:34,36.842,81.864
3/18/2020 3:34,36.891,76.207
3/18/2020 5:34,37.321,79.242
3/18/2020 7:34,37.081,87.235
3/18/2020 9:34,37.513,92.303
3/18/2020 11:34,42.433,79.5
3/18/2020 13:34,44.537,75.015
3/18/2020 15:34,44.218,76.152
3/18/2020 17:34,42.433,81.258
3/18/2020 19:34,41.277,84.631
3/18/2020 21:34,40.951,86.196
3/18/2020 23:34,40.251,89.226
3/19/2020 1:34,39.407,93.078
3/19/2020 3:34,38.7,96.078
3/19/2020 5:34,38.322,96.897
3/19/2020 7:34,38.464,97.599
3/19/2020 9:34,38.7,97.587
3/19/2020 11:34,38.7,97.733
3/19/2020 13:34,38.179,97.482
3/19/2020 15:34,36.313,97.458
3/19/2020 17:34,36.41,98.002
3/19/2020 19:34,35.638,97.929
3/19/2020 21:34,33.188,96.443
3/19/2020 23:34,31.541,93.387
3/20/2020 1:34,29.149,88.368
3/20/2020 3:34,26.218,82.24
3/20/2020 5:34,22.302,78.57
3/20/2020 7:34,22.192,67.692
3/20/2020 9:34,29.867,49.8
3/20/2020 11:34,41.601,33.262
3/20/2020 13:34,39.643,36.589
3/20/2020 15:34,33.485,46.151
3/20/2020 17:34,29.611,48.601
3/20/2020 19:34,26.854,53.229
3/20/2020 21:34,24.987,54.909
3/20/2020 23:34,23.299,61.209
3/21/2020 1:34,22.746,56.164
3/21/2020 3:34,22.192,54.24
3/21/2020 5:34,21.182,54.068
3/21/2020 7:34,23.738,57.412
3/21/2020 9:34,35.298,37.767
3/21/2020 11:34,46.436,26.41
3/21/2020 13:34,41.137,34.124
3/21/2020 15:34,34.858,48.346
3/21/2020 17:34,32.891,58.87
3/21/2020 19:34,30.783,75.138
3/21/2020 21:34,30.02,85.358
3/21/2020 23:34,30.072,87.651
3/22/2020 1:34,30.072,85.794
3/22/2020 3:34,29.867,83.433
3/22/2020 5:34,30.072,81.074
3/22/2020 7:34,31.743,75.437
3/22/2020 9:34,37.513,61.784
3/22/2020 11:34,40.764,58.227
3/22/2020 13:34,45.714,50.281
3/22/2020 15:34,42.892,59.377
3/22/2020 17:34,39.596,68.196
3/22/2020 19:34,37.942,77.911
3/22/2020 21:34,35.638,84.145
3/22/2020 23:34,32.99,91.642
3/23/2020 1:34,32.443,94.736
3/23/2020 3:34,32.392,95.911
3/23/2020 5:34,32.542,96.535
3/23/2020 7:34,33.287,96.65
3/23/2020 9:34,37.035,99.012
3/23/2020 11:34,39.69,90.917
3/23/2020 13:34,42.202,79.231
3/23/2020 15:34,44.537,65.233
3/23/2020 17:34,40.345,71.603
3/23/2020 19:34,36.842,82.802
3/23/2020 21:34,34.371,88.227
3/23/2020 23:34,34.468,93.335
3/24/2020 1:34,36.603,94.635
3/24/2020 3:34,37.081,95.977
3/24/2020 5:34,37.465,96.862
3/24/2020 7:34,38.795,96.873
3/24/2020 9:34,41.878,90.065
3/24/2020 11:34,51.325,63.1
3/24/2020 13:34,48.36,68.239
3/24/2020 15:34,47.064,68.811
3/24/2020 17:34,43.122,75.507
3/24/2020 19:34,40.951,80.833
3/24/2020 21:34,41.693,80.608
3/24/2020 23:34,42.109,82.275
3/25/2020 1:34,41.878,86.424
3/25/2020 3:34,42.064,89.658
3/25/2020 5:34,42.202,90.263
3/25/2020 7:34,42.939,91.837
3/25/2020 9:34,45.036,86.954
3/25/2020 11:34,45.262,80.786
3/25/2020 13:34,43.9,84.033
3/25/2020 15:34,40.579,91.598
3/25/2020 17:34,39.454,94.151
3/25/2020 19:34,38.322,95.286
3/25/2020 21:34,36.891,95.314
3/25/2020 23:34,35.685,94.105
3/26/2020 1:34,32.491,94.186
3/26/2020 3:34,31.39,94.286
3/26/2020 5:34,30.072,95.338
3/26/2020 7:34,33.089,95.077
3/26/2020 9:34,51.325,83.986
3/26/2020 11:34,75.508,57.043
3/26/2020 13:34,75.898,53.543
3/26/2020 15:34,75.898,51.999
3/26/2020 17:34,75.898,50.796
3/26/2020 19:34,75.898,50.511
3/26/2020 21:34,75.898,50.542
3/26/2020 23:34,75.898,50.225
3/27/2020 1:34,75.42,50.634
3/27/2020 3:34,75.16,50.393
3/27/2020 5:34,75.16,50.868
3/27/2020 7:34,75.204,50.903
3/27/2020 9:34,75.724,51.227
3/27/2020 11:34,75.898,47.095
3/27/2020 13:34,75.898,63.775
3/27/2020 15:34,75.985,64.269
3/27/2020 17:34,75.942,64.508
3/27/2020 19:34,75.942,65.385
3/27/2020 21:34,75.985,65.057
3/27/2020 23:34,75.985,65.208
3/28/2020 1:34,75.551,66.463
3/28/2020 3:34,75.463,66.034
3/28/2020 5:34,75.42,65.728
3/28/2020 7:34,75.463,65.792
3/28/2020 9:34,75.81,65.131
3/28/2020 11:34,75.985,65.903
3/28/2020 13:34,75.985,65.238
3/28/2020 15:34,75.985,65.903
3/28/2020 17:34,75.985,65.963
3/28/2020 19:34,76.071,65.126
3/28/2020 21:34,76.071,65.911
3/28/2020 23:34,76.028,65.303
3/29/2020 1:34,75.594,66.106
3/29/2020 3:34,75.42,65.849
3/29/2020 5:34,75.42,65.969
3/29/2020 7:34,75.42,65.396
3/29/2020 9:34,75.767,65.339
3/29/2020 11:34,75.853,65.014
3/29/2020 13:34,75.853,65.135
3/29/2020 15:34,75.853,65.468
3/29/2020 17:34,75.898,65.109
3/29/2020 19:34,75.898,65.23
3/29/2020 21:34,75.853,65.226
3/29/2020 23:34,75.853,64.893
3/30/2020 1:34,75.508,65.253
3/30/2020 3:34,75.376,65.362
3/30/2020 5:34,75.376,64.576
3/30/2020 7:34,75.376,64.999
3/30/2020 9:34,75.81,64.617
3/30/2020 11:34,75.853,64.439
3/30/2020 13:34,75.724,64.245
3/30/2020 15:34,75.724,64.063
3/30/2020 17:34,75.681,64.544
3/30/2020 19:34,75.681,64.423
3/30/2020 21:34,75.724,65.516
3/30/2020 23:34,75.724,65.576
3/31/2020 1:34,75.463,65.038
3/31/2020 3:34,75.376,65.271
3/31/2020 5:34,75.376,65.181
3/31/2020 7:34,75.376,64.999
3/31/2020 9:34,75.637,64.54
3/31/2020 11:34,75.681,64.665
3/31/2020 13:34,75.724,65.425
3/31/2020 15:34,75.724,65.576
3/31/2020 17:34,75.767,65.55
3/31/2020 19:34,75.724,65.485
3/31/2020 21:34,75.724,65.183
3/31/2020 23:34,75.724,65.395
4/1/2020 1:34,75.508,64.951
4/1/2020 3:34,75.376,65.12
4/1/2020 5:34,75.376,64.515
4/1/2020 7:34,75.376,64.182
4/1/2020 9:34,75.681,64.968
4/1/2020 11:34,75.724,64.699
4/1/2020 13:34,75.898,64.2
4/1/2020 15:34,75.942,64.235
4/1/2020 17:34,75.898,64.291
4/1/2020 19:34,75.942,65.174
4/1/2020 21:34,75.942,65.718
4/1/2020 23:34,75.898,64.897
4/2/2020 1:34,75.551,65.982
4/2/2020 3:34,75.376,65.633
4/2/2020 5:34,75.376,65.181
4/2/2020 7:34,75.376,64.273
4/2/2020 9:34,75.767,65.429
4/2/2020 11:34,75.898,65.593
4/2/2020 13:34,75.898,65.864
4/2/2020 15:34,75.942,65.264
4/2/2020 17:34,76.028,65.363
4/2/2020 19:34,75.985,64.572
4/2/2020 21:34,75.985,65.208
4/2/2020 23:34,75.942,65.687
4/3/2020 1:34,75.551,64.865
4/3/2020 3:34,75.42,64.731
4/3/2020 5:34,75.376,64.152
4/3/2020 7:34,75.376,64.273
4/3/2020 9:34,75.767,63.611
4/3/2020 11:34,75.985,64.724
4/3/2020 13:34,75.985,63.175
4/3/2020 15:34,75.985,64.754
4/3/2020 17:34,75.985,64.421
4/3/2020 19:34,75.985,63.783
4/3/2020 21:34,75.942,64.72
4/3/2020 23:34,75.942,64.508
4/4/2020 1:34,75.551,64.865
4/4/2020 3:34,75.42,64.852
4/4/2020 5:34,75.376,64.697
4/4/2020 7:34,75.42,63.397
4/4/2020 9:34,75.81,63.767
4/4/2020 11:34,75.942,62.988
4/4/2020 13:34,75.985,64.572
4/4/2020 15:34,75.985,63.753
4/4/2020 17:34,75.985,64.512
4/4/2020 19:34,75.985,64.481
4/4/2020 21:34,75.985,64.694
4/4/2020 23:34,75.985,64.572
4/5/2020 1:34,75.637,64.328
4/5/2020 3:34,75.463,63.553
4/5/2020 5:34,75.42,64.034
4/5/2020 7:34,75.463,64.16
4/5/2020 9:34,75.853,63.193
4/5/2020 11:34,75.985,63.266
4/5/2020 13:34,75.985,64.784
4/5/2020 15:34,75.985,63.236
4/5/2020 17:34,76.028,64.486
4/5/2020 19:34,75.985,63.023
4/5/2020 21:34,76.071,63.974
4/5/2020 23:34,76.028,64.94
4/6/2020 1:34,75.637,63.569
4/6/2020 3:34,75.463,64.554
4/6/2020 5:34,75.463,64.887
4/6/2020 7:34,75.463,64.16
4/6/2020 9:34,75.724,67.591
4/6/2020 11:34,75.724,70.81
4/6/2020 13:34,75.724,70.987
4/6/2020 15:34,75.81,71.055
4/6/2020 17:34,75.81,71.883
4/6/2020 19:34,75.898,71.626
4/6/2020 21:34,75.898,71.39
4/6/2020 23:34,75.942,71.601
4/7/2020 1:34,75.637,72.395
4/7/2020 3:34,75.463,71.492
4/7/2020 5:34,75.463,71.522
4/7/2020 7:34,75.508,70.491
4/7/2020 9:34,75.853,69.367
4/7/2020 11:34,76.028,69.266
4/7/2020 13:34,75.985,69.827
4/7/2020 15:34,76.071,69.717
4/7/2020 17:34,76.114,68.707
4/7/2020 19:34,76.158,68.473
4/7/2020 21:34,76.158,69.308
4/7/2020 23:34,76.071,69.657
4/8/2020 1:34,75.637,69.077
4/8/2020 3:34,75.463,68.791
4/8/2020 5:34,75.463,68.97
4/8/2020 7:34,75.463,67.745
4/8/2020 9:34,75.81,67.21
4/8/2020 11:34,75.898,66.316
4/8/2020 13:34,75.853,65.92
4/8/2020 15:34,75.898,66.587
4/8/2020 17:34,75.853,66.703
4/8/2020 19:34,75.81,66.819
4/8/2020 21:34,75.898,65.955
4/8/2020 23:34,75.853,66.131
4/9/2020 1:34,75.594,66.588
4/9/2020 3:34,75.463,66.003
4/9/2020 5:34,75.463,65.491
4/9/2020 7:34,75.463,66.034
4/9/2020 9:34,75.81,64.919
4/9/2020 11:34,75.853,64.833
4/9/2020 13:34,75.898,65.955
4/9/2020 15:34,75.898,65.713
4/9/2020 17:34,75.853,65.468
4/9/2020 19:34,75.853,64.56
4/9/2020 21:34,75.853,65.709
4/9/2020 23:34,75.81,65.554
4/10/2020 1:34,75.551,65.288
4/10/2020 3:34,75.42,65.396
4/10/2020 5:34,75.42,65.336
4/10/2020 7:34,75.463,65.219
4/10/2020 9:34,75.81,64.162
4/10/2020 11:34,75.853,63.984
4/10/2020 13:34,76.158,63.404
4/10/2020 15:34,76.114,64.312
4/10/2020 17:34,76.203,64.775
4/10/2020 19:34,76.203,64.563
4/10/2020 21:34,76.203,64.623
4/10/2020 23:34,76.158,64.103
4/11/2020 1:34,75.81,64.738
4/11/2020 3:34,75.594,64.959
4/11/2020 5:34,75.594,64.687
4/11/2020 7:34,75.637,63.964
4/11/2020 9:34,76.028,64.667
4/11/2020 11:34,76.246,64.748
4/11/2020 13:34,76.246,64.445
4/11/2020 15:34,76.246,63.716
4/11/2020 17:34,76.289,64.055
4/11/2020 19:34,76.203,64.775
4/11/2020 21:34,76.246,64.172
4/11/2020 23:34,76.203,64.835
4/12/2020 1:34,75.81,64.829
4/12/2020 3:34,75.637,64.661
4/12/2020 5:34,75.594,64.263
4/12/2020 7:34,75.637,64.206
4/12/2020 9:34,76.028,64.546
4/12/2020 11:34,76.203,64.684
4/12/2020 13:34,76.289,64.662
4/12/2020 15:34,76.246,64.809
4/12/2020 17:34,76.246,64.809
4/12/2020 19:34,76.246,64.658
4/12/2020 21:34,76.203,63.743
4/12/2020 23:34,76.158,64.043
4/13/2020 1:34,75.767,64.643
4/13/2020 3:34,75.594,64.414
4/13/2020 5:34,75.551,63.622
4/13/2020 7:34,75.594,64.233
4/13/2020 9:34,75.985,64.178
4/13/2020 11:34,76.114,64.16
4/13/2020 13:34,76.158,63.982
4/13/2020 15:34,76.636,68.73
4/13/2020 17:34,76.593,70.87
4/13/2020 19:34,76.636,71.556
4/13/2020 21:34,76.636,71.852
4/13/2020 23:34,76.593,71.877
4/14/2020 1:34,75.767,75.281
4/14/2020 3:34,75.463,75.974
4/14/2020 5:34,75.42,75.766
4/14/2020 7:34,75.463,75.567
4/14/2020 9:34,76.289,72.671
4/14/2020 11:34,76.593,71.462
4/14/2020 13:34,76.636,71.792
4/14/2020 15:34,76.681,71.531
4/14/2020 17:34,76.636,71.704
4/14/2020 19:34,76.636,71.674
4/14/2020 21:34,76.681,71.56
4/14/2020 23:34,76.681,71.679
4/15/2020 1:34,75.81,74.527
4/15/2020 3:34,75.463,74.839
4/15/2020 5:34,75.42,74.338
4/15/2020 7:34,75.463,73.699
4/15/2020 9:34,76.289,71.253
4/15/2020 11:34,76.681,67.685
4/15/2020 13:34,76.636,68.939
4/15/2020 15:34,76.681,69.421
4/15/2020 17:34,76.681,69.57
4/15/2020 19:34,76.636,69.416
4/15/2020 21:34,76.636,69.297
4/15/2020 23:34,76.593,69.352
4/16/2020 1:34,75.81,71.588
4/16/2020 3:34,75.508,71.586
4/16/2020 5:34,75.508,71.083
4/16/2020 7:34,75.551,70.673
4/16/2020 9:34,76.419,69.007
4/16/2020 11:34,76.681,67.925
4/16/2020 13:34,76.636,68.43
4/16/2020 15:34,76.681,68.285
4/16/2020 17:34,76.681,68.405
4/16/2020 19:34,76.725,68.259
4/16/2020 21:34,76.681,68.225
4/16/2020 23:34,76.681,68.105
4/17/2020 1:34,75.853,69.784
4/17/2020 3:34,75.551,70.08
4/17/2020 5:34,75.551,69.693
4/17/2020 7:34,75.594,69.371
4/17/2020 9:34,76.464,67.904
4/17/2020 11:34,76.332,66.328
4/17/2020 13:34,76.246,67.312
4/17/2020 15:34,76.289,67.557
4/17/2020 17:34,76.246,67.912
4/17/2020 19:34,76.289,67.647
4/17/2020 21:34,76.246,67.493
4/17/2020 23:34,76.289,67.797
4/18/2020 1:34,75.81,68.766
4/18/2020 3:34,75.508,68.915
4/18/2020 5:34,75.463,68.642
4/18/2020 7:34,75.508,68.288
4/18/2020 9:34,76.071,67.536
4/18/2020 11:34,76.419,67.209
4/18/2020 13:34,76.419,67.239
4/18/2020 15:34,76.507,67.188
4/18/2020 17:34,76.419,67.269
4/18/2020 19:34,76.419,67.33
4/18/2020 21:34,76.419,67.239
4/18/2020 23:34,76.375,67.145
4/19/2020 1:34,75.81,68.229
4/19/2020 3:34,75.508,68.198
4/19/2020 5:34,75.463,68.015
4/19/2020 7:34,75.551,67.514
4/19/2020 9:34,76.071,66.604
4/19/2020 11:34,76.375,66.031
4/19/2020 13:34,76.375,66.272
4/19/2020 15:34,76.375,66.031
4/19/2020 17:34,76.332,65.996
4/19/2020 19:34,76.419,65.914
4/19/2020 21:34,76.332,65.906
4/19/2020 23:34,76.332,66.117
4/20/2020 1:34,75.81,67.27
4/20/2020 3:34,75.508,67.33
4/20/2020 5:34,75.508,66.91
4/20/2020 7:34,75.551,67.124
4/20/2020 9:34,76.158,66.432
4/20/2020 11:34,76.593,64.417
4/20/2020 13:34,76.55,65.897
4/20/2020 15:34,76.507,67.068
4/20/2020 17:34,76.507,66.315
4/20/2020 19:34,76.419,66.126
4/20/2020 21:34,76.464,66.28
4/20/2020 23:34,76.419,66.457
4/21/2020 1:34,75.724,67.231
4/21/2020 3:34,75.463,67.296
4/21/2020 5:34,75.463,67.056
4/21/2020 7:34,75.508,66.94
4/21/2020 9:34,76.158,66.221
4/21/2020 11:34,76.375,65.517
4/21/2020 13:34,76.419,66.065
4/21/2020 15:34,76.464,65.798
4/21/2020 17:34,76.419,66.337
4/21/2020 19:34,76.464,66.13
4/21/2020 21:34,76.464,65.828
4/21/2020 23:34,76.419,65.612
4/22/2020 1:34,75.767,66.845
4/22/2020 3:34,75.508,67.18
4/22/2020 5:34,75.463,66.936
4/22/2020 7:34,75.551,66.644
4/22/2020 9:34,76.203,66.074
4/22/2020 11:34,76.419,63.459
4/22/2020 13:34,76.289,63.751
4/22/2020 15:34,76.332,64.544
4/22/2020 17:34,76.332,63.694
4/22/2020 19:34,76.332,64.332
4/22/2020 21:34,76.332,64.999
4/22/2020 23:34,76.289,64.51
4/23/2020 1:34,75.551,64.077
4/23/2020 3:34,75.376,63.818
4/23/2020 5:34,75.376,64.515
4/23/2020 7:34,75.42,64.64
4/23/2020 9:34,76.158,64.316
4/23/2020 11:34,76.289,64.54
4/23/2020 13:34,76.289,63.872
4/23/2020 15:34,76.332,64.938
4/23/2020 17:34,76.332,63.633
4/23/2020 19:34,76.332,64.969
4/23/2020 21:34,76.375,63.941
4/23/2020 23:34,76.332,64.969
4/24/2020 1:34,75.594,65.201
4/24/2020 3:34,75.42,65.003
4/24/2020 5:34,75.376,64.939
4/24/2020 7:34,75.463,64.675
4/24/2020 9:34,76.158,64.376
4/24/2020 11:34,76.203,50.755
4/24/2020 13:34,73.04,60.774
4/24/2020 15:34,72.523,64.819
4/24/2020 17:34,72.264,64.494
4/24/2020 19:34,72.178,65.117
4/24/2020 21:34,72.178,65.568
4/24/2020 23:34,72.093,66.487
4/25/2020 1:34,72.093,65.589
4/25/2020 3:34,72.05,66.364
4/25/2020 5:34,72.05,66.662
4/25/2020 7:34,72.093,66.188
4/25/2020 9:34,72.178,67.093
4/25/2020 11:34,72.178,66.107
4/25/2020 13:34,72.221,67.336
4/25/2020 15:34,72.178,65.538
4/25/2020 17:34,72.178,66.854
4/25/2020 19:34,72.178,65.897
4/25/2020 21:34,72.178,66.645
4/25/2020 23:34,72.093,67.948
4/26/2020 1:34,72.007,65.611
4/26/2020 3:34,72.007,66.718
4/26/2020 5:34,72.05,66.274
4/26/2020 7:34,72.093,66.457
4/26/2020 9:34,72.178,65.747
4/26/2020 11:34,72.178,66.974
4/26/2020 13:34,72.178,65.598
4/26/2020 15:34,72.264,67.549
4/26/2020 17:34,72.178,66.197
4/26/2020 19:34,72.178,67.003
4/26/2020 21:34,72.136,66.192
4/26/2020 23:34,72.093,67.68
4/27/2020 1:34,72.05,66.005
4/27/2020 3:34,72.007,67.404
4/27/2020 5:34,72.007,65.941
4/27/2020 7:34,72.093,67.383
4/27/2020 9:34,72.093,66.218
4/27/2020 11:34,72.178,66.017
4/27/2020 13:34,72.178,67.153
4/27/2020 15:34,72.178,55.807
4/27/2020 15:38,,
4/27/2020 15:38,,
4/27/2020 15:40,,
4/27/2020 17:34,76.593,62.499
4/27/2020 19:34,76.681,65.093
4/27/2020 21:34,76.681,65.395
4/27/2020 23:34,76.681,66.784
4/28/2020 1:34,76.725,66.185
4/28/2020 3:34,76.289,66.294
4/28/2020 5:34,76.246,65.535
4/28/2020 7:34,76.289,65.992
4/28/2020 9:34,76.332,67.021
4/28/2020 11:34,76.725,67.119
4/28/2020 13:34,76.768,66.008
4/28/2020 15:34,76.768,67.454
4/28/2020 17:34,76.768,66.159
4/28/2020 19:34,76.768,66.732
4/28/2020 21:34,76.725,66.938
4/28/2020 23:34,76.725,67.029
4/29/2020 1:34,76.681,67.085
4/29/2020 3:34,76.289,67.257
4/29/2020 5:34,76.246,66.561
4/29/2020 7:34,76.246,65.867
4/29/2020 9:07,,
4/29/2020 9:07,,
4/29/2020 9:08,,
4/29/2020 9:34,76.725,66.848
4/29/2020 11:34,76.768,71.332
4/29/2020 13:34,76.768,72.279
4/29/2020 15:34,76.811,72.932
4/29/2020 17:34,76.811,72.785
4/29/2020 19:34,76.811,71.337
4/29/2020 21:34,76.55,73.199
4/29/2020 23:34,76.375,73.033
4/30/2020 1:34,76.332,73.117
4/30/2020 3:34,76.332,71.79
4/30/2020 5:34,76.593,71.433
4/30/2020 7:34,76.768,71.244
4/30/2020 9:34,76.768,71.125
4/30/2020 11:34,76.768,70.799
4/30/2020 13:34,76.768,71.155
4/30/2020 15:34,76.768,70.888
4/30/2020 17:34,76.768,70.977
4/30/2020 19:34,76.811,71.692
4/30/2020 21:34,76.55,71.842
4/30/2020 23:34,76.375,71.321
5/1/2020 1:34,76.332,70.932
5/1/2020 3:34,76.332,70.872
5/1/2020 5:34,76.636,69.804
5/1/2020 7:34,76.811,70.268
5/1/2020 9:34,76.811,70.328
5/1/2020 11:34,77.378,68.564
5/1/2020 13:34,77.464,68.663
5/1/2020 15:34,77.509,68.127
5/1/2020 17:34,77.509,69.743
5/1/2020 19:34,77.553,69.748
5/1/2020 21:34,77.16,70.572
5/1/2020 23:34,76.725,70.883
5/2/2020 1:34,76.681,69.779
5/2/2020 3:34,76.681,69.987
5/2/2020 5:34,77.072,70.116
5/2/2020 7:34,77.464,69.261
5/2/2020 9:34,77.553,67.892
5/2/2020 11:34,77.553,69.031
5/2/2020 13:34,77.509,67.557
5/2/2020 15:34,77.509,68.667
5/2/2020 17:34,77.509,67.165
5/2/2020 19:34,77.509,68.637
5/2/2020 21:34,77.072,68.803
5/2/2020 23:34,76.636,68.49
5/3/2020 1:34,76.593,67.917
5/3/2020 3:34,76.55,68.751
5/3/2020 5:34,76.986,68.405
5/3/2020 7:34,77.421,67.578
5/3/2020 9:34,77.421,67.578
5/3/2020 11:34,77.464,66.89
5/3/2020 13:34,77.464,66.86
5/3/2020 15:34,77.464,67.673
5/3/2020 17:34,77.509,67.827
5/3/2020 19:34,77.509,67.346
5/3/2020 21:34,77.029,67.69
5/3/2020 23:34,76.593,68.815
5/4/2020 1:34,76.55,67.613
5/4/2020 3:34,76.507,68.208
5/4/2020 5:34,76.986,68.345
5/4/2020 7:34,77.421,67.217
5/4/2020 9:34,77.421,67.728
5/4/2020 11:34,77.421,66.464
5/4/2020 13:34,77.421,66.976
5/4/2020 15:34,77.421,67.398
5/4/2020 17:34,77.421,67.488
5/4/2020 19:34,77.378,67.664
5/4/2020 21:34,76.942,68.071
5/4/2020 23:34,76.593,68.486
5/5/2020 1:34,76.507,68.537
5/5/2020 3:34,76.507,68.178
5/5/2020 5:34,76.942,67.711
5/5/2020 7:34,77.335,67.299
5/5/2020 9:34,77.378,67.092
5/5/2020 11:34,77.378,67.092
5/5/2020 13:34,77.378,67.213
5/5/2020 15:34,77.378,67.604
5/5/2020 17:34,77.378,66.882
5/5/2020 19:34,77.378,66.429
5/5/2020 21:34,76.854,67.643
5/5/2020 23:34,76.507,67.938
5/6/2020 1:34,76.464,67.514
5/6/2020 3:34,76.507,67.788
5/6/2020 5:34,76.942,67.531
5/6/2020 7:34,77.378,66.942
5/6/2020 9:34,77.378,66.791
5/6/2020 11:34,77.117,65.86
5/6/2020 13:34,77.029,67.66
5/6/2020 15:34,77.029,68.589
5/6/2020 17:34,76.986,68.345
5/6/2020 19:34,77.029,67.81
5/6/2020 21:34,76.725,67.419
5/6/2020 23:34,76.464,67.304
5/7/2020 1:34,76.419,67.33
5/7/2020 3:34,76.419,67.63
5/7/2020 5:34,76.768,66.943
5/7/2020 7:34,76.986,67.715
5/7/2020 9:34,76.986,67.475
5/7/2020 11:34,77.029,66.938
5/7/2020 13:34,76.986,66.813
5/7/2020 15:34,77.029,66.667
5/7/2020 17:34,76.986,66.24
5/7/2020 19:34,77.029,67.69
5/7/2020 21:34,76.681,66.904
5/7/2020 23:34,76.419,66.939
5/8/2020 1:34,76.419,66.487
5/8/2020 3:34,76.419,66.668
5/8/2020 5:34,76.725,67.9
5/8/2020 7:34,76.986,66.301
5/8/2020 9:34,76.986,66.934
5/8/2020 11:34,77.029,67.63
5/8/2020 13:34,77.029,65.277
5/8/2020 15:34,76.986,66.693
5/8/2020 17:34,77.029,67.239
5/8/2020 19:34,76.942,66.266
5/8/2020 21:34,76.681,67.625
5/8/2020 23:34,76.419,67.33
5/9/2020 1:34,76.419,66.216
5/9/2020 3:34,76.375,67.295
5/9/2020 5:34,76.725,66.547
5/9/2020 7:34,76.942,66.357
5/9/2020 9:34,76.986,67.265
5/9/2020 11:34,76.986,66.602
5/9/2020 13:34,77.029,66.817
5/9/2020 15:34,76.942,67.26
5/9/2020 17:34,76.986,67.235
5/9/2020 19:34,77.029,66.576
5/9/2020 21:34,76.681,67.985
5/9/2020 23:34,76.464,67.454
5/10/2020 1:34,76.419,66.728
5/10/2020 3:34,76.419,67.209
5/10/2020 5:34,76.725,67.45
5/10/2020 7:34,76.942,66.477
5/10/2020 9:34,76.986,66.964
5/10/2020 11:34,76.942,66.146
5/10/2020 13:34,76.942,66.869
5/10/2020 15:34,76.942,66.96
5/10/2020 17:34,76.986,66.361
5/10/2020 19:34,76.942,66.146
5/10/2020 21:34,76.636,66.418
5/10/2020 23:34,76.375,66.272
5/11/2020 1:34,76.375,66.604
5/11/2020 3:34,76.375,66.995
5/11/2020 5:34,76.681,66.181
5/11/2020 7:34,76.942,66.055
5/11/2020 9:34,76.986,65.878
5/11/2020 11:34,76.942,57.598
5/11/2020 13:34,77.203,64.353
5/11/2020 15:34,77.203,64.93
5/11/2020 17:34,77.203,65.415
5/11/2020 19:34,77.203,65.475
5/11/2020 21:34,76.811,65.771
5/11/2020 23:34,76.464,65.465
5/12/2020 1:34,76.419,65.854
5/12/2020 3:34,76.419,65.249
5/12/2020 5:34,76.854,65.472
5/12/2020 7:34,77.203,64.96
5/12/2020 9:34,77.203,64.535
5/12/2020 11:34,77.16,65.32
5/12/2020 13:34,77.247,64.418
5/12/2020 15:34,77.203,64.383
5/12/2020 17:34,77.203,64.626
5/12/2020 19:34,77.203,64.869
5/12/2020 21:34,76.811,65.196
5/12/2020 23:34,76.464,65.011
5/13/2020 1:34,76.464,64.89
5/13/2020 3:34,76.419,64.795
5/13/2020 5:34,76.854,64.715
5/13/2020 7:34,77.203,64.505
5/13/2020 9:34,77.247,64.327
5/13/2020 11:34,77.247,64.539
5/13/2020 13:34,77.421,63.338
5/13/2020 15:34,77.421,63.917
5/13/2020 17:34,77.464,64.438
5/13/2020 19:34,77.509,65.08
5/13/2020 21:34,77.117,65.77
5/13/2020 23:34,76.681,66.301
5/14/2020 1:34,76.636,66.267
5/14/2020 3:34,76.636,66.237
5/14/2020 5:34,77.117,65.83
5/14/2020 7:34,77.509,65.413
5/14/2020 9:34,77.509,65.141
5/14/2020 11:34,77.553,65.63
5/14/2020 13:34,77.553,64.963
5/14/2020 15:34,77.596,65.058
5/14/2020 17:34,77.596,65.391
5/14/2020 19:34,77.639,65.153
5/14/2020 21:34,77.16,65.471
5/14/2020 23:34,76.681,65.607
5/15/2020 1:34,76.593,65.478
5/15/2020 3:34,76.593,64.842
5/15/2020 5:34,77.029,64.671
5/15/2020 7:34,77.421,64.525
5/15/2020 9:34,77.421,64.039
5/15/2020 11:34,77.464,64.59
5/15/2020 13:34,77.464,64.286
5/15/2020 15:34,77.464,65.045
5/15/2020 17:34,77.509,64.533
5/15/2020 19:34,77.509,64.503
5/15/2020 21:34,77.029,64.64
5/15/2020 23:34,76.636,65.27
5/16/2020 1:34,76.55,65.776
5/16/2020 3:34,76.507,64.955
5/16/2020 5:34,76.986,65.394
5/16/2020 7:34,77.378,64.308
5/16/2020 9:34,77.378,64.612
5/16/2020 11:34,77.378,65.189
5/16/2020 13:34,77.421,65.102
5/16/2020 15:34,77.464,65.409
5/16/2020 17:34,77.464,64.894
5/16/2020 19:34,77.464,65.742
5/16/2020 21:34,77.029,65.882
5/16/2020 23:34,76.593,66.022
5/17/2020 1:34,76.55,65.715
5/17/2020 3:34,76.507,66.104
5/17/2020 5:34,76.986,65.787
5/17/2020 7:34,77.378,64.248
5/17/2020 9:34,77.464,64.651
5/17/2020 11:34,77.421,64.282
5/17/2020 13:34,77.421,65.011
5/17/2020 15:34,77.421,65.223
5/17/2020 17:34,77.421,64.89
5/17/2020 19:34,77.421,64.282
5/17/2020 21:34,76.942,65.299
5/17/2020 23:34,76.55,65.504
5/18/2020 1:34,76.507,65.318
5/18/2020 3:34,76.464,65.314
5/18/2020 5:34,76.942,65.39
5/18/2020 7:34,77.335,64.76
5/18/2020 9:34,77.335,64.152
5/18/2020 11:34,77.16,64.349
5/18/2020 13:34,77.16,65.289
5/18/2020 15:34,77.203,65.263
5/18/2020 17:34,77.203,65.112
5/18/2020 19:34,77.203,64.748
5/18/2020 21:34,76.854,64.806
5/18/2020 23:34,76.55,65.383
5/19/2020 1:34,76.464,64.951
5/19/2020 3:34,76.419,65.34
5/19/2020 5:34,76.811,64.711
5/19/2020 7:34,77.072,64.249
5/19/2020 9:34,77.072,64.493
5/19/2020 11:34,77.16,65.229
5/19/2020 13:34,77.16,64.986
5/19/2020 15:34,77.203,65.112
5/19/2020 17:34,77.247,65.691
5/19/2020 19:34,77.292,64.999
5/19/2020 21:34,76.942,65.874
5/19/2020 23:34,76.636,65.724
5/20/2020 1:34,76.593,65.447
5/20/2020 3:34,76.593,65.387
5/20/2020 5:34,76.942,64.996
5/20/2020 7:34,77.203,65.051
5/20/2020 9:34,77.247,64.691
5/20/2020 11:34,77.292,65.15
5/20/2020 13:34,77.247,65.237
5/20/2020 15:34,77.335,64.699
5/20/2020 17:34,77.378,65.552
5/20/2020 19:34,77.378,65.189
5/20/2020 21:34,77.029,65.882
5/20/2020 23:34,76.768,65.827
5/21/2020 1:34,76.768,65.857
5/21/2020 3:34,76.768,65.797
5/21/2020 5:34,77.117,65.134
5/21/2020 7:34,77.378,65.492
5/21/2020 9:34,77.421,64.677
5/21/2020 11:34,77.421,64.859
5/21/2020 13:34,77.421,64.859
5/21/2020 15:34,77.464,64.803
5/21/2020 17:34,77.464,64.681
5/21/2020 19:34,77.464,65.258
5/21/2020 21:34,77.072,66.098
5/21/2020 23:34,76.811,65.559
5/22/2020 1:34,76.768,64.98
5/22/2020 3:34,76.725,64.945
5/22/2020 5:34,77.117,65.8
5/22/2020 7:34,77.378,65.552
5/22/2020 9:34,77.464,65.076
5/22/2020 11:34,77.421,64.829
5/22/2020 13:34,77.378,64.643
5/22/2020 15:34,77.378,64.582
5/22/2020 17:34,77.378,65.007
5/22/2020 19:34,77.378,65.401
5/22/2020 21:34,76.986,65.757
5/22/2020 23:34,76.636,65.633
5/23/2020 1:34,76.593,65.81
5/23/2020 3:34,76.593,65.205
5/23/2020 5:34,76.986,65.878
5/23/2020 7:34,77.292,65.211
5/23/2020 9:34,77.378,66.036
5/23/2020 11:34,77.378,65.28
5/23/2020 13:34,77.378,65.855
5/23/2020 15:34,77.378,66.429
5/23/2020 17:34,77.335,65.821
5/23/2020 19:34,77.378,65.371
5/23/2020 21:34,76.942,65.904
5/23/2020 23:34,76.636,66.599
5/24/2020 1:34,76.636,66.448
5/24/2020 3:34,76.593,65.991
5/24/2020 5:34,76.986,66.18
5/24/2020 7:34,77.292,66.179
5/24/2020 9:34,77.335,65.397
5/24/2020 11:34,77.335,66.183
5/24/2020 13:34,77.378,66.369
5/24/2020 15:34,77.378,65.552
5/24/2020 17:34,77.378,66.459
5/24/2020 19:34,77.378,66.369
5/24/2020 21:34,76.986,66.994
5/24/2020 23:34,76.681,66.964
5/25/2020 1:34,76.636,66.388
5/25/2020 3:34,76.636,66.026
5/25/2020 5:34,77.029,66.667
5/25/2020 7:34,77.335,66.244
5/25/2020 9:34,77.335,66.365
5/25/2020 11:34,77.378,66.157
5/25/2020 13:34,77.378,66.308
5/25/2020 15:34,77.378,66.308
5/25/2020 17:34,77.378,66.399
5/25/2020 19:34,77.378,65.583
5/25/2020 21:34,76.942,66.477
5/25/2020 23:34,76.636,66.358
5/26/2020 1:34,76.593,66.203
5/26/2020 3:34,76.593,66.112
5/26/2020 5:34,76.986,66.12
5/26/2020 7:34,77.292,65.998
5/26/2020 9:34,77.335,66.485
5/26/2020 11:34,77.335,66.546
5/26/2020 13:34,77.378,66.157
5/26/2020 15:34,77.378,65.734
5/26/2020 17:34,77.378,66.52
5/26/2020 19:34,77.378,66.52
5/26/2020 21:34,76.986,67.024
5/26/2020 23:34,76.681,66.754
5/27/2020 1:34,76.636,66.207
5/27/2020 3:34,76.593,65.961
5/27/2020 5:34,76.986,66.482
5/27/2020 7:34,77.292,66.451
5/27/2020 9:34,77.292,66.451
5/27/2020 11:34,77.378,65.462
5/27/2020 13:34,77.292,65.786
5/27/2020 15:34,77.247,65.691
5/27/2020 17:34,77.247,65.661
5/27/2020 19:34,77.247,65.873
5/27/2020 21:34,76.768,66.189
5/27/2020 23:34,76.507,66.496
5/28/2020 1:34,76.419,66.156
5/28/2020 3:34,76.419,65.944
5/28/2020 5:34,76.854,65.926
5/28/2020 7:34,77.16,64.926
5/28/2020 9:34,77.203,64.778
5/28/2020 11:34,77.16,64.835
5/28/2020 13:34,77.16,64.683
5/28/2020 15:34,77.16,64.349
5/28/2020 17:34,77.16,64.045
5/28/2020 19:34,77.203,64.535
5/28/2020 21:34,76.725,64.46
5/28/2020 23:34,76.419,64.886
5/29/2020 1:34,76.419,64.492
5/29/2020 3:34,76.375,64.7
5/29/2020 5:34,76.854,64.533
5/29/2020 7:34,77.16,63.862
5/29/2020 9:34,77.16,63.953
5/29/2020 11:34,77.16,60.833
5/29/2020 13:34,77.117,64.01
5/29/2020 15:34,77.16,64.258
5/29/2020 17:34,77.16,64.258
5/29/2020 19:34,77.16,64.136
5/29/2020 21:34,76.725,64.46
5/29/2020 23:34,76.419,64.583
5/30/2020 1:34,76.375,64.154
5/30/2020 3:34,76.375,64.427
5/30/2020 5:34,76.768,64.403
5/30/2020 7:34,77.117,63.584
5/30/2020 9:34,77.117,63.645
5/30/2020 11:34,77.117,63.949
5/30/2020 13:34,77.117,63.188
5/30/2020 15:34,77.117,63.584
5/30/2020 17:34,77.117,63.096
5/30/2020 19:34,77.117,63.035
5/30/2020 21:34,76.768,63.338
5/30/2020 23:34,76.419,63.428
5/31/2020 1:34,76.419,63.428
5/31/2020 3:34,76.419,63.854
5/31/2020 5:34,76.854,63.742
5/31/2020 7:34,77.16,63.862
5/31/2020 9:34,77.16,63.801
5/31/2020 11:34,77.203,63.318
5/31/2020 13:34,77.203,63.775
5/31/2020 15:34,77.247,64.022
5/31/2020 17:34,77.292,63.783
5/31/2020 19:34,77.292,63.874
5/31/2020 21:34,76.899,64.415
5/31/2020 23:34,76.636,64.087
6/1/2020 1:34,76.593,64.569
6/1/2020 3:34,76.593,64.599
6/1/2020 5:34,77.029,64.974
6/1/2020 7:34,77.335,64.426
6/1/2020 9:34,77.421,64.738
6/1/2020 11:34,77.421,65.254
6/1/2020 13:34,77.464,65.621
6/1/2020 15:34,77.464,65.591
6/1/2020 17:34,77.464,65.288
6/1/2020 19:34,77.464,65.682
6/1/2020 21:34,77.029,65.822
6/1/2020 23:34,76.725,66.064
6/2/2020 1:34,76.681,66.12
6/2/2020 3:34,76.681,65.667
6/2/2020 5:34,77.072,65.554
6/2/2020 7:34,77.378,65.583
6/2/2020 9:34,77.378,65.401
6/2/2020 11:34,77.378,65.462
6/2/2020 13:34,77.378,64.946
6/2/2020 15:34,77.335,64.608
6/2/2020 17:34,77.378,65.037
6/2/2020 19:34,77.421,65.405
6/2/2020 21:34,76.986,65.697
6/2/2020 23:34,76.681,66.332
6/3/2020 1:34,76.636,65.996
6/3/2020 3:34,76.636,65.663
6/3/2020 5:34,77.029,65.852
6/3/2020 7:34,77.335,65.306
6/3/2020 9:34,77.335,65.427
6/3/2020 11:34,77.292,64.968
6/3/2020 13:34,77.292,64.847
6/3/2020 15:34,77.378,64.248
6/3/2020 17:34,77.292,64.179
6/3/2020 19:34,77.292,64.574
6/3/2020 21:34,76.899,64.81
6/3/2020 23:34,76.593,64.721
6/4/2020 1:34,76.55,64.929
6/4/2020 3:34,76.507,64.652
6/4/2020 5:34,76.942,64.511
6/4/2020 7:34,77.247,64.296
6/4/2020 9:34,77.292,64.817
6/4/2020 11:34,77.292,65.211
6/4/2020 13:34,77.292,65.211
6/4/2020 15:34,77.292,64.209
6/4/2020 17:34,77.203,64.231
6/4/2020 19:34,77.292,64.634
6/4/2020 21:34,76.899,64.871
6/4/2020 23:34,76.593,64.569
6/5/2020 1:34,76.55,65.383
6/5/2020 3:34,76.55,65.655
6/5/2020 5:34,76.986,65.212
6/5/2020 7:34,77.247,65.298
6/5/2020 9:34,77.247,64.661
6/5/2020 11:34,77.203,65.233
6/5/2020 13:34,77.203,64.383
6/5/2020 15:34,77.203,64.14
6/5/2020 17:34,77.203,64.079
6/5/2020 19:34,77.203,64.049
6/5/2020 21:34,76.768,64.039
6/5/2020 23:34,76.507,64.591
6/6/2020 1:34,76.464,64.162
6/6/2020 3:34,76.464,64.678
6/6/2020 5:34,76.899,64.446
6/6/2020 7:34,77.203,64.17
6/6/2020 9:34,77.247,64.63
6/6/2020 11:34,77.203,64.383
6/6/2020 13:34,77.203,64.626
6/6/2020 15:34,77.247,64.174
6/6/2020 17:34,77.247,64.387
6/6/2020 19:34,77.247,64.63
6/6/2020 21:34,76.899,65.265
6/6/2020 23:34,76.593,65.568
6/7/2020 1:34,76.55,65.655
6/7/2020 3:34,76.55,65.171
6/7/2020 5:34,76.986,65.061
6/7/2020 7:34,77.247,65.449
6/7/2020 9:34,77.247,65.419
6/7/2020 11:34,77.292,65.453
6/7/2020 13:34,77.335,65.488
6/7/2020 15:34,77.335,65.73
6/7/2020 17:34,77.292,65.423
6/7/2020 19:34,77.335,65.79
6/7/2020 21:34,76.899,65.839
6/7/2020 23:34,76.636,65.965
6/8/2020 1:34,76.593,65.81
6/8/2020 3:34,76.593,65.84
6/8/2020 5:34,77.029,65.943
6/8/2020 7:34,77.292,65.756
6/8/2020 9:34,77.292,65.332
6/8/2020 11:34,77.335,65.881
6/8/2020 13:34,77.292,65.484
6/8/2020 15:34,77.335,65.003
6/8/2020 17:34,77.292,65.484
6/8/2020 19:34,77.292,65.09
6/8/2020 21:34,76.899,65.839
6/8/2020 23:34,76.593,65.75
6/9/2020 1:34,76.55,65.443
6/9/2020 3:34,76.507,65.106
6/9/2020 5:34,76.942,65.571
6/9/2020 7:34,77.203,64.899
6/9/2020 9:34,77.292,64.999
6/9/2020 11:34,77.292,65.241
6/9/2020 13:34,77.292,65.544
6/9/2020 15:34,77.335,65.457
6/9/2020 17:34,77.292,64.999
6/9/2020 19:34,77.335,65.336
6/9/2020 21:34,76.942,66.055
6/9/2020 23:34,76.593,66.112
6/10/2020 1:34,76.593,65.447
6/10/2020 3:34,76.55,65.836
6/10/2020 5:34,76.942,65.481
6/10/2020 7:34,77.247,65.298
6/10/2020 9:34,77.247,65.146
6/10/2020 11:34,77.247,64.995
6/10/2020 13:34,77.203,64.839
6/10/2020 15:34,77.203,63.805
6/10/2020 17:34,77.203,63.714
6/10/2020 19:34,77.203,62.279
6/10/2020 21:34,76.768,62.27
6/10/2020 23:34,76.464,63.371
6/11/2020 1:34,76.419,62.88
6/11/2020 3:34,76.419,62.849
6/11/2020 5:34,76.854,62.278
6/11/2020 7:34,77.16,63.375
6/11/2020 9:34,77.16,63.557
6/11/2020 11:34,77.16,62.244
6/11/2020 13:34,77.203,61.727
6/11/2020 15:34,77.203,62.064
6/11/2020 17:34,77.203,62.615
6/11/2020 19:34,77.16,63.008
6/11/2020 21:34,76.768,62.423
6/11/2020 23:34,76.464,63.219
6/12/2020 1:34,76.419,63.276
6/12/2020 3:34,76.419,63.306
6/12/2020 5:34,76.854,63.742
6/12/2020 7:34,77.16,62.275
6/12/2020 9:34,77.16,63.314
6/12/2020 11:34,77.16,64.014
6/12/2020 13:34,77.16,63.923
6/12/2020 15:34,77.203,59.943
6/12/2020 17:34,77.247,59.174
6/12/2020 19:34,77.247,58.338
6/12/2020 21:34,76.854,58.677
6/12/2020 23:34,76.464,57.558
6/13/2020 1:34,76.375,56.399
6/13/2020 3:34,76.332,56.365
6/13/2020 5:34,76.811,56.373
6/13/2020 7:34,77.203,57.775
6/13/2020 9:34,77.247,58.245
6/13/2020 11:34,77.292,58.062
6/13/2020 13:34,77.335,57.724
6/13/2020 15:34,77.335,59.306
6/13/2020 17:34,77.335,58.872
6/13/2020 19:34,77.378,58.194
6/13/2020 21:34,76.899,56.754
6/13/2020 23:34,76.55,57.13
6/14/2020 1:34,76.507,57.251
6/14/2020 3:34,76.464,56.313
6/14/2020 5:34,76.854,56.626
6/14/2020 7:34,77.203,57.278
6/14/2020 9:34,77.292,57.067
6/14/2020 11:34,77.292,56.818
6/14/2020 13:34,77.292,57.472
6/14/2020 15:34,77.378,57.635
6/14/2020 17:34,77.378,59.062
6/14/2020 19:34,77.378,58.814
6/14/2020 21:34,76.942,58.436
6/14/2020 23:34,76.593,57.662
6/15/2020 1:34,76.55,58.341
6/15/2020 3:34,76.55,57.006
6/15/2020 5:34,76.942,57.069
6/15/2020 7:34,77.292,57.378
6/15/2020 9:34,77.378,57.168
6/15/2020 11:34,77.378,58.814
6/15/2020 13:34,77.421,60.794
6/15/2020 15:34,77.464,61.229
6/15/2020 17:34,77.421,62.084
6/15/2020 19:34,77.378,62.172
6/15/2020 21:34,76.942,61.182
6/15/2020 23:34,76.636,60.54
6/16/2020 1:34,76.593,59.982
6/16/2020 3:34,76.55,60.194
6/16/2020 5:34,76.942,59.673
6/16/2020 7:34,77.292,59.24
6/16/2020 9:34,77.378,60.76
6/16/2020 11:34,77.378,62.356
6/16/2020 13:34,77.378,62.723
6/16/2020 15:34,77.378,61.129
6/16/2020 17:34,77.378,61.681
6/16/2020 19:34,77.378,61.559
6/16/2020 21:34,76.942,61.52
6/16/2020 23:34,76.593,60.352
6/17/2020 1:34,76.507,59.913
6/17/2020 3:34,76.507,59.42
6/17/2020 5:34,76.942,59.766
6/17/2020 7:34,77.247,60.625
6/17/2020 9:34,77.292,61.49
6/17/2020 11:34,77.335,61.524
6/17/2020 13:34,77.335,61.094
6/17/2020 15:34,77.335,61.002
6/17/2020 17:34,77.335,60.848
6/17/2020 19:34,77.335,60.509
6/17/2020 21:34,76.899,60.902
6/17/2020 23:34,76.593,60.875
6/18/2020 1:34,76.55,61.331
6/18/2020 3:34,76.55,61.239
6/18/2020 5:34,76.942,61.182
6/18/2020 7:34,77.292,62.256
6/18/2020 9:34,77.335,61.954
6/18/2020 11:34,77.335,62.045
6/18/2020 13:34,77.292,61.367
6/18/2020 15:34,77.378,60.975
6/18/2020 17:34,77.378,61.865
6/18/2020 19:34,77.378,61.589
6/18/2020 21:34,76.942,62.653
6/18/2020 23:34,76.636,62.93
6/19/2020 1:34,76.593,62.346
6/19/2020 3:34,76.593,62.193
6/19/2020 5:34,76.986,63.389
6/19/2020 7:34,78.602,61.514
6/19/2020 9:34,77.639,63.297
6/19/2020 11:34,77.509,64.685
6/19/2020 13:34,77.553,65.114
6/19/2020 15:34,77.335,64
6/19/2020 17:34,77.378,64.187
6/19/2020 19:34,77.335,65.185
6/19/2020 21:34,76.854,65.956
6/19/2020 23:34,76.55,65.897
6/20/2020 1:34,76.507,65.862
6/20/2020 3:34,76.507,65.832
6/20/2020 5:34,76.942,64.844
6/20/2020 7:34,77.247,65.54
6/20/2020 9:34,77.292,65.484
6/20/2020 11:34,77.292,65.847
6/20/2020 13:34,77.292,65.181
6/20/2020 15:34,77.335,64.274
6/20/2020 17:34,77.335,65.669
6/20/2020 19:34,77.335,64.608
6/20/2020 21:34,76.899,65.416
6/20/2020 23:34,76.55,65.776
6/21/2020 1:34,76.507,65.923
6/21/2020 3:34,76.55,64.959
6/21/2020 5:34,76.986,66.089
6/21/2020 7:34,77.335,64.699
6/21/2020 9:34,77.378,66.067
6/21/2020 11:34,77.378,64.308
6/21/2020 13:34,77.378,66.188
6/21/2020 15:34,77.378,65.128
6/21/2020 17:34,77.378,64.673
6/21/2020 19:34,77.378,65.916
6/21/2020 21:34,76.899,65.688
6/21/2020 23:34,76.593,66.052
6/22/2020 1:34,76.55,65.715
6/22/2020 3:34,76.55,65.534
6/22/2020 5:34,76.986,65.817
6/22/2020 7:34,77.247,65.691
6/22/2020 9:34,77.292,64.756
6/22/2020 11:34,77.553,64.568
6/22/2020 13:34,77.464,63.769
6/22/2020 15:34,77.203,63.592
6/22/2020 17:34,77.292,64.786
6/22/2020 19:34,77.247,65.328
6/22/2020 21:34,76.854,64.927
6/22/2020 23:34,76.593,64.357
6/23/2020 1:34,76.593,64.144
6/23/2020 3:34,76.593,64.781
6/23/2020 5:34,76.986,65.757
6/23/2020 7:34,77.203,64.93
6/23/2020 9:34,77.247,64.752
6/23/2020 11:34,77.247,64.964
6/23/2020 13:34,77.247,65.267
6/23/2020 15:34,77.292,65.181
6/23/2020 17:34,77.247,65.025
6/23/2020 19:34,77.292,65.12
6/23/2020 21:34,76.899,65.083
6/23/2020 23:34,76.636,64.937
6/24/2020 1:34,76.593,64.387
6/24/2020 3:34,76.593,64.599
6/24/2020 5:34,77.029,65.489
6/24/2020 7:34,77.247,64.478
6/24/2020 9:34,77.335,65.397
6/24/2020 11:34,77.335,65.215
6/24/2020 13:34,77.292,63.996
6/24/2020 15:34,77.292,64.209
6/24/2020 17:34,77.335,63.787
6/24/2020 19:34,77.292,64.817
6/24/2020 21:34,76.899,63.807
6/24/2020 23:34,76.636,65.179
6/25/2020 1:34,76.636,64.512
6/25/2020 3:34,76.593,65.387
6/25/2020 5:34,76.986,64.818
6/25/2020 7:34,77.292,64.483
6/25/2020 9:34,77.292,65.09
6/25/2020 11:34,77.292,64.786
6/25/2020 13:34,77.335,63.726
6/25/2020 15:34,77.378,64.977
6/25/2020 17:34,77.378,64.977
6/25/2020 19:34,77.378,64.612
6/25/2020 21:34,76.942,64.632
6/25/2020 23:34,76.681,64.82
6/26/2020 1:34,76.681,65.456
6/26/2020 3:34,76.636,65.693
6/26/2020 5:34,77.072,66.068
6/26/2020 7:34,77.335,66.032
6/26/2020 9:34,77.378,65.673
6/26/2020 11:34,77.378,64.46
6/26/2020 13:34,78.339,58.865
6/26/2020 15:34,77.684,59.521
6/26/2020 17:34,77.684,58.871
6/26/2020 19:34,77.639,59.208
6/26/2020 21:34,77.029,58.939
6/26/2020 23:34,76.593,60.106
6/27/2020 1:34,76.55,59.886
6/27/2020 3:34,76.507,60.529
6/27/2020 5:34,77.16,59.878
6/27/2020 7:34,77.596,60.255
6/27/2020 9:34,77.639,59.084
6/27/2020 11:34,77.639,58.495
6/27/2020 13:34,77.639,58.806
6/27/2020 15:34,77.639,58.713
6/27/2020 17:34,77.639,58.775
6/27/2020 19:34,77.684,58.344
6/27/2020 21:34,77.029,59.65
6/27/2020 23:34,76.593,59.921
6/28/2020 1:34,76.55,60.379
6/28/2020 3:34,76.55,60.317
6/28/2020 5:34,77.203,60.529
6/28/2020 7:34,77.639,60.259
6/28/2020 9:34,77.639,59.888
6/28/2020 11:34,77.639,59.827
6/28/2020 13:34,77.639,59.084
6/28/2020 15:34,77.639,59.239
6/28/2020 17:34,77.639,59.981
6/28/2020 19:34,77.684,59.676
6/28/2020 21:34,77.029,59.341
6/28/2020 23:34,76.593,60.66
6/29/2020 1:34,76.55,60.502
6/29/2020 3:34,76.507,60.498
6/29/2020 5:34,77.16,60.525
6/29/2020 7:34,77.596,59.421
6/29/2020 9:34,77.203,71.94
6/29/2020 11:34,77.247,73.067
6/29/2020 13:34,77.292,73.513
6/29/2020 15:34,77.292,74.16
6/29/2020 17:34,77.378,75.867
6/29/2020 19:34,77.421,76.221
6/29/2020 21:34,76.986,80.275
6/29/2020 23:34,76.854,82.201
6/30/2020 1:34,76.768,82.247
6/30/2020 3:34,76.681,82.577
6/30/2020 5:34,77.117,79.285
6/30/2020 7:34,77.335,79.109
6/30/2020 9:34,77.378,79.344
6/30/2020 11:34,77.378,78.912
6/30/2020 13:34,77.378,79.171
6/30/2020 15:34,77.378,79.286
6/30/2020 17:34,77.378,78.739
6/30/2020 19:34,77.464,78.691
6/30/2020 21:34,76.854,82.001
6/30/2020 23:34,76.55,82.221
7/1/2020 1:34,76.55,82.107
7/1/2020 3:34,76.55,81.509
7/1/2020 5:34,77.029,78.121
7/1/2020 7:34,77.292,76.527
7/1/2020 9:34,77.335,76.881
7/1/2020 11:34,77.335,76.386
7/1/2020 13:34,77.335,76.823
7/1/2020 15:34,77.378,76.158
7/1/2020 17:34,77.378,76.537
7/1/2020 19:34,77.378,76.537
7/1/2020 21:34,76.899,79.605
7/1/2020 23:34,76.593,79.827
7/2/2020 1:34,76.593,79.253
7/2/2020 3:34,76.55,78.586
7/2/2020 5:34,77.029,76.178
7/2/2020 7:34,77.335,75.395
7/2/2020 9:34,77.378,74.375
7/2/2020 11:34,77.378,75.195
7/2/2020 13:34,77.378,74.463
7/2/2020 15:34,77.378,74.404
7/2/2020 17:34,77.421,74.936
7/2/2020 19:34,77.421,74.438
7/2/2020 21:34,76.942,77.504
7/2/2020 23:34,76.636,77.382
7/3/2020 1:34,76.593,76.943
7/3/2020 3:34,76.55,77.112
7/3/2020 5:34,77.029,74.044
7/3/2020 7:34,77.335,73.547
7/3/2020 9:34,77.378,73.052
7/3/2020 11:34,77.378,73.169
7/3/2020 13:34,77.421,73.586
7/3/2020 15:34,77.421,73.557
7/3/2020 17:34,77.421,73.38
7/3/2020 19:34,77.464,73.061
7/3/2020 21:34,76.942,76.226
7/3/2020 23:34,76.636,75.785
7/4/2020 1:34,76.593,75.867
7/4/2020 3:34,76.55,74.841
7/4/2020 5:34,77.117,73.141
7/4/2020 7:34,77.378,71.899
7/4/2020 9:34,77.421,72.732
7/4/2020 11:34,77.421,71.726
7/4/2020 13:34,77.464,71.612
7/4/2020 15:34,77.464,72.234
7/4/2020 17:34,77.464,71.879
7/4/2020 19:34,77.464,72.293
7/4/2020 21:34,76.942,73.829
7/4/2020 23:34,76.636,74.499
7/5/2020 1:34,76.55,73.552
7/5/2020 3:34,76.55,73.64
7/5/2020 5:34,77.117,72.463
7/5/2020 7:34,77.421,71.549
7/5/2020 9:34,77.464,71.761
7/5/2020 11:34,77.464,70.93
7/5/2020 13:34,77.464,71.879
7/5/2020 15:34,77.509,71.202
7/5/2020 17:34,77.509,70.875
7/5/2020 19:34,77.509,70.786
7/5/2020 21:34,76.942,73.329
7/5/2020 23:34,76.636,73.12
7/6/2020 1:34,76.593,72.85
7/6/2020 3:34,76.55,72.167
7/6/2020 5:34,77.117,71.102
7/6/2020 7:34,77.464,70.067
7/6/2020 9:34,77.509,70.816
7/6/2020 11:34,77.553,68.252
7/6/2020 13:34,77.509,64.351
7/6/2020 15:34,77.509,63.285
7/6/2020 17:34,77.509,62.796
7/6/2020 19:34,77.509,62.582
7/6/2020 21:34,76.899,62.343
7/6/2020 23:34,76.507,62.918
7/7/2020 1:34,76.507,62.857
7/7/2020 3:34,76.507,62.613
7/7/2020 5:34,77.072,62.389
7/7/2020 7:34,77.464,62.027
7/7/2020 9:34,77.378,62.203
7/7/2020 11:34,77.77,60.794
7/7/2020 13:34,77.509,63.315
7/7/2020 15:34,77.16,66.8
7/7/2020 17:34,77.203,66.654
7/7/2020 19:34,77.203,67.045
7/7/2020 21:34,76.725,67.239
7/7/2020 23:34,76.464,68.024
7/8/2020 1:34,76.419,67.9
7/8/2020 3:34,76.419,67.36
7/8/2020 5:34,76.854,67.222
7/8/2020 7:34,77.16,67.643
7/8/2020 9:34,77.16,67.011
7/8/2020 11:34,77.203,67.677
7/8/2020 13:34,77.203,67.557
7/8/2020 15:34,77.203,67.045
7/8/2020 17:34,77.203,66.955
7/8/2020 19:34,77.203,67.527
7/8/2020 21:34,76.768,67.844
7/8/2020 23:34,76.464,68.084
7/9/2020 1:34,76.419,67.99
7/9/2020 3:34,76.419,67.299
7/9/2020 5:34,76.899,66.985
7/9/2020 7:34,77.16,67.282
7/9/2020 9:34,77.203,67.436
7/9/2020 11:34,77.203,67.467
7/9/2020 13:34,77.203,67.467
7/9/2020 15:34,77.203,67.587
7/9/2020 17:34,77.203,67.166
7/9/2020 19:34,77.203,67.015
7/9/2020 21:34,76.768,67.784
7/9/2020 23:34,76.419,67.149
7/10/2020 1:34,76.419,67.48
7/10/2020 3:34,76.375,67.025
7/10/2020 5:34,76.811,66.736
7/10/2020 7:34,77.117,66.525
7/10/2020 9:34,77.117,66.645
7/10/2020 11:34,77.16,66.74
7/10/2020 13:34,77.16,66.68
7/10/2020 15:34,77.16,67.041
7/10/2020 17:34,77.117,66.977
7/10/2020 19:34,77.203,66.895
7/10/2020 21:34,76.725,67.029
7/10/2020 23:34,76.419,67.209
7/11/2020 1:34,76.419,67.059
7/11/2020 3:34,76.419,66.758
7/11/2020 5:34,76.854,66.529
7/11/2020 7:34,77.16,66.74
7/11/2020 9:34,77.203,66.442
7/11/2020 11:34,77.16,65.955
7/11/2020 13:34,77.16,66.619
7/11/2020 15:34,77.203,66.714
7/11/2020 17:34,77.203,66.654
7/11/2020 19:34,77.16,66.559
7/11/2020 21:34,76.725,66.306
7/11/2020 23:34,76.419,66.427
7/12/2020 1:34,76.419,66.306
7/12/2020 3:34,76.419,66.427
7/12/2020 5:34,76.854,66.016
7/12/2020 7:34,77.117,66.494
7/12/2020 9:34,77.16,65.774
7/12/2020 11:34,77.16,65.895
7/12/2020 13:34,77.16,66.016
7/12/2020 15:34,77.16,65.32
7/12/2020 17:34,77.16,65.804
7/12/2020 19:34,77.16,66.287
7/12/2020 21:34,76.725,66.034
7/12/2020 23:34,76.419,66.337
7/13/2020 1:34,76.375,66.332
7/13/2020 3:34,76.419,66.608
7/13/2020 5:34,76.854,66.62
7/13/2020 7:34,77.117,65.467
7/13/2020 9:34,77.16,66.227
7/13/2020 11:34,77.16,66.167
7/13/2020 13:34,77.16,65.532
7/13/2020 15:34,77.203,66.02
7/13/2020 17:34,77.203,65.989
7/13/2020 19:34,77.247,65.873
7/13/2020 21:34,76.768,65.766
7/13/2020 23:34,76.419,66.517
7/14/2020 1:34,76.419,66.156
7/14/2020 3:34,76.419,66.337
7/14/2020 5:34,76.854,66.016
7/14/2020 7:34,77.203,65.657
7/14/2020 9:34,77.203,66.171
7/14/2020 11:34,77.203,66.08
7/14/2020 13:34,77.16,65.653
7/14/2020 15:34,77.203,65.959
7/14/2020 17:34,77.203,65.596
7/14/2020 19:34,77.203,65.354
7/14/2020 21:34,76.725,65.702
7/14/2020 23:34,76.419,65.491
7/15/2020 1:34,76.375,65.88
7/15/2020 3:34,76.375,65.88
7/15/2020 5:34,76.811,66.073
7/15/2020 7:34,77.117,65.8
7/15/2020 9:34,77.117,65.679
7/15/2020 11:34,77.16,64.592
7/15/2020 13:34,77.117,64.618
7/15/2020 15:34,77.117,65.8
7/15/2020 17:34,77.117,66.404
7/15/2020 19:34,77.072,65.947
7/15/2020 21:34,76.681,66.543
7/15/2020 23:34,76.419,66.517
7/16/2020 1:34,76.375,66.995
7/16/2020 3:34,76.375,66.995
7/16/2020 5:34,76.768,66.31
7/16/2020 7:34,77.029,66.697
7/16/2020 9:34,77.072,66.671
7/16/2020 11:34,77.029,66.365
7/16/2020 13:34,77.117,66.042
7/16/2020 15:34,77.072,65.856
7/16/2020 17:34,77.072,66.55
7/16/2020 19:34,77.117,66.494
7/16/2020 21:34,76.681,67.115
7/16/2020 23:34,76.419,66.638
7/17/2020 1:34,76.419,66.487
7/17/2020 3:34,76.375,67.115
7/17/2020 5:34,76.854,66.74
7/17/2020 7:34,77.117,71.487
7/17/2020 9:34,76.854,74.025
7/17/2020 11:34,76.854,74.289
7/17/2020 13:34,76.899,74.996
7/17/2020 15:34,76.899,75.463
7/17/2020 17:34,76.899,75.522
7/17/2020 19:34,76.942,76.168
7/17/2020 21:34,76.681,78.572
7/17/2020 23:34,76.375,79.429
7/18/2020 1:34,76.332,79.194
7/18/2020 3:34,76.332,78.705
7/18/2020 5:34,76.681,76.894
7/18/2020 7:34,76.899,75.988
7/18/2020 9:34,76.899,75.697
7/18/2020 11:34,76.942,75.818
7/18/2020 13:34,77.029,76.498
7/18/2020 15:34,77.029,76.439
7/18/2020 17:34,77.029,76.469
7/18/2020 19:34,77.072,76.037
7/18/2020 21:34,76.681,78.284
7/18/2020 23:34,76.419,79.003
7/19/2020 1:34,76.332,79.05
7/19/2020 3:34,76.332,78.762
7/19/2020 5:34,76.681,75.906
7/19/2020 7:34,76.854,75.371
7/19/2020 9:34,76.854,75.692
7/19/2020 11:34,76.899,75.697
7/19/2020 13:34,76.899,75.259
7/19/2020 15:34,76.899,75.463
7/19/2020 17:34,76.899,75.493
7/19/2020 19:34,76.899,75.23
7/19/2020 21:34,76.593,77.638
7/19/2020 23:34,76.332,78.071
7/20/2020 1:34,76.289,77.603
7/20/2020 3:34,76.246,77.656
7/20/2020 5:34,76.636,75.172
7/20/2020 7:34,76.811,75.162
7/20/2020 9:34,76.854,75.021
7/20/2020 11:34,76.986,74.654
7/20/2020 13:34,76.986,75.064
7/20/2020 15:34,76.986,75.298
7/20/2020 17:34,77.029,74.688
7/20/2020 19:34,77.029,74.806
7/20/2020 21:34,76.636,77.179
7/20/2020 23:34,76.419,77.3
7/21/2020 1:34,76.375,77.005
7/21/2020 3:34,76.332,76.913
7/21/2020 5:34,76.725,74.948
7/21/2020 7:34,76.942,74.239
7/21/2020 9:34,76.986,74.508
7/21/2020 11:34,76.986,74.42
7/21/2020 13:34,77.029,74.483
7/21/2020 15:34,77.072,74.43
7/21/2020 17:34,77.072,74.43
7/21/2020 19:34,77.029,74.981
7/21/2020 21:34,76.681,76.807
7/21/2020 23:34,76.419,76.778
7/22/2020 1:34,76.332,76.71
7/22/2020 3:34,76.332,76.275
7/22/2020 5:34,76.725,74.45
7/22/2020 7:34,76.942,73.887
7/22/2020 9:34,76.986,74.127
7/22/2020 11:34,76.986,73.892
7/22/2020 13:34,77.029,72.188
7/22/2020 15:34,77.117,69.017
7/22/2020 17:34,77.16,68.393
7/22/2020 19:34,77.16,67.943
7/22/2020 21:34,76.636,68.281
7/22/2020 23:34,76.289,68.126
7/23/2020 1:34,76.246,68.182
7/23/2020 3:34,76.246,67.912
7/23/2020 5:34,76.768,67.153
7/23/2020 7:34,77.16,67.312
7/23/2020 9:34,77.16,67.252
7/23/2020 11:34,77.16,67.402
7/23/2020 13:34,77.203,67.497
7/23/2020 15:34,77.203,67.737
7/23/2020 17:34,77.203,68.037
7/23/2020 19:34,77.247,68.071
7/23/2020 21:34,76.725,68.798
7/23/2020 23:34,76.375,68.943
7/24/2020 1:34,76.332,68.908
7/24/2020 3:34,76.332,69.028
7/24/2020 5:34,76.854,68.901
7/24/2020 7:34,77.203,68.367
7/24/2020 9:34,77.247,68.701
7/24/2020 11:34,77.247,68.581
7/24/2020 13:34,77.292,68.615
7/24/2020 15:34,77.247,68.491
7/24/2020 17:34,77.247,67.771
7/24/2020 19:34,77.247,67.861
7/24/2020 21:34,76.768,68.234
7/24/2020 23:34,76.419,68.648
7/25/2020 1:34,76.375,68.345
7/25/2020 3:34,76.375,68.165
7/25/2020 5:34,76.899,67.587
7/25/2020 7:34,77.247,67.381
7/25/2020 9:34,77.247,67.561
7/25/2020 11:34,77.292,67.655
7/25/2020 13:34,77.247,67.861
7/25/2020 15:34,77.247,67.681
7/25/2020 17:34,77.292,67.355
7/25/2020 19:34,77.292,67.054
7/25/2020 21:34,76.768,67.784
7/25/2020 23:34,76.419,67.75
7/26/2020 1:34,76.375,67.535
7/26/2020 3:34,76.375,67.805
7/26/2020 5:34,76.899,67.467
7/26/2020 7:34,77.247,67.17
7/26/2020 9:34,77.247,66.959
7/26/2020 11:34,77.292,66.662
7/26/2020 13:34,77.247,66.748
7/26/2020 15:34,77.247,66.748
7/26/2020 17:34,77.292,66.813
7/26/2020 19:34,77.292,66.933
7/26/2020 21:34,76.725,66.758
7/26/2020 23:34,76.375,66.212
7/27/2020 1:34,76.332,65.755
7/27/2020 3:34,76.332,65.876
7/27/2020 5:34,76.899,65.628
7/27/2020 7:34,77.247,65.6
7/27/2020 9:34,77.292,65.12
7/27/2020 11:34,77.247,64.448
7/27/2020 13:34,77.247,63.992
7/27/2020 15:34,77.292,63.204
7/27/2020 17:34,77.292,62.868
7/27/2020 19:34,77.292,63.356
7/27/2020 21:34,76.768,64.707
7/27/2020 23:34,76.375,65.215
7/28/2020 1:34,76.375,66.031
7/28/2020 3:34,76.375,66.573
7/28/2020 5:34,76.942,66.055
7/28/2020 7:34,77.292,66.028
7/28/2020 9:34,77.292,65.968
7/28/2020 11:34,77.335,65.73
7/28/2020 13:34,77.292,65.393
7/28/2020 15:34,77.378,65.159
7/28/2020 17:34,77.335,64.639
7/28/2020 19:34,77.292,64.148
7/28/2020 21:34,76.768,63.887
7/28/2020 23:34,76.419,64.856
7/29/2020 1:34,76.375,65.245
7/29/2020 3:34,76.375,65.245
7/29/2020 5:34,76.942,64.784
7/29/2020 7:34,77.292,65.059
7/29/2020 9:34,73.17,58.085
7/29/2020 11:34,82.218,58.103
7/29/2020 13:34,83.691,32.851
7/29/2020 15:02,,
7/29/2020 15:02,,
7/29/2020 15:02,,
