"Date Time, GMT-06:00","Temp, °F (LGR S/N: 10431399, SEN S/N: 10431399)","RH, % (LGR S/N: 10431399, SEN S/N: 10431399)"
12/16/2019 13:35,66.173,21.341
12/16/2019 13:35,,
12/16/2019 15:35,28.164,82.495
12/16/2019 17:35,26.431,87.068
12/16/2019 19:35,24.933,88.167
12/16/2019 21:35,23.738,89
12/16/2019 23:35,23.792,89.958
12/17/2019 1:35,24.01,90.548
12/17/2019 3:35,24.174,90.886
12/17/2019 5:35,24.553,91.522
12/17/2019 7:35,24.717,91.546
12/17/2019 9:35,24.12,91.41
12/17/2019 11:35,24.987,92.886
12/17/2019 13:35,26.271,93.894
12/17/2019 15:35,26.643,93.807
12/17/2019 17:35,25.578,92.446
12/17/2019 19:35,22.525,89.191
12/17/2019 21:35,18.774,84.918
12/17/2019 23:35,15.193,82.136
12/18/2019 1:35,12.384,80.426
12/18/2019 3:35,10.245,79.353
12/18/2019 5:35,8.847,78.899
12/18/2019 7:35,8.373,79.11
12/18/2019 9:35,9.316,80.934
12/18/2019 11:35,11.421,83.298
12/18/2019 13:35,14.02,85.651
12/18/2019 15:35,15.984,87.428
12/18/2019 17:35,16.286,86.163
12/18/2019 19:35,16.104,85.358
12/18/2019 21:35,16.407,85.351
12/18/2019 23:35,16.945,85.914
12/19/2019 1:35,17.6,86.299
12/19/2019 3:35,18.189,86.82
12/19/2019 5:35,18.54,86.772
12/19/2019 7:35,18.306,86.056
12/19/2019 9:35,18.072,86.096
12/19/2019 11:35,19.929,89.179
12/19/2019 13:35,22.469,92.316
12/19/2019 15:35,24.12,93.114
12/19/2019 17:35,24.609,92.589
12/19/2019 19:35,24.228,91.595
12/19/2019 21:35,23.628,91.023
12/19/2019 23:35,23.463,91.023
12/20/2019 1:35,23.572,91.329
12/20/2019 3:35,23.846,91.851
12/20/2019 5:35,24.12,92.084
12/20/2019 7:35,24.174,92.044
12/20/2019 9:35,24.445,92.613
12/20/2019 11:35,26.218,94.96
12/20/2019 13:35,28.528,96.672
12/20/2019 15:35,29.559,97.213
12/20/2019 17:35,28.839,97.005
12/20/2019 19:35,28.164,95.855
12/20/2019 21:35,27.064,94.494
12/20/2019 23:35,26.431,94.014
12/21/2019 1:35,25.846,93.519
12/21/2019 3:35,25.147,92.958
12/21/2019 5:35,24.987,93.077
12/21/2019 7:35,24.499,92.573
12/21/2019 9:35,24.12,92.468
12/21/2019 11:35,25.309,94.511
12/21/2019 13:35,28.269,97.104
12/21/2019 15:35,30.072,97.909
12/21/2019 17:35,30.783,98.258
12/21/2019 19:35,31.138,98.551
12/21/2019 21:35,31.188,98.724
12/21/2019 23:35,30.884,98.935
12/22/2019 1:35,30.733,99.028
12/22/2019 3:35,30.682,99.044
12/22/2019 5:35,29.97,98.835
12/22/2019 7:35,29.046,98.311
12/22/2019 9:35,28.839,97.666
12/22/2019 11:35,30.123,98.413
12/22/2019 13:35,31.138,98.857
12/22/2019 15:35,31.541,99.087
12/22/2019 17:35,31.692,99.253
12/22/2019 19:35,31.692,99.394
12/22/2019 21:35,31.591,99.472
12/22/2019 23:35,30.733,99.193
12/23/2019 1:35,28.632,99.042
12/23/2019 3:35,27.171,96.884
12/23/2019 5:35,26.802,96.212
12/23/2019 7:35,27.118,96.498
12/23/2019 9:35,27.642,97.005
12/23/2019 11:35,29.149,98.14
12/23/2019 13:35,30.682,98.949
12/23/2019 15:35,31.239,99.274
12/23/2019 17:35,31.39,99.439
12/23/2019 19:35,31.037,99.524
12/23/2019 21:35,30.783,99.577
12/23/2019 23:35,30.376,99.511
12/24/2019 1:35,30.429,99.519
12/24/2019 3:35,30.682,99.513
12/24/2019 5:35,31.037,99.617
12/24/2019 7:35,31.188,99.689
12/24/2019 9:35,31.39,99.815
12/24/2019 11:35,31.591,99.942
12/24/2019 13:35,31.743,100
12/24/2019 15:35,31.842,100
12/24/2019 17:35,31.892,100
12/24/2019 19:35,31.892,100
12/24/2019 21:35,31.942,100
12/24/2019 23:35,31.942,100
12/25/2019 1:35,31.942,100
12/25/2019 3:35,31.942,100
12/25/2019 5:35,31.942,100
12/25/2019 7:35,31.942,100
12/25/2019 9:35,31.993,100
12/25/2019 11:35,31.993,100
12/25/2019 13:35,31.993,100
12/25/2019 15:35,31.993,100
12/25/2019 17:35,31.993,100
12/25/2019 19:35,32.043,100
12/25/2019 21:35,32.043,100
12/25/2019 23:35,32.043,100
12/26/2019 1:35,32.043,100
12/26/2019 3:35,32.043,100
12/26/2019 5:35,32.043,100
12/26/2019 7:35,32.043,100
12/26/2019 9:35,32.043,100
12/26/2019 11:35,32.043,100
12/26/2019 13:35,32.043,100
12/26/2019 15:35,32.043,100
12/26/2019 17:35,32.043,100
12/26/2019 19:35,32.043,100
12/26/2019 21:35,31.842,100
12/26/2019 23:35,31.239,100
12/27/2019 1:35,30.58,100
12/27/2019 3:35,30.276,98.46
12/27/2019 5:35,30.276,97.704
12/27/2019 7:35,29.97,97.277
12/27/2019 9:35,29.457,96.865
12/27/2019 11:35,29.867,97.805
12/27/2019 13:35,30.632,98.706
12/27/2019 15:35,29.867,98.207
12/27/2019 17:35,27.903,96.1
12/27/2019 19:35,26.748,95.255
12/27/2019 21:35,26.006,95.022
12/27/2019 23:35,25.632,95.178
12/28/2019 1:35,26.164,96.443
12/28/2019 3:35,27.275,97.466
12/28/2019 5:35,27.903,97.894
12/28/2019 7:35,30.682,99.654
12/28/2019 9:35,31.39,99.815
12/28/2019 11:35,31.642,100
12/28/2019 13:35,31.942,100
12/28/2019 15:35,31.993,100
12/28/2019 17:35,31.993,100
12/28/2019 19:35,31.993,100
12/28/2019 21:35,31.993,100
12/28/2019 23:35,31.993,100
12/29/2019 1:35,31.993,100
12/29/2019 3:35,32.043,100
12/29/2019 5:35,32.043,100
12/29/2019 7:35,32.043,100
12/29/2019 9:35,32.043,100
12/29/2019 11:35,32.043,100
12/29/2019 13:35,32.092,100
12/29/2019 15:35,32.043,100
12/29/2019 17:35,32.043,100
12/29/2019 19:35,32.043,100
12/29/2019 21:35,32.043,100
12/29/2019 23:35,32.043,100
12/30/2019 1:35,32.043,100
12/30/2019 3:35,32.043,100
12/30/2019 5:35,32.043,100
12/30/2019 7:35,32.043,100
12/30/2019 9:35,32.043,100
12/30/2019 11:35,32.043,100
12/30/2019 13:35,32.043,100
12/30/2019 15:35,32.043,100
12/30/2019 17:35,32.043,100
12/30/2019 19:35,32.043,100
12/30/2019 21:35,31.993,100
12/30/2019 23:35,31.892,100
12/31/2019 1:35,31.791,100
12/31/2019 3:35,31.692,100
12/31/2019 5:35,31.541,100
12/31/2019 7:35,31.39,100
12/31/2019 9:35,31.339,100
12/31/2019 11:35,31.188,100
12/31/2019 13:35,31.138,100
12/31/2019 15:35,30.884,100
12/31/2019 17:35,30.376,100
12/31/2019 19:35,29.867,99.382
12/31/2019 21:35,29.304,98.447
12/31/2019 23:35,28.735,97.697
1/1/2020 1:35,28.216,97.19
1/1/2020 3:35,27.955,97.149
1/1/2020 5:35,27.59,96.856
1/1/2020 7:35,27.486,96.981
1/1/2020 9:35,27.486,97.169
1/1/2020 11:35,28.112,98.069
1/1/2020 13:35,29.199,99.087
1/1/2020 15:35,29.867,99.592
1/1/2020 17:35,30.173,99.853
1/1/2020 19:35,30.225,100
1/1/2020 21:35,30.276,100
1/1/2020 23:35,30.479,100
1/2/2020 1:35,30.783,100
1/2/2020 3:35,31.037,100
1/2/2020 5:35,31.239,100
1/2/2020 7:35,31.39,100
1/2/2020 9:35,31.541,100
1/2/2020 11:35,31.743,100
1/2/2020 13:35,31.791,100
1/2/2020 15:35,31.892,100
1/2/2020 17:35,31.842,100
1/2/2020 19:35,31.743,100
1/2/2020 21:35,31.591,100
1/2/2020 23:35,31.39,100
1/3/2020 1:35,31.339,100
1/3/2020 3:35,31.339,100
1/3/2020 5:35,31.39,100
1/3/2020 7:35,31.339,100
1/3/2020 9:35,31.39,100
1/3/2020 11:35,31.642,100
1/3/2020 13:35,31.791,100
1/3/2020 15:35,31.791,100
1/3/2020 17:35,31.491,100
1/3/2020 19:35,30.987,100
1/3/2020 21:35,30.225,100
1/3/2020 23:35,29.304,100
1/4/2020 1:35,28.528,100
1/4/2020 3:35,28.269,99.59
1/4/2020 5:35,28.164,99.06
1/4/2020 7:35,28.216,99.022
1/4/2020 9:35,28.425,99.102
1/4/2020 11:35,29.354,99.86
1/4/2020 13:35,30.225,100
1/4/2020 15:35,29.917,100
1/4/2020 17:35,29.149,99.64
1/4/2020 19:35,28.787,99.208
1/4/2020 21:35,28.528,98.932
1/4/2020 23:35,28.321,98.805
1/5/2020 1:35,28.425,98.962
1/5/2020 3:35,28.735,99.246
1/5/2020 5:35,29.046,99.53
1/5/2020 7:35,29.559,99.893
1/5/2020 9:35,29.867,100
1/5/2020 11:35,30.834,100
1/5/2020 13:35,31.591,100
1/5/2020 15:35,31.692,100
1/5/2020 17:35,30.884,100
1/5/2020 19:35,29.97,100
1/5/2020 21:35,28.942,99.676
1/5/2020 23:35,28.216,98.601
1/6/2020 1:35,27.538,97.907
1/6/2020 3:35,27.064,97.456
1/6/2020 5:35,26.748,97.288
1/6/2020 7:35,26.325,96.751
1/6/2020 9:35,26.218,96.969
1/6/2020 11:35,27.223,98.278
1/6/2020 13:35,28.942,99.56
1/6/2020 15:35,30.02,100
1/6/2020 17:35,29.867,100
1/6/2020 19:35,29.867,100
1/6/2020 21:35,29.817,100
1/6/2020 23:35,29.867,100
1/7/2020 1:35,29.917,100
1/7/2020 3:35,29.199,99.555
1/7/2020 5:35,28.164,98.405
1/7/2020 7:35,27.381,97.6
1/7/2020 9:35,27.223,97.598
1/7/2020 11:35,27.799,98.183
1/7/2020 13:35,28.06,97.872
1/7/2020 15:35,27.433,96.878
1/7/2020 17:35,26.006,95.093
1/7/2020 19:35,24.391,93.728
1/7/2020 21:35,22.525,92.706
1/7/2020 23:35,20.728,91.314
1/8/2020 1:35,19.18,89.864
1/8/2020 3:35,17.953,88.627
1/8/2020 5:35,16.826,88.56
1/8/2020 7:35,16.045,87.316
1/8/2020 9:35,15.863,87.073
1/8/2020 11:35,16.767,88.455
1/8/2020 13:35,18.189,90.054
1/8/2020 15:35,19.063,89.607
1/8/2020 17:35,19.18,88.998
1/8/2020 19:35,18.889,88.448
1/8/2020 21:35,19.006,88.972
1/8/2020 23:35,19.584,90.547
1/9/2020 1:35,20.615,92.536
1/9/2020 3:35,21.967,94.092
1/9/2020 5:35,23.189,95.13
1/9/2020 7:35,24.12,95.934
1/9/2020 9:35,25.686,97.635
1/9/2020 11:35,27.799,99.048
1/9/2020 13:35,29.559,99.94
1/9/2020 15:35,30.58,100
1/9/2020 17:35,29.917,99.998
1/9/2020 19:35,28.684,98.957
1/9/2020 21:35,27.59,97.468
1/9/2020 23:35,27.171,97.19
1/10/2020 1:35,26.748,96.723
1/10/2020 3:35,26.325,96.374
1/10/2020 5:35,25.792,96.101
1/10/2020 7:35,25.147,95.434
1/10/2020 9:35,24.228,94.44
1/10/2020 11:35,23.956,95.013
1/10/2020 13:35,24.174,95.472
1/10/2020 15:35,23.409,94.361
1/10/2020 17:35,21.967,92.812
1/10/2020 19:35,20.386,92.098
1/10/2020 21:35,19.006,91.058
1/10/2020 23:35,17.125,89.419
1/11/2020 1:35,15.132,88.554
1/11/2020 3:35,13.708,87.535
1/11/2020 5:35,11.935,86.322
1/11/2020 7:35,10.9,86.031
1/11/2020 9:35,11.356,86.766
1/11/2020 11:35,12.954,88.951
1/11/2020 13:35,15.377,90.825
1/11/2020 15:35,16.587,91.006
1/11/2020 17:35,17.004,90.404
1/11/2020 19:35,17.004,89.975
1/11/2020 21:35,17.125,89.897
1/11/2020 23:35,17.244,89.986
1/12/2020 1:35,17.953,90.592
1/12/2020 3:35,17.895,89.915
1/12/2020 5:35,17.362,89.118
1/12/2020 7:35,17.065,89.195
1/12/2020 9:35,17.836,90.908
1/12/2020 11:35,19.641,93.122
1/12/2020 13:35,21.632,94.747
1/12/2020 15:35,22.636,94.644
1/12/2020 17:35,22.746,94.117
1/12/2020 19:35,22.636,93.792
1/12/2020 21:35,22.968,94.482
1/12/2020 23:35,23.628,95.34
1/13/2020 1:35,24.337,96.015
1/13/2020 3:35,24.609,96.034
1/13/2020 5:35,24.01,95.258
1/13/2020 7:35,23.628,95.057
1/13/2020 9:35,24.228,95.951
1/13/2020 11:35,25.309,97.248
1/13/2020 13:35,26.802,98.421
1/13/2020 15:35,27.59,98.781
1/13/2020 17:35,27.799,98.768
1/13/2020 19:35,28.06,98.88
1/13/2020 21:35,28.321,99.086
1/13/2020 23:35,28.632,99.323
1/14/2020 1:35,28.994,99.568
1/14/2020 3:35,29.304,99.805
1/14/2020 5:35,29.662,100
1/14/2020 7:35,30.02,100
1/14/2020 9:35,30.276,100
1/14/2020 11:35,30.376,100
1/14/2020 13:35,30.276,100
1/14/2020 15:35,30.02,100
1/14/2020 17:35,29.304,100
1/14/2020 19:35,28.373,99.374
1/14/2020 21:35,27.747,98.666
1/14/2020 23:35,27.694,99.031
1/15/2020 1:35,27.486,98.718
1/15/2020 3:35,27.064,98.229
1/15/2020 5:35,26.854,98.009
1/15/2020 7:35,26.643,97.764
1/15/2020 9:35,26.748,98.038
1/15/2020 11:35,27.171,98.667
1/15/2020 13:35,27.799,99.095
1/15/2020 15:35,28.164,99.317
1/15/2020 17:35,28.06,99.184
1/15/2020 19:35,27.327,98.459
1/15/2020 21:35,26.218,97.392
1/15/2020 23:35,25.147,96.425
1/16/2020 1:35,24.01,95.541
1/16/2020 3:35,22.968,94.719
1/16/2020 5:35,21.967,93.856
1/16/2020 7:35,21.011,93.142
1/16/2020 9:35,20.158,92.681
1/16/2020 11:35,19.699,92.611
1/16/2020 13:35,20.044,93.443
1/16/2020 15:35,20.386,93.543
1/16/2020 17:35,20.102,92.696
1/16/2020 19:35,19.756,92.241
1/16/2020 21:35,19.584,91.977
1/16/2020 23:35,19.353,91.562
1/17/2020 1:35,19.238,91.164
1/17/2020 3:35,18.889,90.348
1/17/2020 5:35,19.121,91.051
1/17/2020 7:35,19.756,91.861
1/17/2020 9:35,20.502,92.733
1/17/2020 11:35,21.463,93.684
1/17/2020 13:35,22.413,94.586
1/17/2020 15:35,23.189,95.177
1/17/2020 17:35,23.846,95.703
1/17/2020 19:35,24.663,96.442
1/17/2020 21:35,25.417,97.03
1/17/2020 23:35,26.058,97.507
1/18/2020 1:35,26.643,97.975
1/18/2020 3:35,27.223,98.395
1/18/2020 5:35,27.642,98.696
1/18/2020 7:35,27.955,98.91
1/18/2020 9:35,28.269,99.217
1/18/2020 11:35,28.632,99.509
1/18/2020 13:35,28.787,99.628
1/18/2020 15:35,28.684,99.564
1/18/2020 17:35,28.476,99.344
1/18/2020 19:35,28.112,99.005
1/18/2020 21:35,27.642,98.603
1/18/2020 23:35,27.171,98.106
1/19/2020 1:35,26.589,97.615
1/19/2020 3:35,26.271,97.541
1/19/2020 5:35,26.006,97.335
1/19/2020 7:35,25.792,97.137
1/19/2020 9:35,25.632,96.924
1/19/2020 11:35,25.686,97.073
1/19/2020 13:35,25.952,97.35
1/19/2020 15:35,26.218,97.579
1/19/2020 17:35,26.325,97.549
1/19/2020 19:35,26.325,97.479
1/19/2020 21:35,26.218,97.298
1/19/2020 23:35,26.112,97.14
1/20/2020 1:35,26.006,97.03
1/20/2020 3:35,25.898,96.919
1/20/2020 5:35,25.792,96.784
1/20/2020 7:35,25.632,96.665
1/20/2020 9:35,25.471,96.428
1/20/2020 11:35,25.309,96.356
1/20/2020 13:35,25.471,96.663
1/20/2020 15:35,25.792,97.043
1/20/2020 17:35,26.006,97.217
1/20/2020 19:35,26.006,97.17
1/20/2020 21:35,25.898,96.942
1/20/2020 23:35,25.632,96.618
1/21/2020 1:35,25.309,96.215
1/21/2020 3:35,24.933,95.873
1/21/2020 5:35,24.609,95.539
1/21/2020 7:35,24.391,95.411
1/21/2020 9:35,24.174,95.259
1/21/2020 11:35,24.228,95.433
1/21/2020 13:35,24.717,96.122
1/21/2020 15:35,25.363,96.834
1/21/2020 17:35,25.846,97.192
1/21/2020 19:35,26.058,97.226
1/21/2020 21:35,26.112,97.14
1/21/2020 23:35,26.218,97.251
1/22/2020 1:35,26.377,97.417
1/22/2020 3:35,26.643,97.694
1/22/2020 5:35,27.012,98.127
1/22/2020 7:35,27.59,98.664
1/22/2020 9:35,28.269,99.264
1/22/2020 11:35,28.994,99.824
1/22/2020 13:35,29.714,100
1/22/2020 15:35,30.326,100
1/22/2020 17:35,30.632,100
1/22/2020 19:35,30.834,100
1/22/2020 21:35,30.987,100
1/22/2020 23:35,31.138,100
1/23/2020 1:35,31.188,100
1/23/2020 3:35,31.289,100
1/23/2020 5:35,31.339,100
1/23/2020 7:35,31.39,100
1/23/2020 9:35,31.39,100
1/23/2020 11:35,31.491,100
1/23/2020 13:35,31.541,100
1/23/2020 15:35,31.591,100
1/23/2020 17:35,31.591,100
1/23/2020 19:35,31.591,100
1/23/2020 21:35,31.591,100
1/23/2020 23:35,31.541,100
1/24/2020 1:35,31.491,100
1/24/2020 3:35,31.491,100
1/24/2020 5:35,31.39,100
1/24/2020 7:35,31.289,100
1/24/2020 9:35,31.239,100
1/24/2020 11:35,31.239,100
1/24/2020 13:35,31.289,100
1/24/2020 15:35,31.339,100
1/24/2020 17:35,31.339,100
1/24/2020 19:35,31.289,100
1/24/2020 21:35,31.289,100
1/24/2020 23:35,31.289,100
1/25/2020 1:35,31.188,100
1/25/2020 3:35,31.087,100
1/25/2020 5:35,30.987,100
1/25/2020 7:35,30.936,100
1/25/2020 9:35,30.884,100
1/25/2020 11:35,30.936,100
1/25/2020 13:35,31.138,100
1/25/2020 15:35,31.289,100
1/25/2020 17:35,31.39,100
1/25/2020 19:35,31.289,100
1/25/2020 21:35,31.138,100
1/25/2020 23:35,30.987,100
1/26/2020 1:35,30.783,100
1/26/2020 3:35,30.682,100
1/26/2020 5:35,30.529,100
1/26/2020 7:35,30.376,100
1/26/2020 9:35,30.276,100
1/26/2020 11:35,30.276,100
1/26/2020 13:35,30.429,100
1/26/2020 15:35,30.58,100
1/26/2020 17:35,30.632,100
1/26/2020 19:35,30.58,100
1/26/2020 21:35,30.376,100
1/26/2020 23:35,30.225,100
1/27/2020 1:35,30.072,100
1/27/2020 3:35,29.917,100
1/27/2020 5:35,29.714,100
1/27/2020 7:35,29.662,100
1/27/2020 9:35,29.611,100
1/27/2020 11:35,29.714,100
1/27/2020 13:35,29.817,100
1/27/2020 15:35,29.867,100
1/27/2020 17:35,29.917,100
1/27/2020 19:35,29.662,100
1/27/2020 21:35,29.559,100
1/27/2020 23:35,29.354,99.906
1/28/2020 1:35,28.839,98.912
1/28/2020 3:35,28.839,99.45
1/28/2020 5:35,28.476,98.924
1/28/2020 7:35,28.008,97.911
1/28/2020 9:35,27.642,97.618
1/28/2020 11:35,27.747,98.104
1/28/2020 13:35,28.06,98.716
1/28/2020 15:35,28.112,98.795
1/28/2020 17:35,28.164,98.803
1/28/2020 19:35,28.008,98.872
1/28/2020 21:35,27.903,98.832
1/28/2020 23:35,27.799,98.675
1/29/2020 1:35,27.59,98.594
1/29/2020 3:35,27.381,98.186
1/29/2020 5:35,27.275,98.357
1/29/2020 7:35,27.275,98.216
1/29/2020 9:35,27.327,98.505
1/29/2020 11:35,27.538,98.726
1/29/2020 13:35,27.903,99.088
1/29/2020 15:35,28.269,99.451
1/29/2020 17:35,28.425,99.522
1/29/2020 19:35,28.425,99.476
1/29/2020 21:35,28.321,99.342
1/29/2020 23:35,28.216,99.256
1/30/2020 1:35,28.112,99.099
1/30/2020 3:35,28.008,98.989
1/30/2020 5:35,27.851,98.823
1/30/2020 7:35,27.747,98.713
1/30/2020 9:35,27.747,98.76
1/30/2020 11:35,27.903,98.948
1/30/2020 13:35,28.269,99.311
1/30/2020 15:35,28.684,99.658
1/30/2020 17:35,28.891,99.831
1/30/2020 19:35,28.994,99.918
1/30/2020 21:35,29.046,99.996
1/30/2020 23:35,29.149,100
1/31/2020 1:35,29.304,100
1/31/2020 3:35,29.406,100
1/31/2020 5:35,29.559,100
1/31/2020 7:35,29.662,100
1/31/2020 9:35,29.764,100
1/31/2020 11:35,30.02,100
1/31/2020 13:35,30.376,100
1/31/2020 15:35,30.733,100
1/31/2020 17:35,30.936,100
1/31/2020 19:35,30.987,100
1/31/2020 21:35,31.087,100
1/31/2020 23:35,31.087,100
2/1/2020 1:35,31.087,100
2/1/2020 3:35,31.087,100
2/1/2020 5:35,31.087,100
2/1/2020 7:35,30.987,100
2/1/2020 9:35,30.733,100
2/1/2020 11:35,30.632,100
2/1/2020 13:35,30.987,100
2/1/2020 15:35,31.289,100
2/1/2020 17:35,31.44,100
2/1/2020 19:35,31.491,100
2/1/2020 21:35,31.39,100
2/1/2020 23:35,31.138,100
2/2/2020 1:35,31.138,100
2/2/2020 3:35,31.239,100
2/2/2020 5:35,31.44,100
2/2/2020 7:35,31.692,100
2/2/2020 9:35,31.892,100
2/2/2020 11:35,31.993,100
2/2/2020 13:35,31.993,100
2/2/2020 15:35,32.043,100
2/2/2020 17:35,32.043,100
2/2/2020 19:35,32.043,100
2/2/2020 21:35,32.043,100
2/2/2020 23:35,31.942,100
2/3/2020 1:35,31.591,100
2/3/2020 3:35,31.188,100
2/3/2020 5:35,30.632,100
2/3/2020 7:35,30.479,99.621
2/3/2020 9:35,30.733,100
2/3/2020 11:35,30.682,100
2/3/2020 13:35,30.276,99.986
2/3/2020 15:35,28.839,98.748
2/3/2020 17:35,27.223,96.396
2/3/2020 19:35,25.898,95.029
2/3/2020 21:35,24.499,94.196
2/3/2020 23:35,23.189,92.591
2/4/2020 1:35,21.182,90.926
2/4/2020 3:35,18.889,89.052
2/4/2020 5:35,17.6,88.238
2/4/2020 7:35,16.885,88.28
2/4/2020 9:35,16.646,87.764
2/4/2020 11:35,18.889,93.008
2/4/2020 13:35,21.744,95.234
2/4/2020 15:35,22.69,94.369
2/4/2020 17:35,22.357,92.299
2/4/2020 19:35,21.744,91.13
2/4/2020 21:35,21.011,89.988
2/4/2020 23:35,20.386,89.293
2/5/2020 1:35,19.699,88.71
2/5/2020 3:35,19.353,88.491
2/5/2020 5:35,19.18,88.804
2/5/2020 7:35,19.238,89.776
2/5/2020 9:35,20.784,93.06
2/5/2020 11:35,22.192,94.787
2/5/2020 13:35,25.095,97.634
2/5/2020 15:35,25.792,97.184
2/5/2020 17:35,25.471,95.863
2/5/2020 19:35,24.609,94.261
2/5/2020 21:35,23.738,92.984
2/5/2020 23:35,22.968,92.151
2/6/2020 1:35,21.967,90.802
2/6/2020 3:35,20.842,89.335
2/6/2020 5:35,19.929,88.961
2/6/2020 7:35,19.296,88.628
2/6/2020 9:35,20.044,91.999
2/6/2020 11:35,22.746,96.234
2/6/2020 13:35,25.898,98.835
2/6/2020 15:35,26.854,98.569
2/6/2020 17:35,26.325,96.751
2/6/2020 19:35,25.471,95.484
2/6/2020 21:35,25.201,95.585
2/6/2020 23:35,25.524,96.484
2/7/2020 1:35,25.792,96.761
2/7/2020 3:35,25.846,96.44
2/7/2020 5:35,25.792,96.432
2/7/2020 7:35,25.792,96.479
2/7/2020 9:35,26.377,97.792
2/7/2020 11:35,27.694,99.311
2/7/2020 13:35,28.112,99.565
2/7/2020 15:35,28.373,99.001
2/7/2020 17:35,26.906,97.36
2/7/2020 19:35,25.792,95.582
2/7/2020 21:35,24.879,93.969
2/7/2020 23:35,23.299,91.841
2/8/2020 1:35,21.688,89.07
2/8/2020 3:35,20.728,88.713
2/8/2020 5:35,18.657,85.271
2/8/2020 7:35,16.104,82.753
2/8/2020 9:35,15.255,84.752
2/8/2020 11:35,16.587,89.101
2/8/2020 13:35,19.063,92.326
2/8/2020 15:35,20.502,92.448
2/8/2020 17:35,20.502,90.874
2/8/2020 19:35,19.584,89.104
2/8/2020 21:35,18.831,88.126
2/8/2020 23:35,18.774,89.276
2/9/2020 1:35,19.411,90.736
2/9/2020 3:35,20.044,91.332
2/9/2020 5:35,21.294,93.847
2/9/2020 7:35,22.802,95.634
2/9/2020 9:35,23.902,96.51
2/9/2020 11:35,24.987,97.407
2/9/2020 13:35,26.006,98.107
2/9/2020 15:35,26.854,98.686
2/9/2020 17:35,27.275,98.894
2/9/2020 19:35,27.486,98.904
2/9/2020 21:35,27.433,98.709
2/9/2020 23:35,27.171,98.316
2/10/2020 1:35,26.906,97.947
2/10/2020 3:35,26.643,97.694
2/10/2020 5:35,26.431,97.566
2/10/2020 7:35,26.325,97.456
2/10/2020 9:35,26.431,97.613
2/10/2020 11:35,26.643,97.975
2/10/2020 13:35,27.327,98.809
2/10/2020 15:35,28.112,99.565
2/10/2020 17:35,28.528,99.819
2/10/2020 19:35,28.632,99.836
2/10/2020 21:35,28.632,99.696
2/10/2020 23:35,28.684,99.751
2/11/2020 1:35,28.735,99.806
2/11/2020 3:35,28.787,99.791
2/11/2020 5:35,28.735,99.713
2/11/2020 7:35,28.735,99.713
2/11/2020 9:35,28.839,99.823
2/11/2020 11:35,29.046,100
2/11/2020 13:35,29.406,100
2/11/2020 15:35,29.662,100
2/11/2020 17:35,29.611,100
2/11/2020 19:35,29.304,100
2/11/2020 21:35,28.942,99.863
2/11/2020 23:35,28.839,99.729
2/12/2020 1:35,28.839,99.706
2/12/2020 3:35,28.787,99.721
2/12/2020 5:35,28.839,99.869
2/12/2020 7:35,29.046,100
2/12/2020 9:35,29.354,100
2/12/2020 11:35,29.817,100
2/12/2020 13:35,30.173,100
2/12/2020 15:35,29.509,97.914
2/12/2020 17:35,26.96,91.247
2/12/2020 19:35,23.956,87.635
2/12/2020 21:35,21.011,81.229
2/12/2020 23:35,17.481,77.302
2/13/2020 1:35,15.436,75.849
2/13/2020 3:35,13.708,73.948
2/13/2020 5:35,12.063,74.417
2/13/2020 7:35,12.637,76.598
2/13/2020 9:35,13.584,80.11
2/13/2020 11:35,15.559,84.843
2/13/2020 13:35,17.481,90.14
2/13/2020 15:35,18.714,91.181
2/13/2020 17:35,19.18,92.13
2/13/2020 19:35,19.238,92.02
2/13/2020 21:35,18.948,91.62
2/13/2020 23:35,18.54,90.965
2/14/2020 1:35,17.953,89.947
2/14/2020 3:35,17.717,90.533
2/14/2020 5:35,17.481,91.092
2/14/2020 7:35,17.125,90.088
2/14/2020 9:35,16.885,90.053
2/14/2020 11:35,17.658,91.735
2/14/2020 13:35,19.468,93.943
2/14/2020 15:35,20.671,93.468
2/14/2020 17:35,21.011,91.906
2/14/2020 19:35,21.182,92.598
2/14/2020 21:35,21.576,93.654
2/14/2020 23:35,21.799,93.594
2/15/2020 1:35,22.08,94.416
2/15/2020 3:35,22.636,95.561
2/15/2020 5:35,23.299,96.462
2/15/2020 7:35,24.12,97.246
2/15/2020 9:35,25.041,98.138
2/15/2020 11:35,26.271,99.591
2/15/2020 13:35,27.694,100
2/15/2020 15:35,28.632,100
2/15/2020 17:35,28.994,100
2/15/2020 19:35,28.735,100
2/15/2020 21:35,28.425,99.988
2/15/2020 23:35,28.008,99.548
2/16/2020 1:35,27.59,99.154
2/16/2020 3:35,26.906,98.298
2/16/2020 5:35,26.058,97.132
2/16/2020 7:35,25.309,96.591
2/16/2020 9:35,24.825,96.562
2/16/2020 11:35,25.255,97.637
2/16/2020 13:35,26.112,98.497
2/16/2020 15:35,26.537,98.612
2/16/2020 17:35,26.589,98.34
2/16/2020 19:35,26.325,97.784
2/16/2020 21:35,26.271,97.892
2/16/2020 23:35,26.218,97.767
2/17/2020 1:35,26.377,98.143
2/17/2020 3:35,26.431,97.894
2/17/2020 5:35,26.271,97.635
2/17/2020 7:35,26.325,97.877
2/17/2020 9:35,26.854,98.919
2/17/2020 11:35,28.321,100
2/17/2020 13:35,29.817,100
2/17/2020 15:35,30.376,100
2/17/2020 17:35,30.632,100
2/17/2020 19:35,30.783,100
2/17/2020 21:35,30.783,100
2/17/2020 23:35,30.58,100
2/18/2020 1:35,30.225,100
2/18/2020 3:35,29.817,100
2/18/2020 5:35,29.509,100
2/18/2020 7:35,29.149,100
2/18/2020 9:35,28.839,100
2/18/2020 11:35,28.684,100
2/18/2020 13:35,28.839,100
2/18/2020 15:35,28.942,100
2/18/2020 17:35,28.58,99.827
2/18/2020 19:35,27.955,99.004
2/18/2020 21:35,27.275,98.31
2/18/2020 23:35,26.589,97.498
2/19/2020 1:35,25.738,96.611
2/19/2020 3:35,25.041,96.125
2/19/2020 5:35,24.337,95.521
2/19/2020 7:35,23.628,94.158
2/19/2020 9:35,23.572,95.284
2/19/2020 11:35,23.902,95.947
2/19/2020 13:35,24.391,96.493
2/19/2020 15:35,24.825,96.937
2/19/2020 17:35,24.717,96.31
2/19/2020 19:35,24.283,95.583
2/19/2020 21:35,23.738,95.05
2/19/2020 23:35,23.189,94.469
2/20/2020 1:35,22.69,94.014
2/20/2020 3:35,22.08,93.257
2/20/2020 5:35,21.294,91.399
2/20/2020 7:35,20.044,90.135
2/20/2020 9:35,19.641,90.076
2/20/2020 11:35,20.273,92.958
2/20/2020 13:35,21.407,94.289
2/20/2020 15:35,22.69,95.617
2/20/2020 17:35,22.858,94.607
2/20/2020 19:35,22.581,93.143
2/20/2020 21:35,22.08,93.067
2/20/2020 23:35,22.248,93.804
2/21/2020 1:35,22.192,93.559
2/21/2020 3:35,22.136,93.36
2/21/2020 5:35,21.967,93.714
2/21/2020 7:35,22.302,94.639
2/21/2020 9:35,23.409,96.806
2/21/2020 11:35,25.201,98.768
2/21/2020 13:35,26.96,99.749
2/21/2020 15:35,28.425,100
2/21/2020 17:35,28.787,100
2/21/2020 19:35,28.528,100
2/21/2020 21:35,28.216,99.722
2/21/2020 23:35,27.903,99.205
2/22/2020 1:35,27.486,98.671
2/22/2020 3:35,27.171,98.34
2/22/2020 5:35,26.802,97.906
2/22/2020 7:35,26.483,97.575
2/22/2020 9:35,26.748,98.692
2/22/2020 11:35,28.321,100
2/22/2020 13:35,30.173,100
2/22/2020 15:35,31.591,100
2/22/2020 17:35,31.842,100
2/22/2020 19:35,31.892,100
2/22/2020 21:35,31.942,100
2/22/2020 23:35,31.892,100
2/23/2020 1:35,31.39,100
2/23/2020 3:35,30.682,99.982
2/23/2020 5:35,30.02,99.055
2/23/2020 7:35,29.457,98.471
2/23/2020 9:35,29.867,100
2/23/2020 11:35,31.289,100
2/23/2020 13:35,31.892,100
2/23/2020 15:35,32.142,100
2/23/2020 17:35,32.092,100
2/23/2020 19:35,31.993,100
2/23/2020 21:35,31.942,100
2/23/2020 23:35,31.591,100
2/24/2020 1:35,30.936,99.131
2/24/2020 3:35,30.123,97.893
2/24/2020 5:35,29.251,95.594
2/24/2020 7:35,28.321,95.069
2/24/2020 9:35,28.891,98.568
2/24/2020 11:35,31.138,100
2/24/2020 13:35,32.193,100
2/24/2020 15:35,32.392,100
2/24/2020 17:35,32.092,100
2/24/2020 19:35,31.791,99.622
2/24/2020 21:35,31.087,98.141
2/24/2020 23:35,29.867,97.687
2/25/2020 1:35,28.373,96.552
2/25/2020 3:35,27.486,96.603
2/25/2020 5:35,26.854,96.527
2/25/2020 7:35,26.643,97.036
2/25/2020 9:35,27.903,99.158
2/25/2020 11:35,30.02,99.641
2/25/2020 13:35,31.188,97.374
2/25/2020 15:35,31.44,97.889
2/25/2020 17:35,30.632,94.895
2/25/2020 19:35,29.714,97.284
2/25/2020 21:35,29.457,96.698
2/25/2020 23:35,28.425,94.03
2/26/2020 1:35,26.377,92.276
2/26/2020 3:35,24.553,91.281
2/26/2020 5:35,23.189,93.758
2/26/2020 7:35,21.519,92.816
2/26/2020 9:35,22.192,94.693
2/26/2020 11:35,24.553,96.988
2/26/2020 13:35,26.802,98.281
2/26/2020 15:35,27.381,96.775
2/26/2020 17:35,26.537,97.067
2/26/2020 19:35,25.952,96.998
2/26/2020 21:35,25.524,96.695
2/26/2020 23:35,25.041,96.031
2/27/2020 1:35,24.283,95.489
2/27/2020 3:35,23.409,94.1
2/27/2020 5:35,22.136,92.074
2/27/2020 7:35,20.615,89.906
2/27/2020 9:35,21.351,91.479
2/27/2020 11:35,22.469,92.316
2/27/2020 13:35,24.228,94.345
2/27/2020 15:35,24.933,92.349
2/27/2020 17:35,23.133,92.511
2/27/2020 19:35,22.525,93.562
2/27/2020 21:35,22.525,93.752
2/27/2020 23:35,22.802,94.362
2/28/2020 1:35,22.802,93.509
2/28/2020 3:35,22.413,92.594
2/28/2020 5:35,21.182,90.229
2/28/2020 7:35,19.18,88.079
2/28/2020 9:35,19.296,89.111
2/28/2020 11:35,21.238,88.592
2/28/2020 13:35,23.409,90.919
2/28/2020 15:35,24.499,91.224
2/28/2020 17:35,22.912,92.74
2/28/2020 19:35,22.192,92.274
2/28/2020 21:35,21.744,91.346
2/28/2020 23:35,21.011,90.229
2/29/2020 1:35,20.386,89.896
2/29/2020 3:35,19.987,90.462
2/29/2020 5:35,20.955,92.944
2/29/2020 7:35,21.351,93.714
2/29/2020 9:35,23.463,97.281
2/29/2020 11:35,26.854,98.803
2/29/2020 13:35,30.834,96.556
2/29/2020 15:35,31.942,96.441
2/29/2020 17:35,31.743,98.978
2/29/2020 19:35,31.591,99.613
2/29/2020 21:35,31.087,100
2/29/2020 23:35,30.884,100
3/1/2020 1:35,30.682,100
3/1/2020 3:35,30.733,100
3/1/2020 5:35,30.479,100
3/1/2020 7:35,29.867,100
3/1/2020 9:35,31.642,100
3/1/2020 11:35,32.443,99.137
3/1/2020 13:35,33.287,96.41
3/1/2020 15:35,33.485,95.185
3/1/2020 17:35,32.641,98.197
3/1/2020 19:35,32.392,98.845
3/1/2020 21:35,32.293,99.491
3/1/2020 23:35,32.293,99.585
3/2/2020 1:35,32.193,98.292
3/2/2020 3:35,31.942,98.726
3/2/2020 5:35,31.692,99.017
3/2/2020 7:35,31.087,99.203
3/2/2020 9:35,31.491,99.644
3/2/2020 11:35,32.742,96.805
3/2/2020 13:35,33.732,94.446
3/2/2020 15:35,33.287,94.379
3/2/2020 17:35,31.491,96.897
3/2/2020 19:35,30.529,98.076
3/2/2020 21:35,30.429,98.768
3/2/2020 23:35,30.276,99.166
3/3/2020 1:35,29.97,98.835
3/3/2020 3:35,29.559,98.582
3/3/2020 5:35,31.491,100
3/3/2020 7:35,31.289,100
3/3/2020 9:35,32.342,99.263
3/3/2020 11:35,33.435,96.649
3/3/2020 13:35,34.371,94.542
3/3/2020 15:35,34.371,93.418
3/3/2020 17:35,32.891,96.828
3/3/2020 19:35,32.193,98.387
3/3/2020 21:35,31.239,97.809
3/3/2020 23:35,30.02,96.334
3/4/2020 1:35,28.528,94.382
3/4/2020 3:35,27.118,94.406
3/4/2020 5:35,26.058,94.077
3/4/2020 7:35,25.846,95.068
3/4/2020 9:35,28.425,97.081
3/4/2020 11:35,34.027,94.491
3/4/2020 13:35,35.589,88.674
3/4/2020 15:35,34.075,91.948
3/4/2020 17:35,33.039,93.66
3/4/2020 19:35,32.891,94.804
3/4/2020 21:35,32.691,96.414
3/4/2020 23:35,32.592,98.071
3/5/2020 1:35,32.79,98.814
3/5/2020 3:35,32.841,98.538
3/5/2020 5:35,32.99,97.943
3/5/2020 7:35,33.237,98.03
3/5/2020 9:35,33.089,98.909
3/5/2020 11:35,33.039,98.759
3/5/2020 13:35,32.79,99.759
3/5/2020 15:35,32.641,99.971
3/5/2020 17:35,32.491,94.647
3/5/2020 19:35,31.993,91.865
3/5/2020 21:35,31.138,89.99
3/5/2020 23:35,28.476,86.954
3/6/2020 1:35,26.325,89.446
3/6/2020 3:35,24.825,90.327
3/6/2020 5:35,23.628,91.361
3/6/2020 7:35,23.353,92.592
3/6/2020 9:35,26.748,87.683
3/6/2020 11:35,32.443,85.204
3/6/2020 13:35,38.084,77.34
3/6/2020 15:35,34.371,82.585
3/6/2020 17:35,31.138,85.813
3/6/2020 19:35,29.199,90.598
3/6/2020 21:35,28.216,93.179
3/6/2020 23:35,28.112,93.694
3/7/2020 1:35,28.787,92.926
3/7/2020 3:35,28.476,94.134
3/7/2020 5:35,28.476,94.614
3/7/2020 7:35,30.072,94.183
3/7/2020 9:35,35.83,86.427
3/7/2020 11:35,38.511,78.592
3/7/2020 13:35,43.716,69.302
3/7/2020 15:35,39.549,76.711
3/7/2020 17:35,37.179,84.323
3/7/2020 19:35,35.83,88.229
3/7/2020 21:35,35.928,86.695
3/7/2020 23:35,35.928,84.904
3/8/2020 1:35,36.361,83.025
3/8/2020 3:35,35.685,85.487
3/8/2020 5:35,37.081,83.482
3/8/2020 7:35,37.942,82.58
3/8/2020 9:35,41.554,77.084
3/8/2020 11:35,44.809,71.485
3/8/2020 13:35,52.641,60.852
3/8/2020 15:35,47.154,76.359
3/8/2020 17:35,42.8,83.18
3/8/2020 19:35,41.184,90.676
3/8/2020 21:35,41.97,90.636
3/8/2020 23:35,37.798,93.781
3/9/2020 1:35,37.513,94.87
3/9/2020 3:35,33.287,94.282
3/9/2020 5:35,32.592,92.664
3/9/2020 7:35,32.392,90.046
3/9/2020 9:35,34.174,84.849
3/9/2020 11:35,36.603,80.419
3/9/2020 13:35,37.179,78.801
3/9/2020 15:35,37.274,77.75
3/9/2020 17:35,34.272,82.339
3/9/2020 19:35,31.993,83.202
3/9/2020 21:35,30.123,85.144
3/9/2020 23:35,28.476,83.351
3/10/2020 1:35,27.012,83.36
3/10/2020 3:35,25.363,87.34
3/10/2020 5:35,24.12,86.597
3/10/2020 7:35,25.471,86.785
3/10/2020 9:35,33.386,71.759
3/10/2020 11:35,38.889,58.522
3/10/2020 13:35,38.889,60.483
3/10/2020 15:35,38.037,64.783
3/10/2020 17:35,36.169,70.237
3/10/2020 19:35,33.089,90.667
3/10/2020 21:35,32.293,95.293
3/10/2020 23:35,32.342,97.126
3/11/2020 1:35,32.342,98.031
3/11/2020 3:35,32.293,98.593
3/11/2020 5:35,32.293,98.971
3/11/2020 7:35,32.691,99.46
3/11/2020 9:35,35.298,100
3/11/2020 11:35,38.842,96.612
3/11/2020 13:35,40.858,88.393
3/11/2020 15:35,39.924,82.285
3/11/2020 17:35,38.606,89.249
3/11/2020 19:35,37.225,93.844
3/11/2020 21:35,37.56,95.514
3/11/2020 23:35,37.225,94.851
3/12/2020 1:35,36.939,93.727
3/12/2020 3:35,36.986,94.84
3/12/2020 5:35,36.747,98.343
3/12/2020 7:35,37.081,99.928
3/12/2020 9:35,37.179,100
3/12/2020 11:35,36.795,100
3/12/2020 13:35,38.511,100
3/12/2020 15:35,38.037,100
3/12/2020 17:35,35.733,94.308
3/12/2020 19:35,34.075,85.882
3/12/2020 21:35,31.692,87.225
3/12/2020 23:35,29.714,80.641
3/13/2020 1:35,27.955,81.598
3/13/2020 3:35,27.118,83.855
3/13/2020 5:35,27.799,83.87
3/13/2020 7:35,27.275,81.305
3/13/2020 9:35,32.043,71.067
3/13/2020 11:35,34.664,68.562
3/13/2020 13:35,37.751,63.087
3/13/2020 15:35,34.371,65.926
3/13/2020 17:35,30.987,71.166
3/13/2020 19:35,27.955,77.172
3/13/2020 21:35,26.325,79.385
3/13/2020 23:35,25.255,77.596
3/14/2020 1:35,24.879,80.383
3/14/2020 3:35,23.738,78.029
3/14/2020 5:35,22.746,78.112
3/14/2020 7:35,23.243,78.38
3/14/2020 9:35,25.898,75.718
3/14/2020 11:35,28.216,72.387
3/14/2020 13:35,35.443,56.479
3/14/2020 15:35,33.138,62.158
3/14/2020 17:35,29.509,69.158
3/14/2020 19:35,26.748,80.468
3/14/2020 21:35,25.632,81.756
3/14/2020 23:35,24.283,85.627
3/15/2020 1:35,23.792,87.538
3/15/2020 3:35,22.248,89.878
3/15/2020 5:35,21.069,91.914
3/15/2020 7:35,24.499,88.031
3/15/2020 9:35,34.272,67.581
3/15/2020 11:35,39.454,54.693
3/15/2020 13:35,42.847,49.639
3/15/2020 15:35,37.081,61.458
3/15/2020 17:35,34.761,66.022
3/15/2020 19:35,31.591,77.035
3/15/2020 21:35,32.99,75.851
3/15/2020 23:35,33.534,77.773
3/16/2020 1:35,32.841,82.18
3/16/2020 3:35,32.79,84.741
3/16/2020 5:35,32.443,91.389
3/16/2020 7:35,32.742,94.321
3/16/2020 9:35,33.928,89.893
3/16/2020 11:35,35.346,97.451
3/16/2020 13:35,37.56,97.555
3/16/2020 15:35,37.321,95.868
3/16/2020 17:35,35.346,94.201
3/16/2020 19:35,30.632,86.022
3/16/2020 21:35,27.694,88.732
3/16/2020 23:35,26.854,88.044
3/17/2020 1:35,29.304,88.117
3/17/2020 3:35,29.764,83.7
3/17/2020 5:35,27.327,83.731
3/17/2020 7:35,29.251,81.997
3/17/2020 9:35,36.169,71.689
3/17/2020 11:35,41.137,53.535
3/17/2020 13:35,46.256,50.262
3/17/2020 15:35,41.137,57.24
3/17/2020 17:35,38.511,64.492
3/17/2020 19:35,36.603,71.955
3/17/2020 21:35,36.505,76.643
3/17/2020 23:35,36.266,80.481
3/18/2020 1:35,35.249,90.031
3/18/2020 3:35,35.2,87.053
3/18/2020 5:35,36.025,87.166
3/18/2020 7:35,36.169,92.502
3/18/2020 9:35,36.986,96.303
3/18/2020 11:35,41.97,87.726
3/18/2020 13:35,43.9,83.401
3/18/2020 15:35,42.892,84.321
3/18/2020 17:35,40.672,88.623
3/18/2020 19:35,39.36,91.673
3/18/2020 21:35,38.984,93.462
3/18/2020 23:35,38.7,94.063
3/19/2020 1:35,38.037,96.513
3/19/2020 3:35,37.321,98.386
3/19/2020 5:35,37.035,98.964
3/19/2020 7:35,37.179,99.633
3/19/2020 9:35,37.56,100
3/19/2020 11:35,37.893,100
3/19/2020 13:35,37.465,100
3/19/2020 15:35,35.782,100
3/19/2020 17:35,35.879,100
3/19/2020 19:35,34.957,100
3/19/2020 21:35,32.691,100
3/19/2020 23:35,31.339,100
3/20/2020 1:35,29.149,96.674
3/20/2020 3:35,26.271,89.659
3/20/2020 5:35,22.525,84.64
3/20/2020 7:35,21.632,77.613
3/20/2020 9:35,28.425,69.122
3/20/2020 11:35,31.692,65.041
3/20/2020 13:35,36.603,55.533
3/20/2020 15:35,32.043,65.049
3/20/2020 17:35,28.787,60.812
3/20/2020 19:35,26.006,71.495
3/20/2020 21:35,24.066,72.631
3/20/2020 23:35,22.302,82.407
3/21/2020 1:35,22.08,74.111
3/21/2020 3:35,21.855,69.401
3/21/2020 5:35,20.842,68.487
3/21/2020 7:35,22.581,69.374
3/21/2020 9:35,34.664,50.174
3/21/2020 11:35,37.702,49.606
3/21/2020 13:35,39.502,48.694
3/21/2020 15:35,35.152,57.523
3/21/2020 17:35,32.841,66.962
3/21/2020 19:35,30.834,82.434
3/21/2020 21:35,29.97,91.298
3/21/2020 23:35,29.867,93.621
3/22/2020 1:35,29.867,91.136
3/22/2020 3:35,29.304,89.183
3/22/2020 5:35,29.457,87.241
3/22/2020 7:35,31.289,83.314
3/22/2020 9:35,37.081,71.872
3/22/2020 11:35,41.043,65.678
3/22/2020 13:35,44.627,59.622
3/22/2020 15:35,42.294,66.398
3/22/2020 17:35,38.606,74.684
3/22/2020 19:35,36.747,84.447
3/22/2020 21:35,34.664,90.646
3/22/2020 23:35,32.443,95.509
3/23/2020 1:35,32.142,97.571
3/23/2020 3:35,32.142,98.474
3/23/2020 5:35,32.142,99.089
3/23/2020 7:35,32.443,99.75
3/23/2020 9:35,36.459,100
3/23/2020 11:35,39.643,100
3/23/2020 13:35,41.693,92.964
3/23/2020 15:35,42.109,84.48
3/23/2020 17:35,36.795,90.051
3/23/2020 19:35,33.287,95.204
3/23/2020 21:35,31.491,96.778
3/23/2020 23:35,32.491,98.956
3/24/2020 1:35,35.055,99.222
3/24/2020 3:35,35.928,99.576
3/24/2020 5:35,36.361,99.86
3/24/2020 7:35,37.846,100
3/24/2020 9:35,41.322,97.897
3/24/2020 11:35,48.315,81.301
3/24/2020 13:35,47.199,78.029
3/24/2020 15:35,45.579,77.808
3/24/2020 17:35,41.508,84.192
3/24/2020 19:35,38.842,88.75
3/24/2020 21:35,39.877,88.767
3/24/2020 23:35,40.345,90.026
3/25/2020 1:35,39.549,93.198
3/25/2020 3:35,39.596,95.282
3/25/2020 5:35,39.736,96.236
3/25/2020 7:35,41.09,97.373
3/25/2020 9:35,43.99,93.274
3/25/2020 11:35,44.037,88.833
3/25/2020 13:35,41.925,96.767
3/25/2020 15:35,39.549,99.771
3/25/2020 17:35,38.322,100
3/25/2020 19:35,36.939,100
3/25/2020 21:35,35.83,100
3/25/2020 23:35,34.713,100
3/26/2020 1:35,30.834,100
3/26/2020 3:35,30.58,100
3/26/2020 5:35,29.611,100
3/26/2020 7:35,31.692,100
3/26/2020 9:35,55.256,99.86
3/26/2020 11:35,74.12,100
3/26/2020 13:35,76.071,59.259
3/26/2020 15:35,76.289,53.731
3/26/2020 17:35,76.289,52.155
3/26/2020 19:35,76.289,51.364
3/26/2020 21:35,76.332,51.241
3/26/2020 23:35,76.332,50.924
3/27/2020 1:35,75.724,51.512
3/27/2020 3:35,75.42,51.204
3/27/2020 5:35,75.376,51.517
3/27/2020 7:35,75.42,51.773
3/27/2020 9:35,76.071,51.664
3/27/2020 11:35,76.332,48.215
3/27/2020 13:35,76.332,63.359
3/27/2020 15:35,76.419,64.613
3/27/2020 17:35,76.332,64.878
3/27/2020 19:35,76.375,65.185
3/27/2020 21:35,76.375,65.457
3/27/2020 23:35,76.375,65.517
3/28/2020 1:35,75.853,66.613
3/28/2020 3:35,75.637,66.592
3/28/2020 5:35,75.637,66.472
3/28/2020 7:35,75.681,66.416
3/28/2020 9:35,76.158,65.678
3/28/2020 11:35,76.375,65.548
3/28/2020 13:35,76.419,65.522
3/28/2020 15:35,76.375,65.669
3/28/2020 17:35,76.419,65.582
3/28/2020 19:35,76.464,65.495
3/28/2020 21:35,76.464,65.526
3/28/2020 23:35,76.419,65.401
3/29/2020 1:35,75.898,66.437
3/29/2020 3:35,75.637,66.171
3/29/2020 5:35,75.637,66.02
3/29/2020 7:35,75.637,65.9
3/29/2020 9:35,76.158,65.164
3/29/2020 11:35,76.289,65.176
3/29/2020 13:35,76.289,65.055
3/29/2020 15:35,76.289,65.237
3/29/2020 17:35,76.332,64.908
3/29/2020 19:35,76.332,65.241
3/29/2020 21:35,76.289,64.692
3/29/2020 23:35,76.246,64.779
3/30/2020 1:35,75.81,65.494
3/30/2020 3:35,75.594,65.503
3/30/2020 5:35,75.594,65.201
3/30/2020 7:35,75.594,65.02
3/30/2020 9:35,76.114,64.463
3/30/2020 11:35,76.246,64.203
3/30/2020 13:35,76.071,64.52
3/30/2020 15:35,76.071,65.186
3/30/2020 17:35,76.028,65.575
3/30/2020 19:35,76.028,65.575
3/30/2020 21:35,76.071,65.519
3/30/2020 23:35,76.071,65.639
3/31/2020 1:35,75.681,65.693
3/31/2020 3:35,75.551,65.559
3/31/2020 5:35,75.551,65.409
3/31/2020 7:35,75.551,65.378
3/31/2020 9:35,75.942,65.234
3/31/2020 11:35,76.028,65.363
3/31/2020 13:35,76.071,65.368
3/31/2020 15:35,76.071,65.398
3/31/2020 17:35,76.071,65.579
3/31/2020 19:35,76.071,65.609
3/31/2020 21:35,76.071,65.398
3/31/2020 23:35,76.028,65.635
4/1/2020 1:35,75.724,65.848
4/1/2020 3:35,75.551,65.59
4/1/2020 5:35,75.551,65.499
4/1/2020 7:35,75.551,65.409
4/1/2020 9:35,75.985,65.359
4/1/2020 11:35,76.028,65.394
4/1/2020 13:35,76.114,65.13
4/1/2020 15:35,76.158,65.346
4/1/2020 17:35,76.158,65.527
4/1/2020 19:35,76.158,65.738
4/1/2020 21:35,76.158,65.618
4/1/2020 23:35,76.114,65.583
4/2/2020 1:35,75.724,66.089
4/2/2020 3:35,75.551,65.921
4/2/2020 5:35,75.551,65.861
4/2/2020 7:35,75.551,65.68
4/2/2020 9:35,75.985,65.782
4/2/2020 11:35,76.114,65.764
4/2/2020 13:35,76.114,65.734
4/2/2020 15:35,76.203,65.682
4/2/2020 17:35,76.246,66.048
4/2/2020 19:35,76.203,65.893
4/2/2020 21:35,76.246,65.716
4/2/2020 23:35,76.158,66.191
4/3/2020 1:35,75.724,66.239
4/3/2020 3:35,75.551,65.921
4/3/2020 5:35,75.551,65.559
4/3/2020 7:35,75.551,65.227
4/3/2020 9:35,75.985,64.784
4/3/2020 11:35,75.985,63.875
4/3/2020 13:35,75.985,65.087
4/3/2020 15:35,76.028,64.576
4/3/2020 17:35,76.028,65.152
4/3/2020 19:35,76.028,64.91
4/3/2020 21:35,75.985,64.33
4/3/2020 23:35,75.985,64.875
4/4/2020 1:35,75.637,64.419
4/4/2020 3:35,75.551,64.683
4/4/2020 5:35,75.508,64.588
4/4/2020 7:35,75.551,64.986
4/4/2020 9:35,75.942,64.599
4/4/2020 11:35,75.985,64.724
4/4/2020 13:35,75.985,64.057
4/4/2020 15:35,76.028,64.425
4/4/2020 17:35,76.028,63.939
4/4/2020 19:35,76.028,64.243
4/4/2020 21:35,76.028,64
4/4/2020 23:35,76.028,64.152
4/5/2020 1:35,75.724,64.73
4/5/2020 3:35,75.551,65.076
4/5/2020 5:35,75.551,65.076
4/5/2020 7:35,75.551,64.834
4/5/2020 9:35,75.942,64.962
4/5/2020 11:35,75.985,65.208
4/5/2020 13:35,75.985,63.935
4/5/2020 15:35,75.985,65.148
4/5/2020 17:35,76.071,64.55
4/5/2020 19:35,76.028,65.303
4/5/2020 21:35,76.071,64.52
4/5/2020 23:35,76.071,64.004
4/6/2020 1:35,75.724,65.516
4/6/2020 3:35,75.594,64.627
4/6/2020 5:35,75.551,64.38
4/6/2020 7:35,75.594,65.05
4/6/2020 9:35,75.898,67.548
4/6/2020 11:35,75.81,71.529
4/6/2020 13:35,75.767,71.82
4/6/2020 15:35,75.81,72.414
4/6/2020 17:35,75.81,71.351
4/6/2020 19:35,75.898,72.835
4/6/2020 21:35,75.898,71.626
4/6/2020 23:35,75.942,71.158
4/7/2020 1:35,75.681,73.664
4/7/2020 3:35,75.551,72.769
4/7/2020 5:35,75.594,72.509
4/7/2020 7:35,75.594,71.978
4/7/2020 9:35,75.898,71.005
4/7/2020 11:35,76.028,70.01
4/7/2020 13:35,75.985,70.54
4/7/2020 15:35,76.071,71.29
4/7/2020 17:35,76.114,70.316
4/7/2020 19:35,76.114,70.583
4/7/2020 21:35,76.158,70.35
4/7/2020 23:35,76.071,69.746
4/8/2020 1:35,75.681,70.034
4/8/2020 3:35,75.594,69.906
4/8/2020 5:35,75.551,68.889
4/8/2020 7:35,75.594,68.476
4/8/2020 9:35,75.898,67.848
4/8/2020 11:35,76.071,67.085
4/8/2020 13:35,76.028,67.381
4/8/2020 15:35,76.028,66.57
4/8/2020 17:35,75.985,67.077
4/8/2020 19:35,75.985,67.587
4/8/2020 21:35,76.071,67.025
4/8/2020 23:35,76.028,66.931
4/9/2020 1:35,75.724,66.991
4/9/2020 3:35,75.637,66.923
4/9/2020 5:35,75.594,66.588
4/9/2020 7:35,75.637,66.532
4/9/2020 9:35,75.985,66.174
4/9/2020 11:35,76.028,66.118
4/9/2020 13:35,76.028,65.756
4/9/2020 15:35,76.028,66.269
4/9/2020 17:35,76.028,66.178
4/9/2020 19:35,75.985,65.933
4/9/2020 21:35,76.028,65.605
4/9/2020 23:35,75.942,66.11
4/10/2020 1:35,75.681,65.934
4/10/2020 3:35,75.594,65.322
4/10/2020 5:35,75.594,65.262
4/10/2020 7:35,75.637,65.175
4/10/2020 9:35,76.028,65.091
4/10/2020 11:35,76.028,65.363
4/10/2020 13:35,76.246,61.672
4/10/2020 15:35,76.203,64.047
4/10/2020 17:35,76.289,63.173
4/10/2020 19:35,76.289,63.872
4/10/2020 21:35,76.289,63.903
4/10/2020 23:35,76.246,65.082
4/11/2020 1:35,75.942,64.538
4/11/2020 3:35,75.767,64.188
4/11/2020 5:35,75.767,64.764
4/11/2020 7:35,75.81,65.524
4/11/2020 9:35,76.158,62.581
4/11/2020 11:35,76.332,62.658
4/11/2020 13:35,76.332,63.42
4/11/2020 15:35,76.332,65.996
4/11/2020 17:35,76.375,65.154
4/11/2020 19:35,76.289,63.66
4/11/2020 21:35,76.332,65.029
4/11/2020 23:35,76.289,62.929
4/12/2020 1:35,75.985,63.662
4/12/2020 3:35,75.81,64.223
4/12/2020 5:35,75.767,64.855
4/12/2020 7:35,75.853,64.439
4/12/2020 9:35,76.203,62.921
4/12/2020 11:35,76.289,63.264
4/12/2020 13:35,76.375,62.601
4/12/2020 15:35,76.332,62.78
4/12/2020 17:35,76.332,62.963
4/12/2020 19:35,76.332,63.268
4/12/2020 21:35,76.289,65.328
4/12/2020 23:35,76.246,65.112
4/13/2020 1:35,75.898,63.775
4/13/2020 3:35,75.767,64.613
4/13/2020 5:35,75.724,65.153
4/13/2020 7:35,75.767,63.915
4/13/2020 9:35,76.158,62.276
4/13/2020 11:35,76.203,63.773
4/13/2020 13:35,76.246,64.779
4/13/2020 15:35,76.203,71.629
4/13/2020 17:35,76.158,71.121
4/13/2020 19:35,76.158,71.683
4/13/2020 21:35,76.203,75.503
4/13/2020 23:35,76.158,75.353
4/14/2020 1:35,75.724,76.555
4/14/2020 3:35,75.551,75.577
4/14/2020 5:35,75.551,77.173
4/14/2020 7:35,75.594,77.409
4/14/2020 9:35,75.985,72.521
4/14/2020 11:35,76.158,74.272
4/14/2020 13:35,76.203,73.544
4/14/2020 15:35,76.203,75.037
4/14/2020 17:35,76.158,72.981
4/14/2020 19:35,76.158,72.716
4/14/2020 21:35,76.203,72.75
4/14/2020 23:35,76.203,71.865
4/15/2020 1:35,75.767,77.168
4/15/2020 3:35,75.551,74.118
4/15/2020 5:35,75.551,74.615
4/15/2020 7:35,75.551,73.356
4/15/2020 9:35,75.985,70.688
4/15/2020 11:35,76.681,68.584
4/15/2020 13:35,76.681,69.122
4/15/2020 15:35,76.725,69.991
4/15/2020 17:35,76.681,70.641
4/15/2020 19:35,76.681,71.116
4/15/2020 21:35,76.681,69.898
4/15/2020 23:35,76.636,69.953
4/16/2020 1:35,76.028,72.466
4/16/2020 3:35,75.724,71.992
4/16/2020 5:35,75.724,71.49
4/16/2020 7:35,75.767,71.14
4/16/2020 9:35,76.419,69.514
4/16/2020 11:35,76.725,68.17
4/16/2020 13:35,76.681,69.719
4/16/2020 15:35,76.725,68.589
4/16/2020 17:35,76.725,68.559
4/16/2020 19:35,76.768,69.28
4/16/2020 21:35,76.725,68.888
4/16/2020 23:35,76.725,68.439
4/17/2020 1:35,76.071,70.638
4/17/2020 3:35,75.767,70.695
4/17/2020 5:35,75.767,69.418
4/17/2020 7:35,75.767,69.597
4/17/2020 9:35,76.464,68.174
4/17/2020 11:35,76.464,67.364
4/17/2020 13:35,76.375,67.115
4/17/2020 15:35,76.419,68.499
4/17/2020 17:35,76.375,67.895
4/17/2020 19:35,76.419,67.63
4/17/2020 21:35,76.332,68.49
4/17/2020 23:35,76.419,67.54
4/18/2020 1:35,75.898,68.954
4/18/2020 3:35,75.637,68.809
4/18/2020 5:35,75.637,68.45
4/18/2020 7:35,75.724,68.996
4/18/2020 9:35,76.246,67.823
4/18/2020 11:35,76.55,66.861
4/18/2020 13:35,76.55,67.793
4/18/2020 15:35,76.593,68.366
4/18/2020 17:35,76.55,67.793
4/18/2020 19:35,76.507,67.188
4/18/2020 21:35,76.55,67.763
4/18/2020 23:35,76.507,67.908
4/19/2020 1:35,75.942,68.421
4/19/2020 3:35,75.681,68.604
4/19/2020 5:35,75.681,68.246
4/19/2020 7:35,75.724,67.501
4/19/2020 9:35,76.246,67.252
4/19/2020 11:35,76.507,66.887
4/19/2020 13:35,76.507,66.074
4/19/2020 15:35,76.507,66.767
4/19/2020 17:35,76.419,66.818
4/19/2020 19:35,76.507,66.345
4/19/2020 21:35,76.464,66.461
4/19/2020 23:35,76.464,66.25
4/20/2020 1:35,75.942,67.283
4/20/2020 3:35,75.681,67.077
4/20/2020 5:35,75.681,67.647
4/20/2020 7:35,75.724,67.021
4/20/2020 9:35,76.332,66.057
4/20/2020 11:35,76.811,63.221
4/20/2020 13:35,76.768,67.243
4/20/2020 15:35,76.725,65.097
4/20/2020 17:35,76.681,66.723
4/20/2020 19:35,76.636,67.231
4/20/2020 21:35,76.636,67.231
4/20/2020 23:35,76.593,65.084
4/21/2020 1:35,75.985,68.066
4/21/2020 3:35,75.724,66.661
4/21/2020 5:35,75.724,67.501
4/21/2020 7:35,75.767,66.244
4/21/2020 9:35,76.332,66.388
4/21/2020 11:35,76.593,67.136
4/21/2020 13:35,76.593,64.508
4/21/2020 15:35,76.636,65.965
4/21/2020 17:35,76.593,65.054
4/21/2020 19:35,76.681,66.151
4/21/2020 21:35,76.636,66.659
4/21/2020 23:35,76.593,66.986
4/22/2020 1:35,75.985,67.527
4/22/2020 3:35,75.724,66.781
4/22/2020 5:35,75.724,66.33
4/22/2020 7:35,75.767,67.386
4/22/2020 9:35,76.419,66.397
4/22/2020 11:35,76.636,62.258
4/22/2020 13:35,76.507,63.528
4/22/2020 15:35,76.593,63.17
4/22/2020 17:35,76.593,63.14
4/22/2020 19:35,76.55,63.958
4/22/2020 21:35,76.55,63.623
4/22/2020 23:35,76.507,64.045
4/23/2020 1:35,75.724,64.093
4/23/2020 3:35,75.637,63.751
4/23/2020 5:35,75.594,63.808
4/23/2020 7:35,75.637,63.994
4/23/2020 9:35,76.419,63.641
4/23/2020 11:35,76.507,63.101
4/23/2020 13:35,76.507,63.649
4/23/2020 15:35,76.55,63.532
4/23/2020 17:35,76.593,63.353
4/23/2020 19:35,76.593,63.627
4/23/2020 21:35,76.593,63.688
4/23/2020 23:35,76.507,63.558
4/24/2020 1:35,75.767,64.855
4/24/2020 3:35,75.637,64.661
4/24/2020 5:35,75.594,64.475
4/24/2020 7:35,75.637,64.358
4/24/2020 9:35,76.419,63.032
4/24/2020 11:35,76.419,43.612
4/24/2020 13:35,72.912,59.814
4/24/2020 15:35,72.307,65.52
4/24/2020 17:35,72.05,64.203
4/24/2020 19:35,71.964,64.886
4/24/2020 21:35,71.92,63.979
4/24/2020 23:35,71.834,66.97
4/25/2020 1:35,71.834,64.243
4/25/2020 3:35,71.748,66.752
4/25/2020 5:35,71.791,64.96
4/25/2020 7:35,71.834,66.462
4/25/2020 9:35,71.92,65.153
4/25/2020 11:35,71.92,66.202
4/25/2020 13:35,71.964,65.757
4/25/2020 15:35,71.92,64.912
4/25/2020 17:35,71.92,67.246
4/25/2020 19:35,71.92,64.251
4/25/2020 21:35,71.92,66.948
4/25/2020 23:35,71.834,67.089
4/26/2020 1:35,71.748,64.956
4/26/2020 3:35,71.748,67.229
4/26/2020 5:35,71.791,64.66
4/26/2020 7:35,71.834,66.821
4/26/2020 9:35,71.92,64.22
4/26/2020 11:35,71.964,67.519
4/26/2020 13:35,71.964,65.217
4/26/2020 15:35,72.007,68.148
4/26/2020 17:35,71.92,66.202
4/26/2020 19:35,71.92,65.003
4/26/2020 21:35,71.877,66.078
4/26/2020 23:35,71.834,68.457
4/27/2020 1:35,71.748,65.136
4/27/2020 3:35,71.748,68.033
4/27/2020 5:35,71.748,64.806
4/27/2020 7:35,71.834,68.071
4/27/2020 9:35,71.834,66.133
4/27/2020 11:35,71.92,64.612
4/27/2020 13:35,71.92,67.663
4/27/2020 15:35,71.92,56.529
4/27/2020 17:35,77.292,62.715
4/27/2020 19:35,77.464,64.833
4/27/2020 21:35,77.464,64.499
4/27/2020 23:35,77.421,65.284
4/28/2020 1:35,77.421,66.041
4/28/2020 3:35,76.636,66.96
4/28/2020 5:35,76.593,65.931
4/28/2020 7:35,76.636,65.814
4/28/2020 9:35,76.681,65.879
4/28/2020 11:35,77.464,65.591
4/28/2020 13:35,77.509,66.14
4/28/2020 15:35,77.509,65.201
4/28/2020 17:35,77.509,66.109
4/28/2020 19:35,77.509,65.019
4/28/2020 21:35,77.464,66.588
4/28/2020 23:35,77.421,64.95
4/29/2020 1:35,77.378,66.067
4/29/2020 3:35,76.636,66.689
4/29/2020 5:35,76.593,65.659
4/29/2020 7:35,76.593,65.901
4/29/2020 9:35,77.16,68.213
4/29/2020 11:35,77.421,71.4
4/29/2020 13:35,77.378,72.166
4/29/2020 15:35,77.421,71.874
4/29/2020 17:35,77.464,71.761
4/29/2020 19:35,77.464,71.494
4/29/2020 21:35,76.986,73.481
4/29/2020 23:35,76.681,73.83
4/30/2020 1:35,76.636,73.09
4/30/2020 3:35,76.636,72.56
4/30/2020 5:35,77.117,71.872
4/30/2020 7:35,77.421,70.033
4/30/2020 9:35,77.378,70.386
4/30/2020 11:35,77.421,70.182
4/30/2020 13:35,77.378,71.04
4/30/2020 15:35,77.421,70.092
4/30/2020 17:35,77.421,70.925
4/30/2020 19:35,77.464,70.811
4/30/2020 21:35,76.986,71.592
4/30/2020 23:35,76.681,71.175
5/1/2020 1:35,76.636,70.785
5/1/2020 3:35,76.681,70.73
5/1/2020 5:35,77.117,70.389
5/1/2020 7:35,77.421,69.705
5/1/2020 9:35,77.464,69.948
5/1/2020 11:35,77.77,68.183
5/1/2020 13:35,77.815,69.595
5/1/2020 15:35,77.859,68.702
5/1/2020 17:35,77.859,69.331
5/1/2020 19:35,77.902,68.646
5/1/2020 21:35,77.378,69.879
5/1/2020 23:35,76.942,71.084
5/2/2020 1:35,76.942,70.282
5/2/2020 3:35,76.899,71.287
5/2/2020 5:35,77.378,69.342
5/2/2020 7:35,77.815,68.458
5/2/2020 9:35,77.859,68.612
5/2/2020 11:35,77.859,68.282
5/2/2020 13:35,77.859,68.762
5/2/2020 15:35,77.859,67.501
5/2/2020 17:35,77.859,68.222
5/2/2020 19:35,77.859,67.741
5/2/2020 21:35,77.335,68.08
5/2/2020 23:35,76.899,68.696
5/3/2020 1:35,76.854,69.08
5/3/2020 3:35,76.854,69.588
5/3/2020 5:35,77.335,68.71
5/3/2020 7:35,77.77,66.799
5/3/2020 9:35,77.77,66.859
5/3/2020 11:35,77.815,68.068
5/3/2020 13:35,77.815,67.917
5/3/2020 15:35,77.815,66.773
5/3/2020 17:35,77.815,68.458
5/3/2020 19:35,77.815,68.398
5/3/2020 21:35,77.292,68.585
5/3/2020 23:35,76.854,68.961
5/4/2020 1:35,76.811,68.538
5/4/2020 3:35,76.811,68.807
5/4/2020 5:35,77.292,67.535
5/4/2020 7:35,77.77,68.033
5/4/2020 9:35,77.77,66.829
5/4/2020 11:35,77.77,66.618
5/4/2020 13:35,77.77,67.402
5/4/2020 15:35,77.77,67.793
5/4/2020 17:35,77.77,67.973
5/4/2020 19:35,77.727,68.059
5/4/2020 21:35,77.203,68.097
5/4/2020 23:35,76.811,69.195
5/5/2020 1:35,76.768,68.892
5/5/2020 3:35,76.768,68.084
5/5/2020 5:35,77.292,67.505
5/5/2020 7:35,77.684,67.604
5/5/2020 9:35,77.684,67.333
5/5/2020 11:35,77.727,67.367
5/5/2020 13:35,77.727,67.066
5/5/2020 15:35,77.727,66.946
5/5/2020 17:35,77.727,66.009
5/5/2020 19:35,77.727,66.614
5/5/2020 21:35,77.16,67.312
5/5/2020 23:35,76.768,68.653
5/6/2020 1:35,76.725,67.57
5/6/2020 3:35,76.768,68.653
5/6/2020 5:35,77.292,68.166
5/6/2020 7:35,77.727,66.221
5/6/2020 9:35,77.727,67.217
5/6/2020 11:35,77.727,64.888
5/6/2020 13:35,77.639,66.273
5/6/2020 15:35,77.639,67.238
5/6/2020 17:35,77.639,67.509
5/6/2020 19:35,77.639,66.485
5/6/2020 21:35,77.16,67.462
5/6/2020 23:35,76.768,67.904
5/7/2020 1:35,76.725,67.9
5/7/2020 3:35,76.725,68.08
5/7/2020 5:35,77.247,66.688
5/7/2020 7:35,77.596,67.114
5/7/2020 9:35,77.596,66.903
5/7/2020 11:35,77.639,66.545
5/7/2020 13:35,77.639,66.605
5/7/2020 15:35,77.639,66.364
5/7/2020 17:35,77.639,65.638
5/7/2020 19:35,77.639,66.152
5/7/2020 21:35,77.117,67.007
5/7/2020 23:35,76.725,67.419
5/8/2020 1:35,76.725,66.848
5/8/2020 3:35,76.725,66.818
5/8/2020 5:35,77.203,67.015
5/8/2020 7:35,77.639,66.031
5/8/2020 9:35,77.639,66.394
5/8/2020 11:35,77.639,66.243
5/8/2020 13:35,77.639,64.272
5/8/2020 15:35,77.596,65.452
5/8/2020 17:35,77.639,66.182
5/8/2020 19:35,77.596,65.997
5/8/2020 21:35,77.117,67.247
5/8/2020 23:35,76.725,67.57
5/9/2020 1:35,76.725,66.607
5/9/2020 3:35,76.681,67.145
5/9/2020 5:35,77.203,66.08
5/9/2020 7:35,77.553,65.387
5/9/2020 9:35,77.596,66.329
5/9/2020 11:35,77.596,65.331
5/9/2020 13:35,77.639,66.424
5/9/2020 15:35,77.596,66.661
5/9/2020 17:35,77.639,66.726
5/9/2020 19:35,77.639,66.152
5/9/2020 21:35,77.16,67.552
5/9/2020 23:35,76.768,67.183
5/10/2020 1:35,76.725,67.239
5/10/2020 3:35,76.725,67.54
5/10/2020 5:35,77.203,67.226
5/10/2020 7:35,77.553,66.114
5/10/2020 9:35,77.596,65.664
5/10/2020 11:35,77.553,65.72
5/10/2020 13:35,77.553,65.569
5/10/2020 15:35,77.553,66.355
5/10/2020 17:35,77.596,66.118
5/10/2020 19:35,77.553,65.175
5/10/2020 21:35,77.072,66.4
5/10/2020 23:35,76.681,66.543
5/11/2020 1:35,76.681,66.362
5/11/2020 3:35,76.681,66.874
5/11/2020 5:35,77.16,65.683
5/11/2020 7:35,77.553,65.751
5/11/2020 9:35,77.596,65.482
5/11/2020 11:35,77.553,56.808
5/11/2020 13:35,77.727,64.067
5/11/2020 15:35,77.684,63.819
5/11/2020 17:35,77.727,64.037
5/11/2020 19:35,77.727,64.645
5/11/2020 21:35,77.203,64.869
5/11/2020 23:35,76.768,66.068
5/12/2020 1:35,76.768,65.555
5/12/2020 3:35,76.725,65.792
5/12/2020 5:35,77.292,65.635
5/12/2020 7:35,77.727,65.161
5/12/2020 9:35,77.727,64.128
5/12/2020 11:35,77.684,64.093
5/12/2020 13:35,77.77,63.797
5/12/2020 15:35,77.727,64.463
5/12/2020 17:35,77.727,64.767
5/12/2020 19:35,77.727,65.07
5/12/2020 21:35,77.203,64.383
5/12/2020 23:35,76.768,65.04
5/13/2020 1:35,76.768,65.131
5/13/2020 3:35,76.725,65.187
5/13/2020 5:35,77.292,64.391
5/13/2020 7:35,77.727,64.767
5/13/2020 9:35,77.727,64.371
5/13/2020 11:35,77.77,64.345
5/13/2020 13:35,78.033,62.966
5/13/2020 15:35,78.076,63.398
5/13/2020 17:35,78.121,63.341
5/13/2020 19:35,78.165,64.564
5/13/2020 21:35,77.596,65.3
5/13/2020 23:35,77.029,66.275
5/14/2020 1:35,76.986,66.12
5/14/2020 3:35,76.986,66.331
5/14/2020 5:35,77.596,65.997
5/14/2020 7:35,78.121,65.229
5/14/2020 9:35,78.165,64.047
5/14/2020 11:35,78.165,64.564
5/14/2020 13:35,78.208,63.929
5/14/2020 15:35,78.251,64.786
5/14/2020 17:35,78.251,64.573
5/14/2020 19:35,78.296,63.571
5/14/2020 21:35,77.639,65.335
5/14/2020 23:35,77.029,65.912
5/15/2020 1:35,76.942,65.117
5/15/2020 3:35,76.942,64.905
5/15/2020 5:35,77.509,64.685
5/15/2020 7:35,78.076,63.154
5/15/2020 9:35,78.076,63.398
5/15/2020 11:35,78.076,64.1
5/15/2020 13:35,78.033,62.966
5/15/2020 15:35,77.99,63.848
5/15/2020 17:35,78.076,64.83
5/15/2020 19:35,78.076,63.306
5/15/2020 21:35,77.464,65.076
5/15/2020 23:35,76.986,65.908
5/16/2020 1:35,76.899,65.567
5/16/2020 3:35,76.854,65.654
5/16/2020 5:35,77.464,65.863
5/16/2020 7:35,77.902,64.631
5/16/2020 9:35,77.945,63.477
5/16/2020 11:35,77.902,64.996
5/16/2020 13:35,77.99,63.878
5/16/2020 15:35,78.033,65.19
5/16/2020 17:35,77.99,65.216
5/16/2020 19:35,77.99,65.611
5/16/2020 21:35,77.378,66.308
5/16/2020 23:35,76.942,65.39
5/17/2020 1:35,76.854,66.499
5/17/2020 3:35,76.854,65.926
5/17/2020 5:35,77.464,65.53
5/17/2020 7:35,77.902,64.296
5/17/2020 9:35,77.99,65.004
5/17/2020 11:35,77.945,64.026
5/17/2020 13:35,77.945,63.783
5/17/2020 15:35,77.945,63.935
5/17/2020 17:35,77.945,63.691
5/17/2020 19:35,77.945,64.301
5/17/2020 21:35,77.335,64.639
5/17/2020 23:35,76.854,66.107
5/18/2020 1:35,76.811,64.802
5/18/2020 3:35,76.811,65.831
5/18/2020 5:35,77.378,64.703
5/18/2020 7:35,77.859,64.779
5/18/2020 9:35,77.859,64.323
5/18/2020 11:35,77.815,64.653
5/18/2020 13:35,77.815,64.836
5/18/2020 15:35,77.859,64.384
5/18/2020 17:35,77.859,63.561
5/18/2020 19:35,77.859,64.961
5/18/2020 21:35,77.335,64.517
5/18/2020 23:35,76.899,66.111
5/19/2020 1:35,76.811,64.741
5/19/2020 3:35,76.768,65.404
5/19/2020 5:35,77.335,63.878
5/19/2020 7:35,77.727,64.311
5/19/2020 9:35,77.727,63.793
5/19/2020 11:35,77.815,64.471
5/19/2020 13:35,77.815,63.618
5/19/2020 15:35,77.902,63.626
5/19/2020 17:35,77.902,64.813
5/19/2020 19:35,77.945,65.334
5/19/2020 21:35,77.378,66.188
5/19/2020 23:35,76.986,66.421
5/20/2020 1:35,76.942,66.176
5/20/2020 3:35,76.899,66.111
5/20/2020 5:35,77.464,65.44
5/20/2020 7:35,77.815,65.382
5/20/2020 9:35,77.902,64.57
5/20/2020 11:35,77.945,64.635
5/20/2020 13:35,77.945,63.722
5/20/2020 15:35,78.033,63.913
5/20/2020 17:35,78.076,63.917
5/20/2020 19:35,78.076,64.921
5/20/2020 21:35,77.509,65.565
5/20/2020 23:35,77.117,65.86
5/21/2020 1:35,77.072,65.977
5/21/2020 3:35,77.072,65.886
5/21/2020 5:35,77.639,65.123
5/21/2020 7:35,78.076,63.978
5/21/2020 9:35,78.076,63.825
5/21/2020 11:35,78.121,64.591
5/21/2020 13:35,78.121,64.53
5/21/2020 15:35,78.165,64.412
5/21/2020 17:35,78.165,64.23
5/21/2020 19:35,78.165,63.772
5/21/2020 21:35,77.553,65.66
5/21/2020 23:35,77.117,65.951
5/22/2020 1:35,77.117,65.316
5/22/2020 3:35,77.072,65.342
5/22/2020 5:35,77.639,64.515
5/22/2020 7:35,78.033,65.038
5/22/2020 9:35,78.121,63.616
5/22/2020 11:35,78.076,64.435
5/22/2020 13:35,78.033,64.004
5/22/2020 15:35,78.033,63.913
5/22/2020 17:35,78.033,63.73
5/22/2020 19:35,78.033,63.943
5/22/2020 21:35,77.421,65.738
5/22/2020 23:35,76.986,65.333
5/23/2020 1:35,76.942,66.115
5/23/2020 3:35,76.942,65.632
5/23/2020 5:35,77.509,65.656
5/23/2020 7:35,77.945,64.787
5/23/2020 9:35,77.99,64.7
5/23/2020 11:35,78.033,64.461
5/23/2020 13:35,78.033,65.524
5/23/2020 15:35,78.033,65.675
5/23/2020 17:35,77.99,64.365
5/23/2020 19:35,77.99,64.73
5/23/2020 21:35,77.378,65.462
5/23/2020 23:35,76.986,66.18
5/24/2020 1:35,76.942,66.538
5/24/2020 3:35,76.942,66.417
5/24/2020 5:35,77.509,65.11
5/24/2020 7:35,77.945,65.546
5/24/2020 9:35,77.99,64.487
5/24/2020 11:35,77.99,65.762
5/24/2020 13:35,78.033,65.038
5/24/2020 15:35,77.99,64.974
5/24/2020 17:35,77.99,65.944
5/24/2020 19:35,77.99,64.974
5/24/2020 21:35,77.421,66.313
5/24/2020 23:35,77.029,67.149
5/25/2020 1:35,76.942,66.809
5/25/2020 3:35,76.942,66.297
5/25/2020 5:35,77.553,65.751
5/25/2020 7:35,77.945,65.879
5/25/2020 9:35,77.99,64.822
5/25/2020 11:35,77.99,65.732
5/25/2020 13:35,77.99,64.822
5/25/2020 15:35,77.99,65.853
5/25/2020 17:35,77.99,64.913
5/25/2020 19:35,77.99,64.913
5/25/2020 21:35,77.421,66.464
5/25/2020 23:35,76.986,66.723
5/26/2020 1:35,76.942,66.538
5/26/2020 3:35,76.942,66.417
5/26/2020 5:35,77.509,65.262
5/26/2020 7:35,77.902,64.692
5/26/2020 9:35,77.945,65.334
5/26/2020 11:35,77.99,65.974
5/26/2020 13:35,77.99,64.73
5/26/2020 15:35,78.033,65.221
5/26/2020 17:35,78.033,65.857
5/26/2020 19:35,78.033,65.372
5/26/2020 21:35,77.421,66.614
5/26/2020 23:35,76.986,67.024
5/27/2020 1:35,76.942,66.447
5/27/2020 3:35,76.942,66.176
5/27/2020 5:35,77.509,65.474
5/27/2020 7:35,77.902,65.299
5/27/2020 9:35,77.945,65.819
5/27/2020 11:35,78.076,64.647
5/27/2020 13:35,77.945,65.728
5/27/2020 15:35,77.902,64.357
5/27/2020 17:35,77.902,65.542
5/27/2020 19:35,77.945,64.453
5/27/2020 21:35,77.247,66.024
5/27/2020 23:35,76.768,66.37
5/28/2020 1:35,76.725,66.818
5/28/2020 3:35,76.725,66.487
5/28/2020 5:35,77.378,65.885
5/28/2020 7:35,77.815,63.892
5/28/2020 9:35,77.859,64.505
5/28/2020 11:35,77.815,64.471
5/28/2020 13:35,77.815,63.953
5/28/2020 15:35,77.859,64.11
5/28/2020 17:35,77.859,63.561
5/28/2020 19:35,77.859,63.439
5/28/2020 21:35,77.203,63.836
5/28/2020 23:35,76.725,65.46
5/29/2020 1:35,76.681,64.395
5/29/2020 3:35,76.681,65.123
5/29/2020 5:35,77.335,63.574
5/29/2020 7:35,77.815,62.885
5/29/2020 9:35,77.859,63.5
5/29/2020 11:35,77.815,60.644
5/29/2020 13:35,77.815,63.831
5/29/2020 15:35,77.815,63.587
5/29/2020 17:35,77.815,63.313
5/29/2020 19:35,77.815,62.732
5/29/2020 21:35,77.16,64.197
5/29/2020 23:35,76.681,64.395
5/30/2020 1:35,76.681,64.456
5/30/2020 3:35,76.681,64.911
5/30/2020 5:35,77.292,64.422
5/30/2020 7:35,77.77,62.973
5/30/2020 9:35,77.77,62.789
5/30/2020 11:35,77.77,62.881
5/30/2020 13:35,77.815,62.854
5/30/2020 15:35,77.815,62.242
5/30/2020 17:35,77.815,62.701
5/30/2020 19:35,77.815,62.64
5/30/2020 21:35,77.247,63.291
5/30/2020 23:35,76.768,63.795
5/31/2020 1:35,76.725,63.487
5/31/2020 3:35,76.725,63.7
5/31/2020 5:35,77.378,63.852
5/31/2020 7:35,77.815,62.64
5/31/2020 9:35,77.859,62.43
5/31/2020 11:35,77.902,62.924
5/31/2020 13:35,77.902,63.168
5/31/2020 15:35,77.945,63.172
5/31/2020 17:35,77.99,63.543
5/31/2020 19:35,77.99,62.748
5/31/2020 21:35,77.378,63.7
5/31/2020 23:35,76.942,64.207
6/1/2020 1:35,76.899,64.84
6/1/2020 3:35,76.899,64.324
6/1/2020 5:35,77.553,64.294
6/1/2020 7:35,78.033,63.486
6/1/2020 9:35,78.076,63.795
6/1/2020 11:35,78.121,63.89
6/1/2020 13:35,78.121,64.53
6/1/2020 15:35,78.165,65.203
6/1/2020 17:35,78.165,65.051
6/1/2020 19:35,78.165,64.29
6/1/2020 21:35,77.509,65.837
6/1/2020 23:35,77.029,66.667
6/2/2020 1:35,76.986,65.878
6/2/2020 3:35,76.986,65.848
6/2/2020 5:35,77.596,65.725
6/2/2020 7:35,78.076,65.285
6/2/2020 9:35,78.076,65.134
6/2/2020 11:35,78.076,64.708
6/2/2020 13:35,78.033,63.608
6/2/2020 15:35,78.033,63.76
6/2/2020 17:35,78.076,64.647
6/2/2020 19:35,78.076,65.194
6/2/2020 21:35,77.464,65.5
6/2/2020 23:35,77.029,66.486
6/3/2020 1:35,76.942,66.598
6/3/2020 3:35,76.942,65.813
6/3/2020 5:35,77.553,65.993
6/3/2020 7:35,77.99,65.095
6/3/2020 9:35,78.033,64.035
6/3/2020 11:35,77.99,64.852
6/3/2020 13:35,77.99,63.543
6/3/2020 15:35,78.076,63.764
6/3/2020 17:35,77.99,63.451
6/3/2020 19:35,77.99,64.365
6/3/2020 21:35,77.378,64.946
6/3/2020 23:35,76.942,64.632
6/4/2020 1:35,76.854,65.291
6/4/2020 3:35,76.854,64.533
6/4/2020 5:35,77.464,64.62
6/4/2020 7:35,77.902,63.87
6/4/2020 9:35,77.99,63.42
6/4/2020 11:35,77.99,63.97
6/4/2020 13:35,77.99,64.791
6/4/2020 15:35,77.99,63.207
6/4/2020 17:35,77.902,64.022
6/4/2020 19:35,77.99,63.665
6/4/2020 21:35,77.335,64.639
6/4/2020 23:35,76.899,64.598
6/5/2020 1:35,76.854,65.079
6/5/2020 3:35,76.854,65.654
6/5/2020 5:35,77.509,65.292
6/5/2020 7:35,77.902,64.996
6/5/2020 9:35,77.902,64.175
6/5/2020 11:35,77.902,64.266
6/5/2020 13:35,77.902,63.473
6/5/2020 15:35,77.859,63.835
6/5/2020 17:35,77.902,62.648
6/5/2020 19:35,77.902,63.779
6/5/2020 21:35,77.247,63.992
6/5/2020 23:35,76.811,64.802
6/6/2020 1:35,76.811,64.043
6/6/2020 3:35,76.768,64.949
6/6/2020 5:35,77.464,63.616
6/6/2020 7:35,77.902,63.29
6/6/2020 9:35,77.902,63.351
6/6/2020 11:35,77.902,64.144
6/6/2020 13:35,77.902,63.748
6/6/2020 15:35,77.902,63.748
6/6/2020 17:35,77.945,64.148
6/6/2020 19:35,77.945,64.514
6/6/2020 21:35,77.335,65.033
6/6/2020 23:35,76.942,66.085
6/7/2020 1:35,76.854,65.684
6/7/2020 3:35,76.854,65.503
6/7/2020 5:35,77.509,64.685
6/7/2020 7:35,77.902,64.753
6/7/2020 9:35,77.945,64.148
6/7/2020 11:35,77.99,64.061
6/7/2020 13:35,77.99,64.213
6/7/2020 15:35,78.033,64.43
6/7/2020 17:35,77.99,65.186
6/7/2020 19:35,78.033,64.43
6/7/2020 21:35,77.378,65.462
6/7/2020 23:35,76.942,65.844
6/8/2020 1:35,76.899,65.718
6/8/2020 3:35,76.899,65.718
6/8/2020 5:35,77.553,66.023
6/8/2020 7:35,77.99,65.338
6/8/2020 9:35,77.99,64.882
6/8/2020 11:35,77.99,64.761
6/8/2020 13:35,77.99,65.277
6/8/2020 15:35,78.033,64.278
6/8/2020 17:35,77.99,65.095
6/8/2020 19:35,77.99,63.97
6/8/2020 21:35,77.335,66.002
6/8/2020 23:35,76.899,66.322
6/9/2020 1:35,76.854,65.986
6/9/2020 3:35,76.811,65.377
6/9/2020 5:35,77.509,65.201
6/9/2020 7:35,77.902,63.9
6/9/2020 9:35,77.945,63.813
6/9/2020 11:35,77.99,64.03
6/9/2020 13:35,77.99,65.125
6/9/2020 15:35,77.99,64.091
6/9/2020 17:35,77.99,64.091
6/9/2020 19:35,78.033,64.278
6/9/2020 21:35,77.378,66.097
6/9/2020 23:35,76.942,65.783
6/10/2020 1:35,76.899,65.567
6/10/2020 3:35,76.854,66.288
6/10/2020 5:35,77.509,64.594
6/10/2020 7:35,77.902,64.266
6/10/2020 9:35,77.945,64.574
6/10/2020 11:35,77.945,64.605
6/10/2020 13:35,77.902,64.509
6/10/2020 15:35,77.727,62.938
6/10/2020 17:35,77.684,63.423
6/10/2020 19:35,77.727,61.528
6/10/2020 21:35,77.16,62.611
6/10/2020 23:35,76.768,63.034
6/11/2020 1:35,76.725,63.456
6/11/2020 3:35,76.725,62.449
6/11/2020 5:35,77.292,62.562
6/11/2020 7:35,77.639,63.388
6/11/2020 9:35,77.684,62.812
6/11/2020 11:35,77.639,61.306
6/11/2020 13:35,77.684,61.248
6/11/2020 15:35,77.684,61.002
6/11/2020 17:35,77.684,61.432
6/11/2020 19:35,77.684,62.567
6/11/2020 21:35,77.16,61.693
6/11/2020 23:35,76.725,63.091
6/12/2020 1:35,76.725,63.274
6/12/2020 3:35,76.681,63.209
6/12/2020 5:35,77.247,63.566
6/12/2020 7:35,77.639,62.349
6/12/2020 9:35,77.639,62.257
6/12/2020 11:35,77.639,62.869
6/12/2020 13:35,77.639,63.022
6/12/2020 15:35,77.727,59.587
6/12/2020 17:35,77.77,59.034
6/12/2020 19:35,77.77,57.979
6/12/2020 21:35,77.247,58.71
6/12/2020 23:35,76.768,57.397
6/13/2020 1:35,76.681,56.705
6/13/2020 3:35,76.681,56.549
6/13/2020 5:35,77.292,55.631
6/13/2020 7:35,77.727,57.477
6/13/2020 9:35,77.77,58.103
6/13/2020 11:35,77.815,57.079
6/13/2020 13:35,77.815,57.516
6/13/2020 15:35,77.859,58.948
6/13/2020 17:35,77.859,58.079
6/13/2020 19:35,77.902,57.523
6/13/2020 21:35,77.292,56.755
6/13/2020 23:35,76.854,56.782
6/14/2020 1:35,76.811,57.121
6/14/2020 3:35,76.768,56.525
6/14/2020 5:35,77.292,56.724
6/14/2020 7:35,77.727,57.103
6/14/2020 9:35,77.815,56.174
6/14/2020 11:35,77.815,56.549
6/14/2020 13:35,77.815,57.329
6/14/2020 15:35,77.859,57.364
6/14/2020 17:35,77.902,58.145
6/14/2020 19:35,77.902,58.456
6/14/2020 21:35,77.292,58.062
6/14/2020 23:35,76.899,57.812
6/15/2020 1:35,76.854,58.46
6/15/2020 3:35,76.854,57.311
6/15/2020 5:35,77.378,57.137
6/15/2020 7:35,77.815,56.861
6/15/2020 9:35,77.902,57.087
6/15/2020 11:35,77.902,58.114
6/15/2020 13:35,77.945,60.717
6/15/2020 15:35,77.945,60.656
6/15/2020 17:35,77.902,60.991
6/15/2020 19:35,77.859,61.878
6/15/2020 21:35,77.335,60.54
6/15/2020 23:35,76.899,60.348
6/16/2020 1:35,76.854,60.436
6/16/2020 3:35,76.854,60.529
6/16/2020 5:35,77.378,59.773
6/16/2020 7:35,77.815,59.006
6/16/2020 9:35,77.859,60.648
6/16/2020 11:35,77.902,62.219
6/16/2020 13:35,77.859,61.724
6/16/2020 15:35,77.902,60.898
6/16/2020 17:35,77.859,61.602
6/16/2020 19:35,77.859,61.479
6/16/2020 21:35,77.292,61.029
6/16/2020 23:35,76.854,60.159
6/17/2020 1:35,76.811,59.6
6/17/2020 3:35,76.811,59.785
6/17/2020 5:35,77.335,60.047
6/17/2020 7:35,77.77,60.239
6/17/2020 9:35,77.815,60.767
6/17/2020 11:35,77.859,60.463
6/17/2020 13:35,77.815,60.274
6/17/2020 15:35,77.815,60.921
6/17/2020 17:35,77.859,60.74
6/17/2020 19:35,77.815,60.367
6/17/2020 21:35,77.292,60.906
6/17/2020 23:35,76.854,61.266
6/18/2020 1:35,76.811,61.477
6/18/2020 3:35,76.811,60.894
6/18/2020 5:35,77.378,60.729
6/18/2020 7:35,77.815,61.997
6/18/2020 9:35,77.815,60.921
6/18/2020 11:35,77.815,62.119
6/18/2020 13:35,77.77,60.825
6/18/2020 15:35,77.859,60.74
6/18/2020 17:35,77.902,60.775
6/18/2020 19:35,77.902,60.775
6/18/2020 21:35,77.335,62.719
6/18/2020 23:35,76.899,63.137
6/19/2020 1:35,76.854,62.033
6/19/2020 3:35,76.854,62.706
6/19/2020 5:35,77.378,63.395
6/19/2020 7:35,78.382,61.741
6/19/2020 9:35,78.033,63.424
6/19/2020 11:35,78.033,63.455
6/19/2020 13:35,78.076,64.404
6/19/2020 15:35,77.815,64.136
6/19/2020 17:35,77.815,63.679
6/19/2020 19:35,77.77,64.102
6/19/2020 21:35,77.203,65.869
6/19/2020 23:35,76.854,66.137
6/20/2020 1:35,76.811,66.163
6/20/2020 3:35,76.768,65.887
6/20/2020 5:35,77.335,65.063
6/20/2020 7:35,77.727,64.949
6/20/2020 9:35,77.77,64.467
6/20/2020 11:35,77.727,65.192
6/20/2020 13:35,77.727,65.222
6/20/2020 15:35,77.77,63.827
6/20/2020 17:35,77.815,64.653
6/20/2020 19:35,77.815,64.653
6/20/2020 21:35,77.247,65.752
6/20/2020 23:35,76.854,65.472
6/21/2020 1:35,76.811,66.284
6/21/2020 3:35,76.811,65.438
6/21/2020 5:35,77.378,66.157
6/21/2020 7:35,77.815,64.714
6/21/2020 9:35,77.815,65.2
6/21/2020 11:35,77.859,64.231
6/21/2020 13:35,77.815,65.594
6/21/2020 15:35,77.859,64.049
6/21/2020 17:35,77.859,64.749
6/21/2020 19:35,77.859,65.598
6/21/2020 21:35,77.292,65.998
6/21/2020 23:35,76.899,65.537
6/22/2020 1:35,76.854,66.258
6/22/2020 3:35,76.811,65.347
6/22/2020 5:35,77.378,65.976
6/22/2020 7:35,77.727,65.283
6/22/2020 9:35,77.727,64.767
6/22/2020 11:35,78.076,63.642
6/22/2020 13:35,77.99,62.35
6/22/2020 15:35,77.727,63.366
6/22/2020 17:35,77.815,64.562
6/22/2020 19:35,77.77,64.71
6/22/2020 21:35,77.292,64.968
6/22/2020 23:35,76.942,64.814
6/23/2020 1:35,76.899,64.051
6/23/2020 3:35,76.899,64.233
6/23/2020 5:35,77.378,65.31
6/23/2020 7:35,77.727,64.888
6/23/2020 9:35,77.77,63.553
6/23/2020 11:35,77.77,64.862
6/23/2020 13:35,77.727,64.706
6/23/2020 15:35,77.815,64.136
6/23/2020 17:35,77.77,64.406
6/23/2020 19:35,77.815,64.775
6/23/2020 21:35,77.292,65.332
6/23/2020 23:35,76.942,65.329
6/24/2020 1:35,76.942,64.571
6/24/2020 3:35,76.942,64.268
6/24/2020 5:35,77.464,65.621
6/24/2020 7:35,77.77,64.497
6/24/2020 9:35,77.815,65.139
6/24/2020 11:35,77.815,64.136
6/24/2020 13:35,77.77,63.583
6/24/2020 15:35,77.815,64.258
6/24/2020 17:35,77.815,62.885
6/24/2020 19:35,77.815,63.74
6/24/2020 21:35,77.292,63.935
6/24/2020 23:35,76.986,65.454
6/25/2020 1:35,76.942,64.237
6/25/2020 3:35,76.942,64.844
6/25/2020 5:35,77.421,65.011
6/25/2020 7:35,77.815,63.557
6/25/2020 9:35,77.815,64.896
6/25/2020 11:35,77.815,63.435
6/25/2020 13:35,77.859,63.469
6/25/2020 15:35,77.902,63.596
6/25/2020 17:35,77.902,64.753
6/25/2020 19:35,77.902,63.199
6/25/2020 21:35,77.378,64.794
6/25/2020 23:35,77.029,65.216
6/26/2020 1:35,76.986,65.727
6/26/2020 3:35,76.986,65.576
6/26/2020 5:35,77.509,65.898
6/26/2020 7:35,77.859,65.113
6/26/2020 9:35,77.902,65.299
6/26/2020 11:35,77.902,64.509
6/26/2020 13:35,78.733,58.433
6/26/2020 15:35,78.208,58.792
6/26/2020 17:35,78.208,58.202
6/26/2020 19:35,78.208,58.699
6/26/2020 21:35,77.378,59.526
6/26/2020 23:35,76.899,60.594
6/27/2020 1:35,76.854,60.344
6/27/2020 3:35,76.811,60.71
6/27/2020 5:35,77.639,60.29
6/27/2020 7:35,78.121,59.714
6/27/2020 9:35,78.165,59.036
6/27/2020 11:35,78.165,58.819
6/27/2020 13:35,78.165,58.757
6/27/2020 15:35,78.165,58.881
6/27/2020 17:35,78.165,59.067
6/27/2020 19:35,78.208,58.544
6/27/2020 21:35,77.378,59.588
6/27/2020 23:35,76.899,60.379
6/28/2020 1:35,76.854,60.959
6/28/2020 3:35,76.854,61.113
6/28/2020 5:35,77.684,60.817
6/28/2020 7:35,78.165,59.656
6/28/2020 9:35,78.165,59.501
6/28/2020 11:35,78.208,59.474
6/28/2020 13:35,78.165,59.036
6/28/2020 15:35,78.208,58.916
6/28/2020 17:35,78.208,59.319
6/28/2020 19:35,78.208,59.071
6/28/2020 21:35,77.378,60.112
6/28/2020 23:35,76.899,61.24
6/29/2020 1:35,76.854,60.621
6/29/2020 3:35,76.811,61.048
6/29/2020 5:35,77.639,60.505
6/29/2020 7:35,78.121,59.342
6/29/2020 9:35,77.684,70.834
6/29/2020 11:35,77.727,72.498
6/29/2020 13:35,77.77,72.887
6/29/2020 15:35,77.77,74.153
6/29/2020 17:35,77.859,75.481
6/29/2020 19:35,77.902,76.158
6/29/2020 21:35,77.292,80.368
6/29/2020 23:35,77.16,81.839
6/30/2020 1:35,77.029,82.506
6/30/2020 3:35,76.942,82.495
6/30/2020 5:35,77.553,79.422
6/30/2020 7:35,77.77,78.64
6/30/2020 9:35,77.815,78.442
6/30/2020 11:35,77.815,78.529
6/30/2020 13:35,77.815,78.818
6/30/2020 15:35,77.815,78.124
6/30/2020 17:35,77.815,78.962
6/30/2020 19:35,77.902,78.568
6/30/2020 21:35,77.16,81.325
6/30/2020 23:35,76.854,82.712
7/1/2020 1:35,76.854,81.774
7/1/2020 3:35,76.811,81.369
7/1/2020 5:35,77.421,77.442
7/1/2020 7:35,77.727,76.576
7/1/2020 9:35,77.77,75.881
7/1/2020 11:35,77.77,76.842
7/1/2020 13:35,77.77,75.793
7/1/2020 15:35,77.815,76.644
7/1/2020 17:35,77.815,76.119
7/1/2020 19:35,77.815,76.614
7/1/2020 21:35,77.203,79.065
7/1/2020 23:35,76.899,80.522
7/2/2020 1:35,76.854,80.116
7/2/2020 3:35,76.811,79.623
7/2/2020 5:35,77.421,76.338
7/2/2020 7:35,77.727,74.735
7/2/2020 9:35,77.77,74.887
7/2/2020 11:35,77.815,74.217
7/2/2020 13:35,77.815,75.038
7/2/2020 15:35,77.815,75.008
7/2/2020 17:35,77.859,74.339
7/2/2020 19:35,77.859,73.78
7/2/2020 21:35,77.247,77.422
7/2/2020 23:35,76.942,78.256
7/3/2020 1:35,76.854,77.725
7/3/2020 3:35,76.811,76.938
7/3/2020 5:35,77.464,75
7/3/2020 7:35,77.727,73.825
7/3/2020 9:35,77.815,72.832
7/3/2020 11:35,77.815,73.628
7/3/2020 13:35,77.815,72.685
7/3/2020 15:35,77.859,72.512
7/3/2020 17:35,77.859,73.368
7/3/2020 19:35,77.902,72.517
7/3/2020 21:35,77.247,75.823
7/3/2020 23:35,76.899,76.221
7/4/2020 1:35,76.854,75.546
7/4/2020 3:35,76.811,75.6
7/4/2020 5:35,77.509,72.534
7/4/2020 7:35,77.815,72.685
7/4/2020 9:35,77.815,71.886
7/4/2020 11:35,77.859,72.009
7/4/2020 13:35,77.859,71.979
7/4/2020 15:35,77.859,71.446
7/4/2020 17:35,77.902,72.28
7/4/2020 19:35,77.902,71.658
7/4/2020 21:35,77.247,73.715
7/4/2020 23:35,76.899,74.645
7/5/2020 1:35,76.811,74.255
7/5/2020 3:35,76.811,74.401
7/5/2020 5:35,77.509,71.972
7/5/2020 7:35,77.815,70.728
7/5/2020 9:35,77.859,71.683
7/5/2020 11:35,77.859,71.505
7/5/2020 13:35,77.902,71.213
7/5/2020 15:35,77.902,70.499
7/5/2020 17:35,77.902,70.618
7/5/2020 19:35,77.902,71.124
7/5/2020 21:35,77.247,72.654
7/5/2020 23:35,76.899,73.853
7/6/2020 1:35,76.854,73.467
7/6/2020 3:35,76.811,73.227
7/6/2020 5:35,77.553,71.74
7/6/2020 7:35,77.859,70.346
7/6/2020 9:35,77.902,69.813
7/6/2020 11:35,78.121,67.074
7/6/2020 13:35,77.99,63.848
7/6/2020 15:35,77.945,63.783
7/6/2020 17:35,77.99,62.748
7/6/2020 19:35,77.99,62.074
7/6/2020 21:35,77.247,62.803
7/6/2020 23:35,76.811,63.495
7/7/2020 1:35,76.811,63.312
7/7/2020 3:35,76.768,63.491
7/7/2020 5:35,77.509,62.888
7/7/2020 7:35,77.945,61.517
7/7/2020 9:35,77.815,61.198
7/7/2020 11:35,78.296,60.656
7/7/2020 13:35,78.208,63.043
7/7/2020 15:35,78.076,66.406
7/7/2020 17:35,78.165,66.082
7/7/2020 19:35,78.165,66.445
7/7/2020 21:35,77.335,67.209
7/7/2020 23:35,76.854,68.183
7/8/2020 1:35,76.811,67.638
7/8/2020 3:35,76.811,68.208
7/8/2020 5:35,77.596,67.535
7/8/2020 7:35,78.121,66.35
7/8/2020 9:35,78.121,66.622
7/8/2020 11:35,78.165,66.988
7/8/2020 13:35,78.121,66.017
7/8/2020 15:35,78.165,66.414
7/8/2020 17:35,78.165,66.112
7/8/2020 19:35,78.165,65.961
7/8/2020 21:35,77.378,67.934
7/8/2020 23:35,76.854,68.542
7/9/2020 1:35,76.811,68.058
7/9/2020 3:35,76.811,68.058
7/9/2020 5:35,77.596,67.053
7/9/2020 7:35,78.121,66.742
7/9/2020 9:35,78.165,66.535
7/9/2020 11:35,78.165,66.747
7/9/2020 13:35,78.165,66.867
7/9/2020 15:35,78.165,66.958
7/9/2020 17:35,78.165,66.656
7/9/2020 19:35,78.165,65.658
7/9/2020 21:35,77.335,66.968
7/9/2020 23:35,76.854,67.793
7/10/2020 1:35,76.811,67.998
7/10/2020 3:35,76.768,67.033
7/10/2020 5:35,77.553,66.898
7/10/2020 7:35,78.076,65.225
7/10/2020 9:35,78.076,66.134
7/10/2020 11:35,78.121,65.168
7/10/2020 13:35,78.121,66.108
7/10/2020 15:35,78.076,65.892
7/10/2020 17:35,78.121,65.714
7/10/2020 19:35,78.121,65.472
7/10/2020 21:35,77.335,66.907
7/10/2020 23:35,76.854,67.673
7/11/2020 1:35,76.768,67.033
7/11/2020 3:35,76.811,66.736
7/11/2020 5:35,77.596,65.906
7/11/2020 7:35,78.076,66.043
7/11/2020 9:35,78.121,64.925
7/11/2020 11:35,78.121,65.381
7/11/2020 13:35,78.121,65.835
7/11/2020 15:35,78.165,65.991
7/11/2020 17:35,78.165,65.87
7/11/2020 19:35,78.121,65.684
7/11/2020 21:35,77.335,66.244
7/11/2020 23:35,76.854,66.831
7/12/2020 1:35,76.811,66.465
7/12/2020 3:35,76.768,67.093
7/12/2020 5:35,77.596,65.785
7/12/2020 7:35,78.076,65.619
7/12/2020 9:35,78.076,64.495
7/12/2020 11:35,78.121,65.229
7/12/2020 13:35,78.076,64.678
7/12/2020 15:35,78.121,64.256
7/12/2020 17:35,78.121,65.107
7/12/2020 19:35,78.121,65.441
7/12/2020 21:35,77.335,65.972
7/12/2020 23:35,76.811,66.887
7/13/2020 1:35,76.768,66.943
7/13/2020 3:35,76.768,66.913
7/13/2020 5:35,77.596,66.45
7/13/2020 7:35,78.076,64.739
7/13/2020 9:35,78.076,65.528
7/13/2020 11:35,78.076,64.951
7/13/2020 13:35,78.121,64.804
7/13/2020 15:35,78.165,64.595
7/13/2020 17:35,78.165,65.324
7/13/2020 19:35,78.165,64.412
7/13/2020 21:35,77.378,65.492
7/13/2020 23:35,76.854,66.831
7/14/2020 1:35,76.811,66.103
7/14/2020 3:35,76.811,66.917
7/14/2020 5:35,77.596,65.361
7/14/2020 7:35,78.121,64.286
7/14/2020 9:35,78.165,65.172
7/14/2020 11:35,78.165,65.385
7/14/2020 13:35,78.121,65.047
7/14/2020 15:35,78.165,64.625
7/14/2020 17:35,78.165,64.899
7/14/2020 19:35,78.165,64.047
7/14/2020 21:35,77.335,65.609
7/14/2020 23:35,76.854,65.593
7/15/2020 1:35,76.768,65.766
7/15/2020 3:35,76.768,65.797
7/15/2020 5:35,77.553,65.66
7/15/2020 7:35,78.033,65.16
7/15/2020 9:35,78.076,64.221
7/15/2020 11:35,78.076,63.49
7/15/2020 13:35,78.076,63.886
7/15/2020 15:35,78.076,65.103
7/15/2020 17:35,78.076,65.194
7/15/2020 19:35,78.033,65.19
7/15/2020 21:35,77.292,66.511
7/15/2020 23:35,76.811,66.344
7/16/2020 1:35,76.768,67.334
7/16/2020 3:35,76.725,67.51
7/16/2020 5:35,77.509,65.777
7/16/2020 7:35,77.99,65.974
7/16/2020 9:35,77.99,65.823
7/16/2020 11:35,77.99,65.095
7/16/2020 13:35,78.033,64.674
7/16/2020 15:35,78.033,64.583
7/16/2020 17:35,78.033,65.221
7/16/2020 19:35,78.033,65.099
7/16/2020 21:35,77.292,66.933
7/16/2020 23:35,76.811,67.097
7/17/2020 1:35,76.768,66.822
7/17/2020 3:35,76.768,67.394
7/17/2020 5:35,77.553,66.748
7/17/2020 7:35,77.99,70.478
7/17/2020 9:35,77.77,73.624
7/17/2020 11:35,77.815,72.891
7/17/2020 13:35,77.815,74.011
7/17/2020 15:35,77.815,74.099
7/17/2020 17:35,77.859,75.043
7/17/2020 19:35,77.859,75.569
7/17/2020 21:35,77.247,78.435
7/17/2020 23:35,76.768,79.676
7/18/2020 1:35,76.725,79.957
7/18/2020 3:35,76.681,78.774
7/18/2020 5:35,77.421,76.803
7/18/2020 7:35,77.815,74.51
7/18/2020 9:35,77.815,74.51
7/18/2020 11:35,77.859,74.779
7/18/2020 13:35,77.945,75.637
7/18/2020 15:35,77.902,74.93
7/18/2020 17:35,77.945,75.403
7/18/2020 19:35,77.99,74.881
7/18/2020 21:35,77.247,77.596
7/18/2020 23:35,76.811,79.652
7/19/2020 1:35,76.725,79.239
7/19/2020 3:35,76.681,79.004
7/19/2020 5:35,77.378,75.341
7/19/2020 7:35,77.77,74.388
7/19/2020 9:35,77.815,74.217
7/19/2020 11:35,77.815,74.305
7/19/2020 13:35,77.815,73.805
7/19/2020 15:35,77.815,73.952
7/19/2020 17:35,77.815,74.862
7/19/2020 19:35,77.859,74.427
7/19/2020 21:35,77.16,77.006
7/19/2020 23:35,76.725,78.894
7/20/2020 1:35,76.681,77.648
7/20/2020 3:35,76.636,78.452
7/20/2020 5:35,77.335,74.575
7/20/2020 7:35,77.727,74.325
7/20/2020 9:35,77.727,73.737
7/20/2020 11:35,77.77,73.565
7/20/2020 13:35,77.727,74.236
7/20/2020 15:35,77.727,74.06
7/20/2020 17:35,77.815,73.776
7/20/2020 19:35,77.77,74.124
7/20/2020 21:35,77.117,76.943
7/20/2020 23:35,76.768,77.658
7/21/2020 1:35,76.725,76.696
7/21/2020 3:35,76.681,76.865
7/21/2020 5:35,77.335,74.839
7/21/2020 7:35,77.684,73.526
7/21/2020 9:35,77.727,73.59
7/21/2020 11:35,77.727,72.616
7/21/2020 13:35,77.77,73.741
7/21/2020 15:35,77.815,73.687
7/21/2020 17:35,77.815,73.923
7/21/2020 19:35,77.815,73.481
7/21/2020 21:35,77.16,76.774
7/21/2020 23:35,76.768,77.02
7/22/2020 1:35,76.681,76.604
7/22/2020 3:35,76.681,76.022
7/22/2020 5:35,77.335,73.106
7/22/2020 7:35,77.684,72.05
7/22/2020 9:35,77.727,72.528
7/22/2020 11:35,77.727,72.764
7/22/2020 13:35,77.77,70.366
7/22/2020 15:35,77.815,68.398
7/22/2020 17:35,77.859,66.596
7/22/2020 19:35,77.859,66.264
7/22/2020 21:35,77.117,67.187
7/22/2020 23:35,76.681,68.135
7/23/2020 1:35,76.636,67.741
7/23/2020 3:35,76.636,67.351
7/23/2020 5:35,77.378,66.248
7/23/2020 7:35,77.815,65.533
7/23/2020 9:35,77.859,66.626
7/23/2020 11:35,77.859,65.628
7/23/2020 13:35,77.902,66.842
7/23/2020 15:35,77.902,66.721
7/23/2020 17:35,77.902,66.238
7/23/2020 19:35,77.945,66.333
7/23/2020 21:35,77.203,67.677
7/23/2020 23:35,76.768,68.982
7/24/2020 1:35,76.725,68.828
7/24/2020 3:35,76.725,68.589
7/24/2020 5:35,77.421,68.539
7/24/2020 7:35,77.859,67.862
7/24/2020 9:35,77.945,67.118
7/24/2020 11:35,77.99,68.055
7/24/2020 13:35,77.99,67.875
7/24/2020 15:35,77.99,67.031
7/24/2020 17:35,77.945,66
7/24/2020 19:35,77.99,66.125
7/24/2020 21:35,77.247,68.011
7/24/2020 23:35,76.768,68.114
7/25/2020 1:35,76.768,67.844
7/25/2020 3:35,76.725,68.08
7/25/2020 5:35,77.464,66.558
7/25/2020 7:35,77.945,66.756
7/25/2020 9:35,77.945,66.725
7/25/2020 11:35,77.99,66.79
7/25/2020 13:35,77.945,66.695
7/25/2020 15:35,77.945,66.635
7/25/2020 17:35,77.99,66.518
7/25/2020 19:35,77.99,66.277
7/25/2020 21:35,77.247,67.441
7/25/2020 23:35,76.811,67.428
7/26/2020 1:35,76.768,67.183
7/26/2020 3:35,76.768,67.153
7/26/2020 5:35,77.464,66.98
7/26/2020 7:35,77.945,66.061
7/26/2020 9:35,77.945,66.212
7/26/2020 11:35,77.99,65.853
7/26/2020 13:35,77.945,65.909
7/26/2020 15:35,77.99,65.883
7/26/2020 17:35,77.99,65.156
7/26/2020 19:35,77.99,65.944
7/26/2020 21:35,77.247,66.296
7/26/2020 23:35,76.768,66.038
7/27/2020 1:35,76.725,65.792
7/27/2020 3:35,76.681,65.879
7/27/2020 5:35,77.464,64.377
7/27/2020 7:35,77.945,64.757
7/27/2020 9:35,77.99,64.091
7/27/2020 11:35,77.945,63.661
7/27/2020 13:35,77.99,62.748
7/27/2020 15:35,77.99,62.288
7/27/2020 17:35,77.99,61.859
7/27/2020 19:35,78.033,61.74
7/27/2020 21:35,77.247,64.174
7/27/2020 23:35,76.768,64.494
7/28/2020 1:35,76.768,66.008
7/28/2020 3:35,76.768,66.641
7/28/2020 5:35,77.509,65.625
7/28/2020 7:35,77.99,65.186
7/28/2020 9:35,77.99,64.882
7/28/2020 11:35,78.033,65.008
7/28/2020 13:35,77.99,64.091
7/28/2020 15:35,78.076,64.039
7/28/2020 17:35,78.033,63.669
7/28/2020 19:35,78.033,63.211
7/28/2020 21:35,77.247,62.864
7/28/2020 23:35,76.811,64.195
7/29/2020 1:35,76.768,65.222
7/29/2020 3:35,76.768,64.616
7/29/2020 5:35,77.509,64.29
7/29/2020 7:35,77.99,64.305
7/29/2020 9:35,72.912,59.6
7/29/2020 11:35,82.798,57.681
7/29/2020 13:35,83.109,35.519
7/29/2020 15:01,,
7/29/2020 15:01,,
7/29/2020 15:01,,
