"Date Time, GMT-06:00","Temp, °F (LGR S/N: 10431393, SEN S/N: 10431393)","RH, % (LGR S/N: 10431393, SEN S/N: 10431393)"
12/16/2019 13:39,67.714,20.609
12/16/2019 13:40,,
12/16/2019 15:39,72.912,15.721
12/16/2019 17:39,72.696,15.156
12/16/2019 19:39,71.661,14.918
12/16/2019 21:39,71.19,15.115
12/16/2019 23:39,70.846,15.455
12/17/2019 1:39,70.803,15.871
12/17/2019 3:39,70.716,16.217
12/17/2019 5:39,70.716,16.634
12/17/2019 7:39,70.587,16.352
12/17/2019 9:39,64.589,21.795
12/17/2019 11:39,64.033,23.367
12/17/2019 13:39,65.102,23.848
12/17/2019 15:39,68.27,23.018
12/17/2019 17:39,61.29,19.438
12/17/2019 19:39,47.109,17.699
12/17/2019 21:39,33.78,17.151
12/17/2019 23:39,23.077,17.208
12/18/2019 1:39,15.071,17.467
12/18/2019 3:39,9.183,17.722
12/18/2019 5:39,4.885,18.084
12/18/2019 7:39,1.861,18.358
12/18/2019 9:39,11.678,45.622
12/18/2019 11:39,14.455,40.372
12/18/2019 13:39,15.377,45.138
12/18/2019 15:39,13.834,55.207
12/18/2019 17:39,12.447,63.71
12/18/2019 19:39,15.132,67.919
12/18/2019 21:39,18.889,71.299
12/18/2019 23:39,18.306,78.983
12/19/2019 1:39,18.831,83.418
12/19/2019 3:39,17.953,85.86
12/19/2019 5:39,15.316,86.172
12/19/2019 7:39,14.824,88.031
12/19/2019 9:39,19.756,89.033
12/19/2019 11:39,26.748,75.005
12/19/2019 13:39,30.632,69.933
12/19/2019 15:39,27.747,74.965
12/19/2019 17:39,24.228,82.029
12/19/2019 19:39,23.902,86.492
12/19/2019 21:39,26.058,86.469
12/19/2019 23:39,26.537,86.261
12/20/2019 1:39,25.417,84.507
12/20/2019 3:39,26.218,82.29
12/20/2019 5:39,25.578,81.316
12/20/2019 7:39,28.425,76.521
12/20/2019 9:39,32.691,71.491
12/20/2019 11:39,35.541,69.73
12/20/2019 13:39,35.733,69.806
12/20/2019 15:39,32.092,76.329
12/20/2019 17:39,22.802,83.001
12/20/2019 19:39,23.243,87.387
12/20/2019 21:39,23.956,88.91
12/20/2019 23:39,19.872,87.643
12/21/2019 1:39,15.559,87.969
12/21/2019 3:39,15.255,88.189
12/21/2019 5:39,17.481,91.519
12/21/2019 7:39,19.699,92.848
12/21/2019 9:39,28.735,87.539
12/21/2019 11:39,35.685,72.669
12/21/2019 13:39,38.606,67.897
12/21/2019 15:39,36.217,76.128
12/21/2019 17:39,36.12,81.902
12/21/2019 19:39,35.928,79.703
12/21/2019 21:39,35.249,78.3
12/21/2019 23:39,33.681,79.711
12/22/2019 1:39,31.842,83.157
12/22/2019 3:39,30.529,85.275
12/22/2019 5:39,29.867,87.772
12/22/2019 7:39,29.406,88.454
12/22/2019 9:39,33.188,83.744
12/22/2019 11:39,37.609,74.839
12/22/2019 13:39,37.656,77.209
12/22/2019 15:39,35.83,83.267
12/22/2019 17:39,34.075,87.808
12/22/2019 19:39,35.976,84.679
12/22/2019 21:39,34.516,84.126
12/22/2019 23:39,31.892,86.8
12/23/2019 1:39,30.682,90.295
12/23/2019 3:39,28.735,89.891
12/23/2019 5:39,26.748,91.362
12/23/2019 7:39,24.717,91.643
12/23/2019 9:39,30.529,92.798
12/23/2019 11:39,37.893,78.304
12/23/2019 13:39,37.225,76.086
12/23/2019 15:39,34.32,81.905
12/23/2019 17:39,30.783,88.972
12/23/2019 19:39,30.936,89.416
12/23/2019 21:39,31.692,90.441
12/23/2019 23:39,32.891,92.119
12/24/2019 1:39,33.879,92.412
12/24/2019 3:39,33.681,92.924
12/24/2019 5:39,32.592,93.788
12/24/2019 7:39,31.44,94.681
12/24/2019 9:39,36.025,90.991
12/24/2019 11:39,40.719,79.423
12/24/2019 13:39,39.643,79.476
12/24/2019 15:39,36.795,85.097
12/24/2019 17:39,32.542,91.428
12/24/2019 19:39,31.692,93.677
12/24/2019 21:39,31.44,96.028
12/24/2019 23:39,30.987,96.484
12/25/2019 1:39,30.58,96.85
12/25/2019 3:39,29.714,96.762
12/25/2019 5:39,30.479,97.334
12/25/2019 7:39,30.733,97.54
12/25/2019 9:39,33.879,97.222
12/25/2019 11:39,36.459,94.221
12/25/2019 13:39,39.36,86.599
12/25/2019 15:39,36.313,88.851
12/25/2019 17:39,32.641,94.111
12/25/2019 19:39,32.193,96.528
12/25/2019 21:39,30.479,95.784
12/25/2019 23:39,29.764,97.15
12/26/2019 1:39,31.692,97.501
12/26/2019 3:39,31.892,97.817
12/26/2019 5:39,31.993,97.976
12/26/2019 7:39,30.987,97.983
12/26/2019 9:39,31.289,98.244
12/26/2019 11:39,33.386,92.438
12/26/2019 13:39,33.681,86.236
12/26/2019 15:39,30.529,86.713
12/26/2019 17:39,28.891,90.7
12/26/2019 19:39,26.058,91.212
12/26/2019 21:39,26.431,90.488
12/26/2019 23:39,26.643,90.763
12/27/2019 1:39,26.431,88.404
12/27/2019 3:39,27.223,89.034
12/27/2019 5:39,27.59,90.315
12/27/2019 7:39,28.216,89.964
12/27/2019 9:39,30.225,87.222
12/27/2019 11:39,34.272,79.602
12/27/2019 13:39,32.891,75.68
12/27/2019 15:39,27.694,84.286
12/27/2019 17:39,23.189,88.799
12/27/2019 19:39,21.911,92.518
12/27/2019 21:39,21.967,93.287
12/27/2019 23:39,23.409,93.792
12/28/2019 1:39,28.164,93.123
12/28/2019 3:39,31.138,87.775
12/28/2019 5:39,32.243,86.999
12/28/2019 7:39,33.287,73.692
12/28/2019 9:39,32.641,94.087
12/28/2019 11:39,33.485,97.113
12/28/2019 13:39,33.584,97.965
12/28/2019 15:39,33.534,98.339
12/28/2019 17:39,33.386,98.814
12/28/2019 19:39,33.633,99.114
12/28/2019 21:39,33.485,99.209
12/28/2019 23:39,33.584,99.414
12/29/2019 1:39,33.78,99.541
12/29/2019 3:39,34.32,99.722
12/29/2019 5:39,34.957,99.824
12/29/2019 7:39,38.084,100
12/29/2019 9:39,39.643,99.906
12/29/2019 11:39,36.891,99.754
12/29/2019 13:39,35.346,98.84
12/29/2019 15:39,33.78,99.019
12/29/2019 17:39,32.243,99.247
12/29/2019 19:39,31.642,99.598
12/29/2019 21:39,30.936,99.413
12/29/2019 23:39,30.276,99.26
12/30/2019 1:39,30.072,99.602
12/30/2019 3:39,30.072,99.438
12/30/2019 5:39,29.867,99.358
12/30/2019 7:39,29.714,99.31
12/30/2019 9:39,32.043,99.874
12/30/2019 11:39,28.425,96.703
12/30/2019 13:39,24.445,93.736
12/30/2019 15:39,21.855,93.649
12/30/2019 17:39,19.006,93.59
12/30/2019 19:39,18.189,93.863
12/30/2019 21:39,17.953,93.85
12/30/2019 23:39,17.895,93.279
12/31/2019 1:39,17.481,92.934
12/31/2019 3:39,18.54,93.378
12/31/2019 5:39,18.774,93.93
12/31/2019 7:39,18.423,93.735
12/31/2019 9:39,17.776,92.084
12/31/2019 11:39,18.423,88.84
12/31/2019 13:39,18.54,87.113
12/31/2019 15:39,17.658,91.119
12/31/2019 17:39,13.08,91.187
12/31/2019 19:39,10.836,90.895
12/31/2019 21:39,11.55,92.097
12/31/2019 23:39,13.584,93.407
1/1/2020 1:39,14.392,92.928
1/1/2020 3:39,18.306,94.978
1/1/2020 5:39,18.831,93.798
1/1/2020 7:39,22.69,94.723
1/1/2020 9:39,28.476,86.529
1/1/2020 11:39,31.44,82.204
1/1/2020 13:39,34.468,82.131
1/1/2020 15:39,33.831,84.701
1/1/2020 17:39,30.884,91.971
1/1/2020 19:39,34.272,91.854
1/1/2020 21:39,32.79,92.963
1/1/2020 23:39,31.642,94.179
1/2/2020 1:39,32.691,94.726
1/2/2020 3:39,27.799,94.654
1/2/2020 5:39,29.457,97.788
1/2/2020 7:39,31.289,97.461
1/2/2020 9:39,35.83,96.852
1/2/2020 11:39,36.025,91.34
1/2/2020 13:39,34.565,87.573
1/2/2020 15:39,31.44,88.767
1/2/2020 17:39,29.867,89.857
1/2/2020 19:39,30.276,91.49
1/2/2020 21:39,30.173,92.282
1/2/2020 23:39,29.662,93.178
1/3/2020 1:39,29.764,93.242
1/3/2020 3:39,29.611,94.137
1/3/2020 5:39,29.764,95.315
1/3/2020 7:39,29.867,95.713
1/3/2020 9:39,31.39,95.083
1/3/2020 11:39,34.957,89.84
1/3/2020 13:39,33.978,87.769
1/3/2020 15:39,32.342,92.578
1/3/2020 17:39,31.39,95.492
1/3/2020 19:39,30.936,94.676
1/3/2020 21:39,27.223,91.481
1/3/2020 23:39,23.243,91.857
1/4/2020 1:39,21.294,90.222
1/4/2020 3:39,20.842,90.924
1/4/2020 5:39,21.238,93.389
1/4/2020 7:39,22.08,92.924
1/4/2020 9:39,25.898,93.071
1/4/2020 11:39,31.491,82.056
1/4/2020 13:39,28.008,80.526
1/4/2020 15:39,25.255,87.3
1/4/2020 17:39,23.463,92.106
1/4/2020 19:39,23.409,90.508
1/4/2020 21:39,23.956,90.878
1/4/2020 23:39,26.589,86.244
1/5/2020 1:39,28.735,83.639
1/5/2020 3:39,28.425,85.267
1/5/2020 5:39,27.381,89.892
1/5/2020 7:39,30.479,92.351
1/5/2020 9:39,36.169,86.524
1/5/2020 11:39,35.055,83.656
1/5/2020 13:39,33.534,79.247
1/5/2020 15:39,31.692,78.022
1/5/2020 17:39,27.118,81.592
1/5/2020 19:39,23.243,83.135
1/5/2020 21:39,19.526,85.638
1/5/2020 23:39,17.541,88.856
1/6/2020 1:39,16.104,88.312
1/6/2020 3:39,17.244,90.153
1/6/2020 5:39,17.004,90.356
1/6/2020 7:39,18.423,91.09
1/6/2020 9:39,27.694,94.063
1/6/2020 11:39,37.179,74.14
1/6/2020 13:39,33.336,79.223
1/6/2020 15:39,34.075,83.167
1/6/2020 17:39,29.662,90.247
1/6/2020 19:39,29.149,93.561
1/6/2020 21:39,28.735,96.158
1/6/2020 23:39,26.483,95.31
1/7/2020 1:39,24.825,95.856
1/7/2020 3:39,20.158,92.087
1/7/2020 5:39,17.541,92.284
1/7/2020 7:39,14.886,90.042
1/7/2020 9:39,22.248,94.371
1/7/2020 11:39,26.537,93.791
1/7/2020 13:39,30.682,85.194
1/7/2020 15:39,22.525,79.698
1/7/2020 17:39,13.771,78.104
1/7/2020 19:39,8.17,80.07
1/7/2020 21:39,5.029,78.774
1/7/2020 23:39,2.239,78.167
1/8/2020 1:39,0.482,79.737
1/8/2020 3:39,-1.817,80.918
1/8/2020 5:39,-4.047,82.79
1/8/2020 7:39,-3.127,84.743
1/8/2020 9:39,4.161,78.515
1/8/2020 11:39,8.307,72.127
1/8/2020 13:39,11.485,71.519
1/8/2020 15:39,13.458,73.738
1/8/2020 17:39,13.708,75.867
1/8/2020 19:39,14.268,74.76
1/8/2020 21:39,16.587,73.489
1/8/2020 23:39,18.889,75.963
1/9/2020 1:39,21.967,78.784
1/9/2020 3:39,23.243,82.405
1/9/2020 5:39,24.825,84.578
1/9/2020 7:39,27.275,85.513
1/9/2020 9:39,31.942,83.041
1/9/2020 11:39,36.313,82.369
1/9/2020 13:39,38.273,83.092
1/9/2020 15:39,33.78,85.817
1/9/2020 17:39,27.903,87.994
1/9/2020 19:39,23.189,88.017
1/9/2020 21:39,19.006,89.261
1/9/2020 23:39,21.519,89.191
1/10/2020 1:39,21.407,89.587
1/10/2020 3:39,20.898,88.859
1/10/2020 5:39,19.929,87.943
1/10/2020 7:39,18.072,87.775
1/10/2020 9:39,19.987,86.095
1/10/2020 11:39,22.192,79.656
1/10/2020 13:39,20.215,75.736
1/10/2020 15:39,15.984,74.864
1/10/2020 17:39,13.332,73.98
1/10/2020 19:39,11.161,82.945
1/10/2020 21:39,9.048,77.181
1/10/2020 23:39,7.072,76.857
1/11/2020 1:39,5.599,75.648
1/11/2020 3:39,5.029,72.251
1/11/2020 5:39,1.71,75.141
1/11/2020 7:39,-1.172,77.239
1/11/2020 9:39,2.836,76.274
1/11/2020 11:39,9.048,75.295
1/11/2020 13:39,14.083,68.994
1/11/2020 15:39,12.191,72.274
1/11/2020 17:39,7.691,77.683
1/11/2020 19:39,5.952,81.535
1/11/2020 21:39,3.133,83.982
1/11/2020 23:39,5.099,85.588
1/12/2020 1:39,6.165,86.403
1/12/2020 3:39,5.243,89.125
1/12/2020 5:39,7.691,84.332
1/12/2020 7:39,9.45,83.223
1/12/2020 9:39,13.834,81.806
1/12/2020 11:39,21.967,70.161
1/12/2020 13:39,22.08,82.126
1/12/2020 15:39,22.858,83.761
1/12/2020 17:39,22.581,93.665
1/12/2020 19:39,21.855,92.223
1/12/2020 21:39,20.955,94.313
1/12/2020 23:39,20.502,94.337
1/13/2020 1:39,17.6,93.608
1/13/2020 3:39,14.268,93.002
1/13/2020 5:39,14.455,93.147
1/13/2020 7:39,18.54,95.688
1/13/2020 9:39,24.445,94.331
1/13/2020 11:39,26.537,86.311
1/13/2020 13:39,26.431,83.737
1/13/2020 15:39,25.632,88.512
1/13/2020 17:39,25.898,92.831
1/13/2020 19:39,26.643,94.118
1/13/2020 21:39,27.642,97.053
1/13/2020 23:39,28.684,97.547
1/14/2020 1:39,30.123,98.342
1/14/2020 3:39,31.289,98.433
1/14/2020 5:39,30.479,97.879
1/14/2020 7:39,30.173,98.067
1/14/2020 9:39,25.363,89.21
1/14/2020 11:39,22.802,86.29
1/14/2020 13:39,22.192,83.121
1/14/2020 15:39,19.699,84.131
1/14/2020 17:39,14.331,87.432
1/14/2020 19:39,13.584,89.613
1/14/2020 21:39,15.922,89.792
1/14/2020 23:39,13.834,89.579
1/15/2020 1:39,12.7,91.317
1/15/2020 3:39,15.255,91.89
1/15/2020 5:39,16.885,90.909
1/15/2020 7:39,19.063,90.422
1/15/2020 9:39,21.182,89.312
1/15/2020 11:39,20.728,85.706
1/15/2020 13:39,21.069,80.25
1/15/2020 15:39,6.933,79.858
1/15/2020 17:39,0.869,83.333
1/15/2020 19:39,-1.817,82.936
1/15/2020 21:39,-3.879,82.766
1/15/2020 23:39,-6.025,81.199
1/16/2020 1:39,-8.36,80.691
1/16/2020 3:39,-9.756,80.172
1/16/2020 5:39,-11.097,79.755
1/16/2020 7:39,-12.078,79.622
1/16/2020 9:39,-7.089,75.559
1/16/2020 11:39,-2.304,66.381
1/16/2020 13:39,0.559,66.746
1/16/2020 15:39,-1.012,70.251
1/16/2020 17:39,-3.795,75.586
1/16/2020 19:39,-3.21,78.236
1/16/2020 21:39,-3.127,79.953
1/16/2020 23:39,-2.222,83.609
1/17/2020 1:39,-0.854,80.57
1/17/2020 3:39,4.015,76.844
1/17/2020 5:39,8.577,75.641
1/17/2020 7:39,10.575,75.583
1/17/2020 9:39,14.083,71.482
1/17/2020 11:39,16.587,73.177
1/17/2020 13:39,16.705,90.121
1/17/2020 15:39,19.468,94.225
1/17/2020 17:39,21.294,95.398
1/17/2020 19:39,22.525,95.731
1/17/2020 21:39,23.409,96.385
1/17/2020 23:39,24.228,96.796
1/18/2020 1:39,25.952,97.045
1/18/2020 3:39,25.792,97.043
1/18/2020 5:39,24.987,96.962
1/18/2020 7:39,16.885,85.075
1/18/2020 9:39,6.375,88.665
1/18/2020 11:39,5.952,87.503
1/18/2020 13:39,6.933,85.992
1/18/2020 15:39,1.405,85.626
1/18/2020 17:39,-1.655,86.255
1/18/2020 19:39,-2.796,86.251
1/18/2020 21:39,-3.293,86.478
1/18/2020 23:39,-3.543,86.533
1/19/2020 1:39,-4.131,86.263
1/19/2020 3:39,-4.985,85.425
1/19/2020 5:39,-3.962,86.288
1/19/2020 7:39,-2.796,86.389
1/19/2020 9:39,-0.063,85.742
1/19/2020 11:39,5.243,81.609
1/19/2020 13:39,7.347,80.6
1/19/2020 15:39,4.597,79.991
1/19/2020 17:39,0.405,84.661
1/19/2020 19:39,0.405,86.392
1/19/2020 21:39,0.405,86.042
1/19/2020 23:39,0.248,86.253
1/20/2020 1:39,0.405,86.462
1/20/2020 3:39,0.637,86.681
1/20/2020 5:39,0.869,87.458
1/20/2020 7:39,-0.378,86.812
1/20/2020 9:39,4.813,86.444
1/20/2020 11:39,11.935,83.49
1/20/2020 13:39,11.161,85.924
1/20/2020 15:39,7.279,86.634
1/20/2020 17:39,0.869,85.548
1/20/2020 19:39,-4.385,85.442
1/20/2020 21:39,-6.732,84.458
1/20/2020 23:39,-6.378,87.439
1/21/2020 1:39,-5.328,86.546
1/21/2020 3:39,-1.493,88.533
1/21/2020 5:39,-2.141,87.383
1/21/2020 7:39,0.405,88.68
1/21/2020 9:39,7.14,88.287
1/21/2020 11:39,12.828,84.635
1/21/2020 13:39,15.071,82.59
1/21/2020 15:39,15.071,81.276
1/21/2020 17:39,13.708,84.27
1/21/2020 19:39,14.207,88.037
1/21/2020 21:39,16.705,89.883
1/21/2020 23:39,21.911,88.519
1/22/2020 1:39,23.353,91.633
1/22/2020 3:39,28.684,96.411
1/22/2020 5:39,31.541,97.999
1/22/2020 7:39,31.791,98.418
1/22/2020 9:39,32.99,98.846
1/22/2020 11:39,33.336,98.759
1/22/2020 13:39,33.287,98.18
1/22/2020 15:39,32.592,98.284
1/22/2020 17:39,32.092,98.868
1/22/2020 19:39,32.043,99.262
1/22/2020 21:39,31.791,99.363
1/22/2020 23:39,31.39,99.345
1/23/2020 1:39,30.884,99.546
1/23/2020 3:39,29.97,99.632
1/23/2020 5:39,29.509,99.721
1/23/2020 7:39,29.046,99.763
1/23/2020 9:39,30.987,100
1/23/2020 11:39,32.691,99.248
1/23/2020 13:39,33.138,94.502
1/23/2020 15:39,33.089,93.276
1/23/2020 17:39,30.276,95.105
1/23/2020 19:39,28.321,95.665
1/23/2020 21:39,27.694,97.014
1/23/2020 23:39,28.112,97.622
1/24/2020 1:39,28.216,98.038
1/24/2020 3:39,28.425,98.306
1/24/2020 5:39,28.839,98.56
1/24/2020 7:39,29.097,98.461
1/24/2020 9:39,29.354,97.133
1/24/2020 11:39,30.58,94.115
1/24/2020 13:39,30.173,94.295
1/24/2020 15:39,29.764,94.714
1/24/2020 17:39,28.112,95.799
1/24/2020 19:39,27.694,96.825
1/24/2020 21:39,27.59,96.477
1/24/2020 23:39,27.747,95.933
1/25/2020 1:39,27.433,96.334
1/25/2020 3:39,27.275,96.002
1/25/2020 5:39,27.381,95.615
1/25/2020 7:39,26.643,94.62
1/25/2020 9:39,29.714,89.316
1/25/2020 11:39,31.892,85.333
1/25/2020 13:39,32.491,82.856
1/25/2020 15:39,30.783,85.765
1/25/2020 17:39,28.476,89.879
1/25/2020 19:39,27.223,91.626
1/25/2020 21:39,26.271,92.067
1/25/2020 23:39,25.898,93.119
1/26/2020 1:39,25.201,93.636
1/26/2020 3:39,24.825,94.056
1/26/2020 5:39,22.858,92.851
1/26/2020 7:39,22.525,93.087
1/26/2020 9:39,25.578,88.48
1/26/2020 11:39,30.276,83.334
1/26/2020 13:39,34.957,78.898
1/26/2020 15:39,30.884,84.714
1/26/2020 17:39,27.747,91.046
1/26/2020 19:39,27.171,94.486
1/26/2020 21:39,27.275,95.86
1/26/2020 23:39,26.906,96.323
1/27/2020 1:39,26.006,95.946
1/27/2020 3:39,25.578,96.304
1/27/2020 5:39,23.956,96.026
1/27/2020 7:39,23.572,96.458
1/27/2020 9:39,24.553,95.955
1/27/2020 11:39,25.471,91.851
1/27/2020 13:39,26.377,87.606
1/27/2020 15:39,24.717,92.077
1/27/2020 17:39,22.302,93.718
1/27/2020 19:39,21.124,94.763
1/27/2020 21:39,20.898,96.71
1/27/2020 23:39,20.044,95.646
1/28/2020 1:39,18.248,94.875
1/28/2020 3:39,17.184,94.337
1/28/2020 5:39,15.741,94.136
1/28/2020 7:39,14.578,93.561
1/28/2020 9:39,16.165,92.733
1/28/2020 11:39,21.407,87.593
1/28/2020 13:39,23.077,83.866
1/28/2020 15:39,20.215,81.427
1/28/2020 17:39,16.225,88.809
1/28/2020 19:39,15.922,89.673
1/28/2020 21:39,15.681,91.225
1/28/2020 23:39,15.681,91.249
1/29/2020 1:39,15.559,91.937
1/29/2020 3:39,15.741,92.035
1/29/2020 5:39,15.922,93.723
1/29/2020 7:39,16.646,94.114
1/29/2020 9:39,20.615,90.218
1/29/2020 11:39,24.553,81.488
1/29/2020 13:39,26.589,75.932
1/29/2020 15:39,23.956,79.266
1/29/2020 17:39,19.296,86.977
1/29/2020 19:39,18.54,88.881
1/29/2020 21:39,17.895,91.154
1/29/2020 23:39,18.129,92.845
1/30/2020 1:39,18.306,93.013
1/30/2020 3:39,16.646,91.913
1/30/2020 5:39,16.646,92.759
1/30/2020 7:39,15.922,93.443
1/30/2020 9:39,20.273,90.12
1/30/2020 11:39,25.147,87.235
1/30/2020 13:39,27.012,84.471
1/30/2020 15:39,25.255,86.805
1/30/2020 17:39,23.518,91.898
1/30/2020 19:39,24.445,94.331
1/30/2020 21:39,25.201,94.779
1/30/2020 23:39,25.578,95.264
1/31/2020 1:39,26.643,95.334
1/31/2020 3:39,25.792,95.534
1/31/2020 5:39,25.309,96.497
1/31/2020 7:39,25.578,96.162
1/31/2020 9:39,28.476,92.152
1/31/2020 11:39,33.039,84.007
1/31/2020 13:39,33.831,81.426
1/31/2020 15:39,32.79,84.383
1/31/2020 17:39,30.682,90.665
1/31/2020 19:39,30.123,94.384
1/31/2020 21:39,29.559,96.453
1/31/2020 23:39,29.764,97.292
2/1/2020 1:39,29.97,97.703
2/1/2020 3:39,29.917,97.506
2/1/2020 5:39,25.632,93.701
2/1/2020 7:39,20.444,93.245
2/1/2020 9:39,31.339,95.508
2/1/2020 11:39,39.877,85.535
2/1/2020 13:39,35.928,78.144
2/1/2020 15:39,33.831,85.136
2/1/2020 17:39,31.087,90.921
2/1/2020 19:39,32.142,91.567
2/1/2020 21:39,31.591,92.907
2/1/2020 23:39,31.791,94.153
2/2/2020 1:39,32.592,95.098
2/2/2020 3:39,30.936,95.998
2/2/2020 5:39,32.742,93.322
2/2/2020 7:39,36.459,88.164
2/2/2020 9:39,39.83,82.64
2/2/2020 11:39,42.109,76.934
2/2/2020 13:39,39.736,80.019
2/2/2020 15:39,36.554,85.656
2/2/2020 17:39,33.435,91.287
2/2/2020 19:39,33.386,91.403
2/2/2020 21:39,29.559,91.63
2/2/2020 23:39,29.046,94.605
2/3/2020 1:39,27.486,93.887
2/3/2020 3:39,24.609,96.199
2/3/2020 5:39,20.215,93.799
2/3/2020 7:39,18.831,93.798
2/3/2020 9:39,30.479,81.694
2/3/2020 11:39,32.592,70.093
2/3/2020 13:39,34.371,67.315
2/3/2020 15:39,30.479,73.797
2/3/2020 17:39,27.381,70.226
2/3/2020 19:39,25.147,65.969
2/3/2020 21:39,22.746,69.258
2/3/2020 23:39,20.728,69.17
2/4/2020 1:39,19.468,70.44
2/4/2020 3:39,16.646,71.096
2/4/2020 5:39,14.455,73.934
2/4/2020 7:39,12.063,74.519
2/4/2020 9:39,15.498,70.152
2/4/2020 11:39,18.774,63.759
2/4/2020 13:39,19.526,64.679
2/4/2020 15:39,19.699,64.234
2/4/2020 17:39,14.392,73.72
2/4/2020 19:39,10.771,78.499
2/4/2020 21:39,8.101,82.505
2/4/2020 23:39,6.863,85.697
2/5/2020 1:39,5.029,86.287
2/5/2020 3:39,4.307,86.042
2/5/2020 5:39,3.576,86.548
2/5/2020 7:39,7.347,88.949
2/5/2020 9:39,17.065,82.585
2/5/2020 11:39,24.174,66.249
2/5/2020 13:39,25.471,60.497
2/5/2020 15:39,23.956,62.271
2/5/2020 17:39,18.657,72.375
2/5/2020 19:39,13.08,82.002
2/5/2020 21:39,11.421,85.334
2/5/2020 23:39,9.583,86.131
2/6/2020 1:39,7.002,84.691
2/6/2020 3:39,7.002,84.164
2/6/2020 5:39,6.445,83.39
2/6/2020 7:39,6.165,83.783
2/6/2020 9:39,18.889,58.371
2/6/2020 11:39,27.064,47.878
2/6/2020 13:39,28.528,49.901
2/6/2020 15:39,28.321,54.304
2/6/2020 17:39,21.799,71.259
2/6/2020 19:39,22.024,75.462
2/6/2020 21:39,21.911,75.968
2/6/2020 23:39,20.842,87.879
2/7/2020 1:39,19.929,89.54
2/7/2020 3:39,20.444,90.41
2/7/2020 5:39,20.502,92.305
2/7/2020 7:39,20.728,93.241
2/7/2020 9:39,25.041,87.837
2/7/2020 11:39,30.376,75.621
2/7/2020 13:39,28.112,78.157
2/7/2020 15:39,24.337,79.981
2/7/2020 17:39,16.104,83.913
2/7/2020 19:39,11.55,85.353
2/7/2020 21:39,9.048,82.536
2/7/2020 23:39,1.099,81.625
2/8/2020 1:39,-3.795,81.812
2/8/2020 3:39,-6.911,81.313
2/8/2020 5:39,-9.287,80.001
2/8/2020 7:39,-9.287,82.986
2/8/2020 9:39,3.576,73.595
2/8/2020 11:39,12.7,63.144
2/8/2020 13:39,13.584,59.449
2/8/2020 15:39,14.207,60.276
2/8/2020 17:39,9.383,66.293
2/8/2020 19:39,5.527,73.73
2/8/2020 21:39,7.072,82.438
2/8/2020 23:39,12.574,82.033
2/9/2020 1:39,14.702,91.619
2/9/2020 3:39,17.6,94.215
2/9/2020 5:39,19.641,94.766
2/9/2020 7:39,21.294,94.366
2/9/2020 9:39,19.411,94.917
2/9/2020 11:39,23.738,85.999
2/9/2020 13:39,28.112,80.23
2/9/2020 15:39,24.825,80.81
2/9/2020 17:39,15.132,84.515
2/9/2020 19:39,3.943,86.06
2/9/2020 21:39,1.328,85.755
2/9/2020 23:39,-2.796,82.304
2/10/2020 1:39,0.714,86.879
2/10/2020 3:39,-0.537,86.162
2/10/2020 5:39,0.869,88.634
2/10/2020 7:39,2.539,88.722
2/10/2020 9:39,12.319,90.016
2/10/2020 11:39,24.01,85.017
2/10/2020 13:39,26.271,80.356
2/10/2020 15:39,25.255,83.53
2/10/2020 17:39,20.615,87.822
2/10/2020 19:39,14.331,89.818
2/10/2020 21:39,10.9,91.882
2/10/2020 23:39,10.245,90.503
2/11/2020 1:39,6.445,87.809
2/11/2020 3:39,18.306,93.951
2/11/2020 5:39,18.189,94.773
2/11/2020 7:39,18.889,93.619
2/11/2020 9:39,27.171,78.3
2/11/2020 11:39,31.44,69.231
2/11/2020 13:39,29.662,64.946
2/11/2020 15:39,24.987,77.77
2/11/2020 17:39,20.158,83.148
2/11/2020 19:39,16.767,90.416
2/11/2020 21:39,18.714,92.154
2/11/2020 23:39,22.802,85.051
2/12/2020 1:39,23.023,84.133
2/12/2020 3:39,25.792,81.878
2/12/2020 5:39,25.147,83.364
2/12/2020 7:39,24.825,86.794
2/12/2020 9:39,30.429,78.965
2/12/2020 11:39,35.2,74.828
2/12/2020 13:39,30.987,74.576
2/12/2020 15:39,22.746,83.345
2/12/2020 17:39,18.306,84.534
2/12/2020 19:39,9.849,77.006
2/12/2020 21:39,0.869,73.142
2/12/2020 23:39,-4.727,73.85
2/13/2020 1:39,-7.089,74.342
2/13/2020 3:39,-7.992,73.301
2/13/2020 5:39,-10.518,72.6
2/13/2020 7:39,-16.985,71.06
2/13/2020 9:39,-10.327,60.212
2/13/2020 11:39,-6.466,59.759
2/13/2020 13:39,-0.774,56.549
2/13/2020 15:39,-7.721,64.331
2/13/2020 17:39,-11.585,67.378
2/13/2020 19:39,-16.985,70.963
2/13/2020 21:39,-19.826,73.112
2/13/2020 23:39,-20.655,74.97
2/14/2020 1:39,-19.476,76.552
2/14/2020 3:39,-20.418,76.172
2/14/2020 5:39,-18.213,78.28
2/14/2020 7:39,-14.208,80.726
2/14/2020 9:39,3.724,63.769
2/14/2020 11:39,9.383,64.464
2/14/2020 13:39,15.62,61.453
2/14/2020 15:39,13.017,67.477
2/14/2020 17:39,10.771,74.999
2/14/2020 19:39,10.9,78.091
2/14/2020 21:39,12.063,79.763
2/14/2020 23:39,14.949,81.061
2/15/2020 1:39,14.455,83.049
2/15/2020 3:39,15.863,84.836
2/15/2020 5:39,19.468,84.298
2/15/2020 7:39,21.407,85.306
2/15/2020 9:39,27.903,80.075
2/15/2020 11:39,37.751,70.465
2/15/2020 13:39,38.179,70.126
2/15/2020 15:39,30.682,80.09
2/15/2020 17:39,25.738,85.602
2/15/2020 19:39,18.889,86.553
2/15/2020 21:39,17.481,90.569
2/15/2020 23:39,18.714,89.987
2/16/2020 1:39,17.658,89.113
2/16/2020 3:39,15.316,91.618
2/16/2020 5:39,17.184,91.805
2/16/2020 7:39,18.189,92.051
2/16/2020 9:39,25.255,75.3
2/16/2020 11:39,31.541,64.357
2/16/2020 13:39,29.714,63.423
2/16/2020 15:39,27.118,71.111
2/16/2020 17:39,24.066,73.318
2/16/2020 19:39,23.409,73.4
2/16/2020 21:39,22.968,79.397
2/16/2020 23:39,23.133,85.568
2/17/2020 1:39,23.572,86.446
2/17/2020 3:39,24.01,90.135
2/17/2020 5:39,25.363,89.014
2/17/2020 7:39,24.066,90.386
2/17/2020 9:39,35.638,73.557
2/17/2020 11:39,38.226,74.478
2/17/2020 13:39,34.957,81.83
2/17/2020 15:39,33.237,91.727
2/17/2020 17:39,32.043,94.433
2/17/2020 19:39,30.123,93.49
2/17/2020 21:39,25.952,94.609
2/17/2020 23:39,24.609,90.562
2/18/2020 1:39,16.826,87.548
2/18/2020 3:39,13.584,89.707
2/18/2020 5:39,13.332,89.859
2/18/2020 7:39,11.03,90.738
2/18/2020 9:39,20.728,77.86
2/18/2020 11:39,22.024,73.239
2/18/2020 13:39,19.006,76.44
2/18/2020 15:39,14.824,77.175
2/18/2020 17:39,8.915,79.205
2/18/2020 19:39,2.388,81.536
2/18/2020 21:39,0.792,82.658
2/18/2020 23:39,-1.332,82.412
2/19/2020 1:39,-4.131,82.119
2/19/2020 3:39,-5.676,80.585
2/19/2020 5:39,-6.821,81.794
2/19/2020 7:39,-4.472,84.829
2/19/2020 9:39,7.898,73.965
2/19/2020 11:39,14.331,62.822
2/19/2020 13:39,15.559,59.554
2/19/2020 15:39,9.115,65.736
2/19/2020 17:39,1.022,71.525
2/19/2020 19:39,-5.071,75.034
2/19/2020 21:39,-9.945,78.069
2/19/2020 23:39,-14.728,76.09
2/20/2020 1:39,-15.896,77.282
2/20/2020 3:39,-18.783,75.682
2/20/2020 5:39,-20.18,75.031
2/20/2020 7:39,-21.136,76.776
2/20/2020 9:39,-3.46,74.006
2/20/2020 11:39,6.094,68.471
2/20/2020 13:39,7.761,66.329
2/20/2020 15:39,7.417,74.691
2/20/2020 17:39,5.74,78.522
2/20/2020 19:39,3.576,82.323
2/20/2020 21:39,2.613,81.879
2/20/2020 23:39,5.527,84.365
2/21/2020 1:39,10.9,87.083
2/21/2020 3:39,14.641,86.995
2/21/2020 5:39,15.559,86.642
2/21/2020 7:39,15.316,88.485
2/21/2020 9:39,23.792,79.373
2/21/2020 11:39,30.987,74.763
2/21/2020 13:39,33.485,78.874
2/21/2020 15:39,33.928,80.605
2/21/2020 17:39,30.276,85.973
2/21/2020 19:39,26.218,91.817
2/21/2020 21:39,26.377,93.575
2/21/2020 23:39,23.738,93.937
2/22/2020 1:39,20.728,94.231
2/22/2020 3:39,19.987,94.867
2/22/2020 5:39,18.54,94.455
2/22/2020 7:39,21.351,95.991
2/22/2020 9:39,30.072,83.103
2/22/2020 11:39,36.505,76.617
2/22/2020 13:39,38.511,75.241
2/22/2020 15:39,37.846,79.784
2/22/2020 17:39,33.633,86.229
2/22/2020 19:39,31.791,91.811
2/22/2020 21:39,31.743,92.636
2/22/2020 23:39,25.898,92.108
2/23/2020 1:39,19.699,91.709
2/23/2020 3:39,19.468,93.402
2/23/2020 5:39,20.158,93.579
2/23/2020 7:39,21.799,93.759
2/23/2020 9:39,38.464,67.352
2/23/2020 11:39,46.706,61.849
2/23/2020 13:39,40.064,68.692
2/23/2020 15:39,35.346,78.1
2/23/2020 17:39,30.58,84.953
2/23/2020 19:39,29.406,88.156
2/23/2020 21:39,24.825,89.523
2/23/2020 23:39,24.499,91.176
2/24/2020 1:39,21.967,92.669
2/24/2020 3:39,18.889,92.677
2/24/2020 5:39,19.296,92.833
2/24/2020 7:39,20.273,94.63
2/24/2020 9:39,32.641,77.4
2/24/2020 11:39,42.57,62.954
2/24/2020 13:39,41.137,59.913
2/24/2020 15:39,37.081,65.026
2/24/2020 17:39,32.691,69.531
2/24/2020 19:39,27.747,77.068
2/24/2020 21:39,24.174,78.959
2/24/2020 23:39,26.112,76.712
2/25/2020 1:39,26.643,74.939
2/25/2020 3:39,25.255,76.686
2/25/2020 5:39,24.066,78.121
2/25/2020 7:39,25.363,80.956
2/25/2020 9:39,36.266,65.392
2/25/2020 11:39,40.532,56.953
2/25/2020 13:39,38.653,48.691
2/25/2020 15:39,35.782,52.624
2/25/2020 17:39,31.44,59.562
2/25/2020 19:39,28.735,72.527
2/25/2020 21:39,27.747,77.669
2/25/2020 23:39,26.325,81.489
2/26/2020 1:39,22.69,85.309
2/26/2020 3:39,20.044,84.673
2/26/2020 5:39,14.824,87.31
2/26/2020 7:39,13.708,83.83
2/26/2020 9:39,19.814,71.008
2/26/2020 11:39,26.325,69.408
2/26/2020 13:39,26.483,64.844
2/26/2020 15:39,23.133,70.958
2/26/2020 17:39,20.158,75.47
2/26/2020 19:39,19.353,81.465
2/26/2020 21:39,20.044,83.979
2/26/2020 23:39,15.193,81.466
2/27/2020 1:39,9.649,84.315
2/27/2020 3:39,11.55,88.58
2/27/2020 5:39,13.143,85.576
2/27/2020 7:39,10.377,88.668
2/27/2020 9:39,20.955,64.253
2/27/2020 11:39,25.632,70.408
2/27/2020 13:39,26.748,60.758
2/27/2020 15:39,19.756,70.843
2/27/2020 17:39,17.004,75.579
2/27/2020 19:39,16.646,79.831
2/27/2020 21:39,16.767,82.569
2/27/2020 23:39,16.945,85.279
2/28/2020 1:39,17.658,86.988
2/28/2020 3:39,17.541,87.384
2/28/2020 5:39,17.244,88.524
2/28/2020 7:39,13.959,89.146
2/28/2020 9:39,24.066,66.918
2/28/2020 11:39,27.486,66.568
2/28/2020 13:39,25.898,58.089
2/28/2020 15:39,20.898,66.042
2/28/2020 17:39,16.826,71.221
2/28/2020 19:39,11.421,78.558
2/28/2020 21:39,8.712,84.715
2/28/2020 23:39,5.67,83.595
2/29/2020 1:39,7.623,87.346
2/29/2020 3:39,12.954,89.52
2/29/2020 5:39,17.244,93.647
2/29/2020 7:39,17.776,93.049
2/29/2020 9:39,28.942,79.04
2/29/2020 11:39,36.698,76.024
2/29/2020 13:39,39.877,72.787
2/29/2020 15:39,37.369,79.566
2/29/2020 17:39,35.006,85.396
2/29/2020 19:39,34.174,88.928
2/29/2020 21:39,36.698,83.406
2/29/2020 23:39,37.13,82.475
3/1/2020 1:39,36.795,83.523
3/1/2020 3:39,35.83,86.197
3/1/2020 5:39,34.468,89.27
3/1/2020 7:39,34.174,95.242
3/1/2020 9:39,43.259,72.422
3/1/2020 11:39,48.137,67.05
3/1/2020 13:39,47.064,63.705
3/1/2020 15:39,38.322,74.732
3/1/2020 17:39,35.055,80.695
3/1/2020 19:39,33.287,85.063
3/1/2020 21:39,30.987,87.579
3/1/2020 23:39,31.491,89.371
3/2/2020 1:39,31.541,86.701
3/2/2020 3:39,30.429,87.25
3/2/2020 5:39,29.304,85.991
3/2/2020 7:39,28.269,86
3/2/2020 9:39,32.99,79.18
3/2/2020 11:39,42.939,60.918
3/2/2020 13:39,42.341,58.28
3/2/2020 15:39,33.978,72.855
3/2/2020 17:39,29.817,83.477
3/2/2020 19:39,28.008,90.669
3/2/2020 21:39,27.955,91.613
3/2/2020 23:39,30.632,90.313
3/3/2020 1:39,32.491,89.812
3/3/2020 3:39,30.376,91.162
3/3/2020 5:39,27.694,92.376
3/3/2020 7:39,31.289,95.188
3/3/2020 9:39,45.354,67.39
3/3/2020 11:39,44.946,69.573
3/3/2020 13:39,48.538,60.066
3/3/2020 15:39,38.179,75.283
3/3/2020 17:39,34.371,77.319
3/3/2020 19:39,28.839,87.653
3/3/2020 21:39,27.59,89.358
3/3/2020 23:39,27.694,92.182
3/4/2020 1:39,24.066,89.072
3/4/2020 3:39,22.248,92.043
3/4/2020 5:39,19.063,89.077
3/4/2020 7:39,21.967,93.714
3/4/2020 9:39,48.36,51.603
3/4/2020 11:39,42.202,55.13
3/4/2020 13:39,44.218,55.98
3/4/2020 15:39,40.764,68.459
3/4/2020 17:39,35.249,81.321
3/4/2020 19:39,35.589,88.825
3/4/2020 21:39,35.443,88.149
3/4/2020 23:39,38.984,76.052
3/5/2020 1:39,38.226,76.661
3/5/2020 3:39,34.761,91.95
3/5/2020 5:39,33.584,95.346
3/5/2020 7:39,34.419,95.134
3/5/2020 9:39,34.957,92.941
3/5/2020 11:39,34.664,89.598
3/5/2020 13:39,32.491,88.691
3/5/2020 15:39,32.79,89.332
3/5/2020 17:39,32.542,88.021
3/5/2020 19:39,32.592,84.867
3/5/2020 21:39,31.743,82.398
3/5/2020 23:39,27.694,87.319
3/6/2020 1:39,24.879,88.503
3/6/2020 3:39,21.238,90.959
3/6/2020 5:39,19.296,91.981
3/6/2020 7:39,20.671,92.355
3/6/2020 9:39,46.751,53.428
3/6/2020 11:39,44.082,57.938
3/6/2020 13:39,37.846,53.912
3/6/2020 15:39,34.468,65.685
3/6/2020 17:39,31.087,74.641
3/6/2020 19:39,28.008,80.217
3/6/2020 21:39,28.735,82.57
3/6/2020 23:39,29.304,81.104
3/7/2020 1:39,31.692,71.515
3/7/2020 3:39,32.542,68.72
3/7/2020 5:39,32.293,69.815
3/7/2020 7:39,36.025,65.872
3/7/2020 9:39,46.616,52.008
3/7/2020 11:39,46.481,57.856
3/7/2020 13:39,47.959,61.269
3/7/2020 15:39,49.338,63.433
3/7/2020 17:39,46.211,68.327
3/7/2020 19:39,42.341,71.657
3/7/2020 21:39,45.172,56.652
3/7/2020 23:39,43.579,61.44
3/8/2020 1:39,41.925,67.037
3/8/2020 3:39,41.693,68.528
3/8/2020 5:39,41.23,69.957
3/8/2020 7:39,42.064,70.408
3/8/2020 9:39,53.602,57.559
3/8/2020 11:39,54.3,67.159
3/8/2020 13:39,56.642,65.799
3/8/2020 15:39,56.34,72.803
3/8/2020 17:39,51.325,81.081
3/8/2020 19:39,45.896,88.082
3/8/2020 21:39,46.166,82.74
3/8/2020 23:39,41.648,82.926
3/9/2020 1:39,33.237,92.416
3/9/2020 3:39,31.239,94.626
3/9/2020 5:39,30.326,94.945
3/9/2020 7:39,30.682,92.577
3/9/2020 9:39,32.592,87.224
3/9/2020 11:39,33.78,84.925
3/9/2020 13:39,34.371,84.414
3/9/2020 15:39,34.174,85.59
3/9/2020 17:39,32.891,87.492
3/9/2020 19:39,31.289,86.918
3/9/2020 21:39,29.559,88.153
3/9/2020 23:39,27.799,91.322
3/10/2020 1:39,26.112,90.002
3/10/2020 3:39,24.174,89.722
3/10/2020 5:39,22.302,92.028
3/10/2020 7:39,24.933,93.452
3/10/2020 9:39,46.616,46.393
3/10/2020 11:39,40.858,64.64
3/10/2020 13:39,41.23,65.244
3/10/2020 15:39,40.998,70.542
3/10/2020 17:39,32.94,90.893
3/10/2020 19:39,32.243,95.575
3/10/2020 21:39,32.193,96.72
3/10/2020 23:39,32.142,97.238
3/11/2020 1:39,32.142,97.714
3/11/2020 3:39,32.043,98.031
3/11/2020 5:39,31.993,98.308
3/11/2020 7:39,32.293,98.545
3/11/2020 9:39,34.075,98.781
3/11/2020 11:39,36.698,94.796
3/11/2020 13:39,42.064,90.345
3/11/2020 15:39,43.075,91.224
3/11/2020 17:39,42.663,88.797
3/11/2020 19:39,37.846,93.689
3/11/2020 21:39,37.274,94.441
3/11/2020 23:39,37.989,92.298
3/12/2020 1:39,37.225,93.499
3/12/2020 3:39,38.7,96.42
3/12/2020 5:39,40.345,96.378
3/12/2020 7:39,41.369,98.197
3/12/2020 9:39,51.678,78.619
3/12/2020 11:39,40.672,92.539
3/12/2020 13:39,42.156,85.086
3/12/2020 15:39,40.764,82.76
3/12/2020 17:39,36.651,73.971
3/12/2020 19:39,32.293,85.793
3/12/2020 21:39,30.884,77.503
3/12/2020 23:39,28.839,85.525
3/13/2020 1:39,28.06,87.221
3/13/2020 3:39,26.271,89.536
3/13/2020 5:39,26.906,84.91
3/13/2020 7:39,28.839,77.358
3/13/2020 9:39,40.579,54.08
3/13/2020 11:39,37.893,66.09
3/13/2020 13:39,36.891,62.407
3/13/2020 15:39,35.541,66.659
3/13/2020 17:39,31.842,71.451
3/13/2020 19:39,28.942,79.43
3/13/2020 21:39,28.06,79.319
3/13/2020 23:39,27.275,76.382
3/14/2020 1:39,25.417,76.732
3/14/2020 3:39,24.825,75.642
3/14/2020 5:39,24.337,75.034
3/14/2020 7:39,25.363,76.125
3/14/2020 9:39,29.046,70.22
3/14/2020 11:39,30.276,70.03
3/14/2020 13:39,33.78,61.683
3/14/2020 15:39,31.339,70.392
3/14/2020 17:39,29.714,70.267
3/14/2020 19:39,25.471,77.778
3/14/2020 21:39,24.553,79.342
3/14/2020 23:39,24.337,80.824
3/15/2020 1:39,21.799,83.943
3/15/2020 3:39,20.102,87.188
3/15/2020 5:39,19.296,89.4
3/15/2020 7:39,26.96,84.842
3/15/2020 9:39,45.127,50.055
3/15/2020 11:39,40.438,57.207
3/15/2020 13:39,41.09,57.265
3/15/2020 15:39,38.984,61.667
3/15/2020 17:39,35.976,69.502
3/15/2020 19:39,33.485,78.189
3/15/2020 21:39,32.79,82.147
3/15/2020 23:39,31.993,83.97
3/16/2020 1:39,32.043,85.708
3/16/2020 3:39,31.993,88.969
3/16/2020 5:39,31.44,92.836
3/16/2020 7:39,32.043,93.51
3/16/2020 9:39,34.957,90.439
3/16/2020 11:39,38.322,84.164
3/16/2020 13:39,38.368,84.972
3/16/2020 15:39,38.606,83.76
3/16/2020 17:39,35.541,88.213
3/16/2020 19:39,31.892,83.701
3/16/2020 21:39,28.787,80.316
3/16/2020 23:39,25.471,86.064
3/17/2020 1:39,29.149,86.622
3/17/2020 3:39,29.867,83.357
3/17/2020 5:39,30.072,76.772
3/17/2020 7:39,32.841,75.301
3/17/2020 9:39,53.515,41.29
3/17/2020 11:39,46.974,51.615
3/17/2020 13:39,45.896,53.448
3/17/2020 15:39,43.214,58.912
3/17/2020 17:39,39.454,68.237
3/17/2020 19:39,36.505,80.038
3/17/2020 21:39,35.2,85.448
3/17/2020 23:39,35.638,85.711
3/18/2020 1:39,36.361,82.896
3/18/2020 3:39,35.733,91.447
3/18/2020 5:39,35.298,94.975
3/18/2020 7:39,36.361,96.595
3/18/2020 9:39,42.433,94.868
3/18/2020 11:39,44.445,88.761
3/18/2020 13:39,44.991,84.517
3/18/2020 15:39,44.263,86.2
3/18/2020 17:39,41.693,89.937
3/18/2020 19:39,40.017,93.093
3/18/2020 21:39,38.653,94.648
3/18/2020 23:39,37.893,96.686
3/19/2020 1:39,37.465,97.444
3/19/2020 3:39,37.56,98.447
3/19/2020 5:39,37.225,98.659
3/19/2020 7:39,38.606,99.309
3/19/2020 9:39,38.795,99.195
3/19/2020 11:39,39.924,99.109
3/19/2020 13:39,38.368,99.272
3/19/2020 15:39,37.751,99.318
3/19/2020 17:39,34.468,99.082
3/19/2020 19:39,32.841,99.39
3/19/2020 21:39,32.891,99.822
3/19/2020 23:39,31.44,98.031
3/20/2020 1:39,29.251,92.826
3/20/2020 3:39,26.058,87.981
3/20/2020 5:39,21.744,84.035
3/20/2020 7:39,22.746,79.19
3/20/2020 9:39,32.193,63.276
3/20/2020 11:39,30.58,71.283
3/20/2020 13:39,32.392,69.69
3/20/2020 15:39,31.642,69.717
3/20/2020 17:39,29.046,69.624
3/20/2020 19:39,26.006,79.242
3/20/2020 21:39,23.572,83.205
3/20/2020 23:39,21.011,87.366
3/21/2020 1:39,20.502,90.057
3/21/2020 3:39,19.814,90.676
3/21/2020 5:39,20.557,87.472
3/21/2020 7:39,27.381,79.311
3/21/2020 9:39,40.998,57.694
3/21/2020 11:39,40.298,59.893
3/21/2020 13:39,38.131,62.071
3/21/2020 15:39,35.346,69.406
3/21/2020 17:39,33.287,76.604
3/21/2020 19:39,30.884,87.439
3/21/2020 21:39,30.834,90.835
3/21/2020 23:39,30.632,90.263
3/22/2020 1:39,30.884,85.399
3/22/2020 3:39,30.429,84.983
3/22/2020 5:39,30.376,84.214
3/22/2020 7:39,32.592,80.748
3/22/2020 9:39,50.356,57.04
3/22/2020 11:39,44.355,62.234
3/22/2020 13:39,44.263,63.749
3/22/2020 15:39,42.294,70.738
3/22/2020 17:39,38.464,76.34
3/22/2020 19:39,35.443,82.828
3/22/2020 21:39,34.664,86.827
3/22/2020 23:39,33.138,91.589
3/23/2020 1:39,32.193,95.182
3/23/2020 3:39,31.993,95.97
3/23/2020 5:39,32.142,96.52
3/23/2020 7:39,32.641,97.34
3/23/2020 9:39,36.169,95.692
3/23/2020 11:39,40.251,96.021
3/23/2020 13:39,41.74,92.293
3/23/2020 15:39,41.322,88.892
3/23/2020 17:39,40.064,90.769
3/23/2020 19:39,39.078,94.317
3/23/2020 21:39,38.606,96.454
3/23/2020 23:39,38.511,97.412
3/24/2020 1:39,37.798,98.027
3/24/2020 3:39,37.798,98.461
3/24/2020 5:39,37.369,98.586
3/24/2020 7:39,37.942,99.156
3/24/2020 9:39,41.184,98.557
3/24/2020 11:39,49.116,80.646
3/24/2020 13:39,46.796,75.495
3/24/2020 15:39,44.173,80.57
3/24/2020 17:39,41.09,86.06
3/24/2020 19:39,39.22,90.548
3/24/2020 21:39,38.842,91.998
3/24/2020 23:39,39.924,93.676
3/25/2020 1:39,40.579,94.987
3/25/2020 3:39,41.322,97.775
3/25/2020 5:39,41.787,98.359
3/25/2020 7:39,42.064,98.67
3/25/2020 9:39,45.262,99.39
3/25/2020 11:39,44.901,99.065
3/25/2020 13:39,44.901,98.33
3/25/2020 15:39,43.624,98.646
3/25/2020 17:39,40.485,98.883
3/25/2020 19:39,37.798,98.989
3/25/2020 21:39,36.651,99.286
3/25/2020 23:39,35.976,99.608
3/26/2020 1:39,35.733,99.712
3/26/2020 3:39,33.287,99.65
3/26/2020 5:39,31.993,99.725
3/26/2020 7:39,33.584,99.934
3/26/2020 9:39,51.984,100
3/26/2020 11:39,74.943,60.882
3/26/2020 13:39,75.333,55.691
3/26/2020 15:39,75.333,53.625
3/26/2020 17:39,75.333,52.429
3/26/2020 19:39,75.333,52.146
3/26/2020 21:39,75.376,51.77
3/26/2020 23:39,75.376,51.454
3/27/2020 1:39,75.247,51.476
3/27/2020 3:39,75.16,50.836
3/27/2020 5:39,75.16,50.995
3/27/2020 7:39,75.16,51.406
3/27/2020 9:39,75.376,52.054
3/27/2020 11:39,75.463,53.981
3/27/2020 13:39,75.463,65.068
3/27/2020 15:39,75.551,66.042
3/27/2020 17:39,75.508,66.91
3/27/2020 19:39,75.551,66.764
3/27/2020 21:39,75.551,66.944
3/27/2020 23:39,75.551,67.514
3/28/2020 1:39,75.508,67.33
3/28/2020 3:39,75.463,66.936
3/28/2020 5:39,75.463,66.846
3/28/2020 7:39,75.463,66.665
3/28/2020 9:39,75.508,67.09
3/28/2020 11:39,75.551,67.124
3/28/2020 13:39,75.551,66.944
3/28/2020 15:39,75.551,67.244
3/28/2020 17:39,75.594,67.429
3/28/2020 19:39,75.594,67.399
3/28/2020 21:39,75.594,67.129
3/28/2020 23:39,75.594,67.518
3/29/2020 1:39,75.508,67.27
3/29/2020 3:39,75.463,66.485
3/29/2020 5:39,75.42,66.029
3/29/2020 7:39,75.42,66.27
3/29/2020 9:39,75.463,66.725
3/29/2020 11:39,75.42,66.631
3/29/2020 13:39,75.42,67.412
3/29/2020 15:39,75.463,66.515
3/29/2020 17:39,75.508,67.03
3/29/2020 19:39,75.463,66.515
3/29/2020 21:39,75.42,66.391
3/29/2020 23:39,75.463,66.786
3/30/2020 1:39,75.463,66.274
3/30/2020 3:39,75.42,65.638
3/30/2020 5:39,75.42,65.426
3/30/2020 7:39,75.42,65.094
3/30/2020 9:39,75.463,65.249
3/30/2020 11:39,75.42,65.607
3/30/2020 13:39,75.376,64
3/30/2020 15:39,75.376,64.909
3/30/2020 17:39,75.376,65.181
3/30/2020 19:39,75.376,65.483
3/30/2020 21:39,75.42,65.215
3/30/2020 23:39,75.42,64.761
3/31/2020 1:39,75.376,65.181
3/31/2020 3:39,75.333,64.481
3/31/2020 5:39,75.333,64.239
3/31/2020 7:39,75.333,64.208
3/31/2020 9:39,75.376,64.848
3/31/2020 11:39,75.376,65.15
3/31/2020 13:39,75.42,64.852
3/31/2020 15:39,75.463,65.098
3/31/2020 17:39,75.42,64.882
3/31/2020 19:39,75.42,64.882
3/31/2020 21:39,75.42,64.731
3/31/2020 23:39,75.376,65.452
4/1/2020 1:39,75.376,64.848
4/1/2020 3:39,75.333,64.511
4/1/2020 5:39,75.333,64.299
4/1/2020 7:39,75.333,64.663
4/1/2020 9:39,75.42,64.489
4/1/2020 11:39,75.376,64.576
4/1/2020 13:39,75.42,65.185
4/1/2020 15:39,75.463,65.521
4/1/2020 17:39,75.463,64.917
4/1/2020 19:39,75.463,65.008
4/1/2020 21:39,75.463,65.219
4/1/2020 23:39,75.463,65.732
4/2/2020 1:39,75.376,65.09
4/2/2020 3:39,75.333,64.814
4/2/2020 5:39,75.333,64.753
4/2/2020 7:39,75.333,64.905
4/2/2020 9:39,75.42,64.852
4/2/2020 11:39,75.463,65.068
4/2/2020 13:39,75.463,65.43
4/2/2020 15:39,75.508,65.917
4/2/2020 17:39,75.551,65.106
4/2/2020 19:39,75.508,65.706
4/2/2020 21:39,75.508,65.917
4/2/2020 23:39,75.463,65.4
4/3/2020 1:39,75.42,65.607
4/3/2020 3:39,75.333,65.086
4/3/2020 5:39,75.333,64.784
4/3/2020 7:39,75.333,64.329
4/3/2020 9:39,75.42,64.913
4/3/2020 11:39,75.376,64.485
4/3/2020 13:39,75.376,64.939
4/3/2020 15:39,75.42,65.124
4/3/2020 17:39,75.42,64.792
4/3/2020 19:39,75.42,64.913
4/3/2020 21:39,75.376,65.03
4/3/2020 23:39,75.376,64.667
4/4/2020 1:39,75.376,64.515
4/4/2020 3:39,75.333,64.148
4/4/2020 5:39,75.29,63.992
4/4/2020 7:39,75.29,64.174
4/4/2020 9:39,75.42,64.186
4/4/2020 11:39,75.376,64.818
4/4/2020 13:39,75.376,64.757
4/4/2020 15:39,75.42,64.882
4/4/2020 17:39,75.42,64.731
4/4/2020 19:39,75.42,64.882
4/4/2020 21:39,75.42,64.943
4/4/2020 23:39,75.42,64.882
4/5/2020 1:39,75.42,64.429
4/5/2020 3:39,75.376,64.243
4/5/2020 5:39,75.333,64.148
4/5/2020 7:39,75.376,63.97
4/5/2020 9:39,75.42,64.398
4/5/2020 11:39,75.42,64.519
4/5/2020 13:39,75.42,64.943
4/5/2020 15:39,75.376,64.909
4/5/2020 17:39,75.463,64.645
4/5/2020 19:39,75.42,64.973
4/5/2020 21:39,75.463,65.008
4/5/2020 23:39,75.463,64.917
4/6/2020 1:39,75.42,64.701
4/6/2020 3:39,75.376,64.182
4/6/2020 5:39,75.376,63.909
4/6/2020 7:39,75.376,64.243
4/6/2020 9:39,75.29,68.774
4/6/2020 11:39,75.204,70.726
4/6/2020 13:39,75.204,72.32
4/6/2020 15:39,75.247,72.384
4/6/2020 17:39,75.204,71.642
4/6/2020 19:39,75.333,72.01
4/6/2020 21:39,75.29,71.179
4/6/2020 23:39,75.333,71.302
4/7/2020 1:39,75.376,73.338
4/7/2020 3:39,75.376,71.779
4/7/2020 5:39,75.376,71.631
4/7/2020 7:39,75.376,71.277
4/7/2020 9:39,75.376,70.418
4/7/2020 11:39,75.42,71.133
4/7/2020 13:39,75.42,71.606
4/7/2020 15:39,75.42,70.452
4/7/2020 17:39,75.463,70.99
4/7/2020 19:39,75.508,70.283
4/7/2020 21:39,75.508,69.332
4/7/2020 23:39,75.463,69.328
4/8/2020 1:39,75.376,69.646
4/8/2020 3:39,75.376,69.23
4/8/2020 5:39,75.333,68.181
4/8/2020 7:39,75.376,68.036
4/8/2020 9:39,75.376,68.484
4/8/2020 11:39,75.376,66.477
4/8/2020 13:39,75.376,67.167
4/8/2020 15:39,75.376,67.347
4/8/2020 17:39,75.333,67.013
4/8/2020 19:39,75.29,67.129
4/8/2020 21:39,75.376,67.707
4/8/2020 23:39,75.333,67.673
4/9/2020 1:39,75.376,66.657
4/9/2020 3:39,75.376,66.477
4/9/2020 5:39,75.376,66.236
4/9/2020 7:39,75.42,65.909
4/9/2020 9:39,75.376,66.356
4/9/2020 11:39,75.333,66.713
4/9/2020 13:39,75.376,66.477
4/9/2020 15:39,75.376,65.392
4/9/2020 17:39,75.333,65.69
4/9/2020 19:39,75.29,66.408
4/9/2020 21:39,75.376,65.965
4/9/2020 23:39,75.29,65.685
4/10/2020 1:39,75.376,65.573
4/10/2020 3:39,75.376,64.636
4/10/2020 5:39,75.376,64.515
4/10/2020 7:39,75.376,64.243
4/10/2020 9:39,75.463,64.887
4/10/2020 11:39,75.333,65.358
4/10/2020 13:39,75.376,63.606
4/10/2020 15:39,75.376,65.452
4/10/2020 17:39,75.463,65.461
4/10/2020 19:39,75.463,65.551
4/10/2020 21:39,75.463,65.792
4/10/2020 23:39,75.42,65.849
4/11/2020 1:39,75.508,64.649
4/11/2020 3:39,75.463,64.614
4/11/2020 5:39,75.508,64.618
4/11/2020 7:39,75.508,64.406
4/11/2020 9:39,75.463,64.554
4/11/2020 11:39,75.508,64.588
4/11/2020 13:39,75.508,65.495
4/11/2020 15:39,75.551,65.227
4/11/2020 17:39,75.551,64.501
4/11/2020 19:39,75.463,65.642
4/11/2020 21:39,75.508,64.558
4/11/2020 23:39,75.508,64.709
4/12/2020 1:39,75.551,64.653
4/12/2020 3:39,75.508,64.164
4/12/2020 5:39,75.508,64.134
4/12/2020 7:39,75.551,63.834
4/12/2020 9:39,75.463,64.523
4/12/2020 11:39,75.463,65.37
4/12/2020 13:39,75.551,64.986
4/12/2020 15:39,75.508,65.163
4/12/2020 17:39,75.508,65.314
4/12/2020 19:39,75.551,65.258
4/12/2020 21:39,75.463,65.672
4/12/2020 23:39,75.42,65.668
4/13/2020 1:39,75.463,64.342
4/13/2020 3:39,75.463,64.463
4/13/2020 5:39,75.463,63.856
4/13/2020 7:39,75.463,64.008
4/13/2020 9:39,75.463,64.099
4/13/2020 11:39,75.42,64.368
4/13/2020 13:39,75.42,64.307
4/13/2020 15:39,75.029,72.478
4/13/2020 17:39,75.029,73.154
4/13/2020 19:39,75.074,73.891
4/13/2020 21:39,75.117,75.616
4/13/2020 23:39,75.074,75.437
4/14/2020 1:39,75.247,77.052
4/14/2020 3:39,75.29,76.941
4/14/2020 5:39,75.29,75.81
4/14/2020 7:39,75.29,75.112
4/14/2020 9:39,75.16,73.52
4/14/2020 11:39,75.117,75.267
4/14/2020 13:39,75.117,74.859
4/14/2020 15:39,75.117,75.384
4/14/2020 17:39,75.117,74.246
4/14/2020 19:39,75.117,74.451
4/14/2020 21:39,75.117,74.48
4/14/2020 23:39,75.16,73.754
4/15/2020 1:39,75.29,75.635
4/15/2020 3:39,75.29,75.606
4/15/2020 5:39,75.29,75.112
4/15/2020 7:39,75.29,73.827
4/15/2020 9:39,75.204,72.35
4/15/2020 11:39,75.16,72.021
4/15/2020 13:39,75.16,72.992
4/15/2020 15:39,75.204,72.202
4/15/2020 17:39,75.16,73.256
4/15/2020 19:39,75.117,74.217
4/15/2020 21:39,75.117,73.954
4/15/2020 23:39,75.117,73.574
4/16/2020 1:39,75.333,73.333
4/16/2020 3:39,75.333,73.069
4/16/2020 5:39,75.333,71.567
4/16/2020 7:39,75.376,71.926
4/16/2020 9:39,75.247,70.997
4/16/2020 11:39,75.16,71.874
4/16/2020 13:39,75.16,71.844
4/16/2020 15:39,75.204,71.199
4/16/2020 17:39,75.204,71.908
4/16/2020 19:39,75.29,72.624
4/16/2020 21:39,75.204,71.347
4/16/2020 23:39,75.16,72.198
4/17/2020 1:39,75.376,71.779
4/17/2020 3:39,75.376,71.661
4/17/2020 5:39,75.376,70.121
4/17/2020 7:39,75.42,70.511
4/17/2020 9:39,75.333,71.154
4/17/2020 11:39,75.204,70.726
4/17/2020 13:39,74.986,68.505
4/17/2020 15:39,75.029,71.86
4/17/2020 17:39,75.029,69.343
4/17/2020 19:39,75.029,71.654
4/17/2020 21:39,74.943,71.88
4/17/2020 23:39,75.117,69.144
4/18/2020 1:39,75.247,71.499
4/18/2020 3:39,75.247,70.849
4/18/2020 5:39,75.247,70.375
4/18/2020 7:39,75.29,68.296
4/18/2020 9:39,75.16,71.018
4/18/2020 11:39,75.247,68.143
4/18/2020 13:39,75.247,70.434
4/18/2020 15:39,75.247,71.706
4/18/2020 17:39,75.204,70.697
4/18/2020 19:39,75.117,68.846
4/18/2020 21:39,75.204,70.992
4/18/2020 23:39,75.204,70.667
4/19/2020 1:39,75.247,70.997
4/19/2020 3:39,75.247,67.963
4/19/2020 5:39,75.29,69.608
4/19/2020 7:39,75.29,68.326
4/19/2020 9:39,75.204,68.706
4/19/2020 11:39,75.16,70.366
4/19/2020 13:39,75.204,67.06
4/19/2020 15:39,75.204,70.044
4/19/2020 17:39,75.117,70.51
4/19/2020 19:39,75.117,69.144
4/19/2020 21:39,75.074,69.258
4/19/2020 23:39,75.074,68.215
4/20/2020 1:39,75.29,69.756
4/20/2020 3:39,75.247,68.68
4/20/2020 5:39,75.29,67.009
4/20/2020 7:39,75.29,68.774
4/20/2020 9:39,75.247,66.945
4/20/2020 11:39,75.247,65.983
4/20/2020 13:39,75.247,68.948
4/20/2020 15:39,75.247,68.113
4/20/2020 17:39,75.247,70.256
4/20/2020 19:39,75.117,70.154
4/20/2020 21:39,75.117,70.391
4/20/2020 23:39,75.074,68.901
4/21/2020 1:39,75.29,69.429
4/21/2020 3:39,75.333,66.502
4/21/2020 5:39,75.333,68.33
4/21/2020 7:39,75.333,66.111
4/21/2020 9:39,75.204,68.735
4/21/2020 11:39,75.117,69.144
4/21/2020 13:39,75.117,66.602
4/21/2020 15:39,75.204,69.272
4/21/2020 17:39,75.117,66.842
4/21/2020 19:39,75.204,67.36
4/21/2020 21:39,75.117,68.249
4/21/2020 23:39,75.16,69.654
4/22/2020 1:39,75.333,67.493
4/22/2020 3:39,75.333,66.382
4/22/2020 5:39,75.333,66.111
4/22/2020 7:39,75.376,66.717
4/22/2020 9:39,75.29,69.042
4/22/2020 11:39,75.29,64.083
4/22/2020 13:39,75.204,66.94
4/22/2020 15:39,75.247,64.987
4/22/2020 17:39,75.204,65.315
4/22/2020 19:39,75.204,67.57
4/22/2020 21:39,75.247,65.832
4/22/2020 23:39,75.204,67.54
4/23/2020 1:39,75.204,66.008
4/23/2020 3:39,75.204,65.345
4/23/2020 5:39,75.204,64.166
4/23/2020 7:39,75.204,63.255
4/23/2020 9:39,75.16,66.816
4/23/2020 11:39,75.117,64.582
4/23/2020 13:39,75.117,67.022
4/23/2020 15:39,75.247,65.651
4/23/2020 17:39,75.204,66.55
4/23/2020 19:39,75.204,66.219
4/23/2020 21:39,75.247,67.155
4/23/2020 23:39,75.117,65.819
4/24/2020 1:39,75.247,64.685
4/24/2020 3:39,75.204,63.893
4/24/2020 5:39,75.204,63.559
4/24/2020 7:39,75.247,63.472
4/24/2020 9:39,75.204,64.287
4/24/2020 11:39,72.955,49.026
4/24/2020 13:39,69.085,67.649
4/24/2020 15:39,69.085,66.373
4/24/2020 17:39,69.085,71.411
4/24/2020 19:39,69.042,71.902
4/24/2020 21:39,68.999,69.763
4/24/2020 23:39,69.042,70.354
4/25/2020 1:39,68.913,70.047
4/25/2020 3:39,68.999,73.38
4/25/2020 5:39,68.913,69.137
4/25/2020 7:39,69.042,73.413
4/25/2020 9:39,68.999,69.469
4/25/2020 11:39,69.085,73.447
4/25/2020 13:39,69.042,68.737
4/25/2020 15:39,69.085,71.994
4/25/2020 17:39,69.17,70.103
4/25/2020 19:39,69.042,70.237
4/25/2020 21:39,69.129,74.146
4/25/2020 23:39,68.999,68.733
4/26/2020 1:39,68.913,71.568
4/26/2020 3:39,68.999,73.785
4/26/2020 5:39,68.871,69.896
4/26/2020 7:39,69.042,73.905
4/26/2020 9:39,68.956,70.521
4/26/2020 11:39,69.085,67.974
4/26/2020 13:39,69.042,72.514
4/26/2020 15:39,69.085,68.447
4/26/2020 17:39,69.085,73.447
4/26/2020 19:39,68.999,69.616
4/26/2020 21:39,69.085,73.186
4/26/2020 23:39,68.956,68.345
4/27/2020 1:39,68.913,71.539
4/27/2020 3:39,68.999,69.851
4/27/2020 5:39,68.913,70.867
4/27/2020 7:39,68.999,68.32
4/27/2020 9:39,68.999,73.177
4/27/2020 11:39,68.999,70.993
4/27/2020 13:39,69.129,68.687
4/27/2020 15:39,70.587,61.194
4/27/2020 17:39,76.203,64.563
4/27/2020 19:39,76.203,67.338
4/27/2020 21:39,76.203,66.165
4/27/2020 23:39,76.158,68.143
4/28/2020 1:39,76.246,68.092
4/28/2020 3:39,76.246,67.523
4/28/2020 5:39,76.246,67.403
4/28/2020 7:39,76.289,66.986
4/28/2020 9:39,76.289,65.872
4/28/2020 11:39,76.246,68.122
4/28/2020 13:39,76.289,68.096
4/28/2020 15:39,76.289,67.947
4/28/2020 17:39,76.246,68.72
4/28/2020 19:39,76.246,66.711
4/28/2020 21:39,76.203,69.313
4/28/2020 23:39,76.203,67.068
4/29/2020 1:39,76.158,68.891
4/29/2020 3:39,76.289,66.143
4/29/2020 5:39,76.246,66.651
4/29/2020 7:39,76.246,67.162
4/29/2020 9:39,76.375,71.084
4/29/2020 11:39,76.158,74.389
4/29/2020 13:39,76.158,75.119
4/29/2020 15:39,76.158,73.891
4/29/2020 17:39,76.158,73.48
4/29/2020 19:39,76.203,74.978
4/29/2020 21:39,76.332,75.838
4/29/2020 23:39,76.332,74.027
4/30/2020 1:39,76.332,74.583
4/30/2020 3:39,76.332,74.027
4/30/2020 5:39,76.203,73.925
4/30/2020 7:39,76.203,71.747
4/30/2020 9:39,76.158,73.656
4/30/2020 11:39,76.158,74.008
4/30/2020 13:39,76.158,74.506
4/30/2020 15:39,76.158,72.568
4/30/2020 17:39,76.114,74.326
4/30/2020 19:39,76.203,72.72
4/30/2020 21:39,76.332,71.849
4/30/2020 23:39,76.332,72.498
5/1/2020 1:39,76.332,71.761
5/1/2020 3:39,76.332,71.08
5/1/2020 5:39,76.246,72.666
5/1/2020 7:39,76.203,72.278
5/1/2020 9:39,76.246,72.637
5/1/2020 11:39,76.203,70.562
5/1/2020 13:39,76.246,72.784
5/1/2020 15:39,76.203,72.661
5/1/2020 17:39,76.246,72.283
5/1/2020 19:39,76.246,71.16
5/1/2020 21:39,76.419,73.008
5/1/2020 23:39,76.419,70.941
5/2/2020 1:39,76.419,72.419
5/2/2020 3:39,76.419,70.496
5/2/2020 5:39,76.332,70.1
5/2/2020 7:39,76.246,70.745
5/2/2020 9:39,76.246,71.397
5/2/2020 11:39,76.246,70.893
5/2/2020 13:39,76.246,72.342
5/2/2020 15:39,76.246,69.972
5/2/2020 17:39,76.203,72.19
5/2/2020 19:39,76.246,69.764
5/2/2020 21:39,76.375,70.61
5/2/2020 23:39,76.375,70.936
5/3/2020 1:39,76.419,70.496
5/3/2020 3:39,76.419,68.379
5/3/2020 5:39,76.289,70.274
5/3/2020 7:39,76.203,69.164
5/3/2020 9:39,76.158,69.845
5/3/2020 11:39,76.158,71.831
5/3/2020 13:39,76.203,71.362
5/3/2020 15:39,76.203,68.985
5/3/2020 17:39,76.246,71.633
5/3/2020 19:39,76.246,71.397
5/3/2020 21:39,76.375,71.173
5/3/2020 23:39,76.375,68.554
5/4/2020 1:39,76.375,70.164
5/4/2020 3:39,76.375,67.895
5/4/2020 5:39,76.289,68.336
5/4/2020 7:39,76.246,70.745
5/4/2020 9:39,76.246,68.989
5/4/2020 11:39,76.203,70.681
5/4/2020 13:39,76.203,71.51
5/4/2020 15:39,76.203,71.451
5/4/2020 17:39,76.246,71.456
5/4/2020 19:39,76.158,71.535
5/4/2020 21:39,76.332,71.465
5/4/2020 23:39,76.332,68.34
5/5/2020 1:39,76.332,68.37
5/5/2020 3:39,76.332,70.279
5/5/2020 5:39,76.246,69.853
5/5/2020 7:39,76.203,70.918
5/5/2020 9:39,76.158,70.617
5/5/2020 11:39,76.246,70.656
5/5/2020 13:39,76.158,69.338
5/5/2020 15:39,76.158,68.473
5/5/2020 17:39,76.203,68.238
5/5/2020 19:39,76.246,70.715
5/5/2020 21:39,76.289,70.423
5/5/2020 23:39,76.332,67.831
5/6/2020 1:39,76.332,69.862
5/6/2020 3:39,76.332,68.31
5/6/2020 5:39,76.246,70.151
5/6/2020 7:39,76.158,69.904
5/6/2020 9:39,76.203,71.096
5/6/2020 11:39,76.332,66.99
5/6/2020 13:39,76.246,68.032
5/6/2020 15:39,76.246,69.645
5/6/2020 17:39,76.246,70.774
5/6/2020 19:39,76.246,68.72
5/6/2020 21:39,76.375,70.55
5/6/2020 23:39,76.375,69.867
5/7/2020 1:39,76.375,69.629
5/7/2020 3:39,76.375,69.39
5/7/2020 5:39,76.332,68.49
5/7/2020 7:39,76.246,70.121
5/7/2020 9:39,76.246,70.359
5/7/2020 11:39,76.289,69.888
5/7/2020 13:39,76.289,69.351
5/7/2020 15:39,76.289,69.858
5/7/2020 17:39,76.246,68.72
5/7/2020 19:39,76.246,68.092
5/7/2020 21:39,76.332,69.803
5/7/2020 23:39,76.332,69.147
5/8/2020 1:39,76.332,68.699
5/8/2020 3:39,76.332,68.49
5/8/2020 5:39,76.289,67.827
5/8/2020 7:39,76.246,69.138
5/8/2020 9:39,76.289,69.53
5/8/2020 11:39,76.289,68.336
5/8/2020 13:39,76.289,66.625
5/8/2020 15:39,76.246,67.252
5/8/2020 17:39,76.289,68.665
5/8/2020 19:39,76.203,69.343
5/8/2020 21:39,76.332,67.591
5/8/2020 23:39,76.332,67.051
5/9/2020 1:39,76.332,68.46
5/9/2020 3:39,76.332,66.449
5/9/2020 5:39,76.289,67.527
5/9/2020 7:39,76.203,67.548
5/9/2020 9:39,76.203,69.044
5/9/2020 11:39,76.246,67.343
5/9/2020 13:39,76.246,69.437
5/9/2020 15:39,76.158,69.934
5/9/2020 17:39,76.203,70.176
5/9/2020 19:39,76.246,69.615
5/9/2020 21:39,76.375,67.865
5/9/2020 23:39,76.375,68.255
5/10/2020 1:39,76.332,69.058
5/10/2020 3:39,76.375,68.075
5/10/2020 5:39,76.289,69.471
5/10/2020 7:39,76.203,69.849
5/10/2020 9:39,76.246,67.583
5/10/2020 11:39,76.203,69.641
5/10/2020 13:39,76.203,67.188
5/10/2020 15:39,76.203,69.76
5/10/2020 17:39,76.289,69.292
5/10/2020 19:39,76.203,67.128
5/10/2020 21:39,76.332,68.938
5/10/2020 23:39,76.332,68.37
5/11/2020 1:39,76.332,67.261
5/11/2020 3:39,76.332,66.147
5/11/2020 5:39,76.246,66.741
5/11/2020 7:39,76.289,68.695
5/11/2020 9:39,76.246,68.81
5/11/2020 11:39,76.289,61.798
5/11/2020 13:39,76.246,66.952
5/11/2020 15:39,76.246,66.711
5/11/2020 17:39,76.289,66.836
5/11/2020 19:39,76.246,67.673
5/11/2020 21:39,76.332,66.208
5/11/2020 23:39,76.332,67.111
5/12/2020 1:39,76.332,65.513
5/12/2020 3:39,76.289,66.926
5/12/2020 5:39,76.246,67.523
5/12/2020 7:39,76.289,67.617
5/12/2020 9:39,76.246,66.711
5/12/2020 11:39,76.203,67.038
5/12/2020 13:39,76.246,66.41
5/12/2020 15:39,76.203,67.218
5/12/2020 17:39,76.246,67.703
5/12/2020 19:39,76.203,68.058
5/12/2020 21:39,76.332,66.509
5/12/2020 23:39,76.332,66.539
5/13/2020 1:39,76.332,66.388
5/13/2020 3:39,76.332,66.419
5/13/2020 5:39,76.289,65.6
5/13/2020 7:39,76.246,67.373
5/13/2020 9:39,76.246,66.832
5/13/2020 11:39,76.246,66.44
5/13/2020 13:39,76.419,65.824
5/13/2020 15:39,76.464,66.401
5/13/2020 17:39,76.419,65.673
5/13/2020 19:39,76.464,68.054
5/13/2020 21:39,76.593,66.203
5/13/2020 23:39,76.507,65.983
5/14/2020 1:39,76.507,65.862
5/14/2020 3:39,76.507,66.104
5/14/2020 5:39,76.507,68.028
5/14/2020 7:39,76.507,68.657
5/14/2020 9:39,76.507,66.556
5/14/2020 11:39,76.507,68.088
5/14/2020 13:39,76.55,66.349
5/14/2020 15:39,76.593,67.977
5/14/2020 17:39,76.55,68.452
5/14/2020 19:39,76.593,66.986
5/14/2020 21:39,76.593,66.564
5/14/2020 23:39,76.507,66.375
5/15/2020 1:39,76.507,65.076
5/15/2020 3:39,76.464,66.13
5/15/2020 5:39,76.464,66.762
5/15/2020 7:39,76.464,65.586
5/15/2020 9:39,76.419,66.065
5/15/2020 11:39,76.464,67.574
5/15/2020 13:39,76.375,65.85
5/15/2020 15:39,76.332,67.321
5/15/2020 17:39,76.375,67.865
5/15/2020 19:39,76.375,66.121
5/15/2020 21:39,76.464,67.664
5/15/2020 23:39,76.419,67.39
5/16/2020 1:39,76.419,65.128
5/16/2020 3:39,76.419,66.728
5/16/2020 5:39,76.332,67.711
5/16/2020 7:39,76.289,67.827
5/16/2020 9:39,76.289,65.992
5/16/2020 11:39,76.332,68.25
5/16/2020 13:39,76.332,67.381
5/16/2020 15:39,76.375,68.584
5/16/2020 17:39,76.332,68.4
5/16/2020 19:39,76.332,68.849
5/16/2020 21:39,76.419,68.049
5/16/2020 23:39,76.419,66.306
5/17/2020 1:39,76.419,67.42
5/17/2020 3:39,76.419,65.582
5/17/2020 5:39,76.332,67.561
5/17/2020 7:39,76.332,67.051
5/17/2020 9:39,76.375,67.775
5/17/2020 11:39,76.332,66.358
5/17/2020 13:39,76.332,66.84
5/17/2020 15:39,76.332,67.081
5/17/2020 17:39,76.332,66.509
5/17/2020 19:39,76.332,66.419
5/17/2020 21:39,76.419,66.849
5/17/2020 23:39,76.419,66.758
5/18/2020 1:39,76.375,65.457
5/18/2020 3:39,76.375,66.121
5/18/2020 5:39,76.332,66.75
5/18/2020 7:39,76.289,68.037
5/18/2020 9:39,76.289,67.317
5/18/2020 11:39,76.375,67.385
5/18/2020 13:39,76.332,68.161
5/18/2020 15:39,76.332,67.771
5/18/2020 17:39,76.375,66.151
5/18/2020 19:39,76.375,66.904
5/18/2020 21:39,76.419,66.608
5/18/2020 23:39,76.419,66.728
5/19/2020 1:39,76.375,65.669
5/19/2020 3:39,76.375,64.912
5/19/2020 5:39,76.332,64.908
5/19/2020 7:39,76.289,66.294
5/19/2020 9:39,76.289,65.721
5/19/2020 11:39,76.332,67.651
5/19/2020 13:39,76.332,65.664
5/19/2020 15:39,76.332,66.027
5/19/2020 17:39,76.419,68.319
5/19/2020 19:39,76.419,67.57
5/19/2020 21:39,76.464,67.634
5/19/2020 23:39,76.464,67.244
5/20/2020 1:39,76.419,67.089
5/20/2020 3:39,76.419,66.909
5/20/2020 5:39,76.419,66.849
5/20/2020 7:39,76.332,67.351
5/20/2020 9:39,76.419,66.638
5/20/2020 11:39,76.464,68.024
5/20/2020 13:39,76.419,66.216
5/20/2020 15:39,76.507,65.409
5/20/2020 17:39,76.507,67.548
5/20/2020 19:39,76.507,67.488
5/20/2020 21:39,76.55,67.132
5/20/2020 23:39,76.55,66.379
5/21/2020 1:39,76.55,66.289
5/21/2020 3:39,76.55,66.229
5/21/2020 5:39,76.507,67.188
5/21/2020 7:39,76.55,67.703
5/21/2020 9:39,76.55,65.534
5/21/2020 11:39,76.55,66.379
5/21/2020 13:39,76.55,66.44
5/21/2020 15:39,76.55,66.078
5/21/2020 17:39,76.55,65.897
5/21/2020 19:39,76.55,67.342
5/21/2020 21:39,76.593,67.046
5/21/2020 23:39,76.55,67.523
5/22/2020 1:39,76.55,67.012
5/22/2020 3:39,76.507,66.887
5/22/2020 5:39,76.507,67.068
5/22/2020 7:39,76.507,68.388
5/22/2020 9:39,76.507,67.518
5/22/2020 11:39,76.507,67.308
5/22/2020 13:39,76.464,65.798
5/22/2020 15:39,76.464,65.798
5/22/2020 17:39,76.419,65.975
5/22/2020 19:39,76.464,66.973
5/22/2020 21:39,76.507,67.848
5/22/2020 23:39,76.464,65.888
5/23/2020 1:39,76.464,66.702
5/23/2020 3:39,76.464,67.154
5/23/2020 5:39,76.375,68.434
5/23/2020 7:39,76.419,67.69
5/23/2020 9:39,76.464,68.054
5/23/2020 11:39,76.464,66.341
5/23/2020 13:39,76.464,68.473
5/23/2020 15:39,76.419,69.156
5/23/2020 17:39,76.419,66.939
5/23/2020 19:39,76.419,67.029
5/23/2020 21:39,76.464,67.754
5/23/2020 23:39,76.464,66.009
5/24/2020 1:39,76.464,66.552
5/24/2020 3:39,76.464,67.904
5/24/2020 5:39,76.419,66.969
5/24/2020 7:39,76.419,69.126
5/24/2020 9:39,76.419,66.367
5/24/2020 11:39,76.419,68.648
5/24/2020 13:39,76.419,68.558
5/24/2020 15:39,76.419,67.299
5/24/2020 17:39,76.419,69.484
5/24/2020 19:39,76.419,68.379
5/24/2020 21:39,76.464,66.853
5/24/2020 23:39,76.464,67.544
5/25/2020 1:39,76.464,68.443
5/25/2020 3:39,76.464,68.054
5/25/2020 5:39,76.419,67.96
5/25/2020 7:39,76.419,69.216
5/25/2020 9:39,76.375,67.865
5/25/2020 11:39,76.419,68.678
5/25/2020 13:39,76.419,67.72
5/25/2020 15:39,76.419,69.007
5/25/2020 17:39,76.419,68.558
5/25/2020 19:39,76.419,66.849
5/25/2020 21:39,76.464,69.16
5/25/2020 23:39,76.464,68.443
5/26/2020 1:39,76.419,68.199
5/26/2020 3:39,76.419,68.169
5/26/2020 5:39,76.419,66.337
5/26/2020 7:39,76.419,66.638
5/26/2020 9:39,76.419,68.887
5/26/2020 11:39,76.419,69.544
5/26/2020 13:39,76.419,67.089
5/26/2020 15:39,76.419,67.87
5/26/2020 17:39,76.464,69.548
5/26/2020 19:39,76.464,69.13
5/26/2020 21:39,76.507,67.608
5/26/2020 23:39,76.464,68.174
5/27/2020 1:39,76.464,68.323
5/27/2020 3:39,76.419,67.78
5/27/2020 5:39,76.419,66.999
5/27/2020 7:39,76.419,68.648
5/27/2020 9:39,76.419,69.484
5/27/2020 11:39,76.375,67.265
5/27/2020 13:39,76.375,69.241
5/27/2020 15:39,76.332,66.268
5/27/2020 17:39,76.332,68.968
5/27/2020 19:39,76.332,66.328
5/27/2020 21:39,76.375,68.793
5/27/2020 23:39,76.375,66.242
5/28/2020 1:39,76.332,66.599
5/28/2020 3:39,76.375,67.745
5/28/2020 5:39,76.332,67.891
5/28/2020 7:39,76.289,65.449
5/28/2020 9:39,76.375,67.625
5/28/2020 11:39,76.289,67.707
5/28/2020 13:39,76.332,66.9
5/28/2020 15:39,76.332,67.351
5/28/2020 17:39,76.332,65.936
5/28/2020 19:39,76.332,65.815
5/28/2020 21:39,76.375,65.97
5/28/2020 23:39,76.332,65.544
5/29/2020 1:39,76.332,65.483
5/29/2020 3:39,76.332,64.423
5/29/2020 5:39,76.332,64.18
5/29/2020 7:39,76.332,65.12
5/29/2020 9:39,76.332,66.419
5/29/2020 11:39,76.332,63.907
5/29/2020 13:39,76.289,66.806
5/29/2020 15:39,76.289,66.565
5/29/2020 17:39,76.289,66.234
5/29/2020 19:39,76.289,64.662
5/29/2020 21:39,76.375,64.275
5/29/2020 23:39,76.289,64.601
5/30/2020 1:39,76.332,65.846
5/30/2020 3:39,76.289,65.025
5/30/2020 5:39,76.289,66.505
5/30/2020 7:39,76.246,65.928
5/30/2020 9:39,76.289,64.601
5/30/2020 11:39,76.289,64.934
5/30/2020 13:39,76.289,65.418
5/30/2020 15:39,76.289,63.964
5/30/2020 17:39,76.289,66.173
5/30/2020 19:39,76.246,65.535
5/30/2020 21:39,76.375,64.488
5/30/2020 23:39,76.332,65.029
5/31/2020 1:39,76.332,64.908
5/31/2020 3:39,76.332,64.15
5/31/2020 5:39,76.289,66.264
5/31/2020 7:39,76.289,64.662
5/31/2020 9:39,76.246,64.415
5/31/2020 11:39,76.289,66.294
5/31/2020 13:39,76.289,66.414
5/31/2020 15:39,76.332,66.388
5/31/2020 17:39,76.332,66.96
5/31/2020 19:39,76.332,64.484
5/31/2020 21:39,76.464,64.284
5/31/2020 23:39,76.464,65.858
6/1/2020 1:39,76.419,64.674
6/1/2020 3:39,76.419,64.249
6/1/2020 5:39,76.419,66.427
6/1/2020 7:39,76.419,65.007
6/1/2020 9:39,76.464,65.435
6/1/2020 11:39,76.419,66.879
6/1/2020 13:39,76.507,67.818
6/1/2020 15:39,76.464,69.101
6/1/2020 17:39,76.464,67.604
6/1/2020 19:39,76.464,67.754
6/1/2020 21:39,76.507,68.597
6/1/2020 23:39,76.507,67.698
6/2/2020 1:39,76.464,65.586
6/2/2020 3:39,76.464,67.484
6/2/2020 5:39,76.464,67.904
6/2/2020 7:39,76.464,68.892
6/2/2020 9:39,76.464,68.772
6/2/2020 11:39,76.464,68.413
6/2/2020 13:39,76.419,66.005
6/2/2020 15:39,76.375,65.517
6/2/2020 17:39,76.419,66.818
6/2/2020 19:39,76.464,68.353
6/2/2020 21:39,76.507,67.998
6/2/2020 23:39,76.464,65.949
6/3/2020 1:39,76.464,67.424
6/3/2020 3:39,76.464,66.913
6/3/2020 5:39,76.375,68.674
6/3/2020 7:39,76.419,68.199
6/3/2020 9:39,76.419,66.126
6/3/2020 11:39,76.332,68.25
6/3/2020 13:39,76.375,65.85
6/3/2020 15:39,76.464,65.011
6/3/2020 17:39,76.332,64.817
6/3/2020 19:39,76.332,67.651
6/3/2020 21:39,76.464,66.853
6/3/2020 23:39,76.464,65.828
6/4/2020 1:39,76.419,65.733
6/4/2020 3:39,76.375,65.064
6/4/2020 5:39,76.375,66.363
6/4/2020 7:39,76.332,65.936
6/4/2020 9:39,76.375,65.517
6/4/2020 11:39,76.419,67.179
6/4/2020 13:39,76.375,68.285
6/4/2020 15:39,76.332,64.787
6/4/2020 17:39,76.246,67.192
6/4/2020 19:39,76.332,67.111
6/4/2020 21:39,76.464,65.586
6/4/2020 23:39,76.419,65.944
6/5/2020 1:39,76.419,65.159
6/5/2020 3:39,76.419,64.977
6/5/2020 5:39,76.375,67.175
6/5/2020 7:39,76.332,68.25
6/5/2020 9:39,76.289,66.776
6/5/2020 11:39,76.332,67.471
6/5/2020 13:39,76.332,64.999
6/5/2020 15:39,76.289,67.046
6/5/2020 17:39,76.332,64.484
6/5/2020 19:39,76.289,66.956
6/5/2020 21:39,76.375,66.393
6/5/2020 23:39,76.375,64.367
6/6/2020 1:39,76.375,65.033
6/6/2020 3:39,76.375,64.397
6/6/2020 5:39,76.375,64.245
6/6/2020 7:39,76.332,64.635
6/6/2020 9:39,76.332,65.876
6/6/2020 11:39,76.332,66.96
6/6/2020 13:39,76.289,66.926
6/6/2020 15:39,76.332,66.268
6/6/2020 17:39,76.332,67.861
6/6/2020 19:39,76.289,68.037
6/6/2020 21:39,76.419,67.48
6/6/2020 23:39,76.419,67.089
6/7/2020 1:39,76.419,65.068
6/7/2020 3:39,76.419,67.149
6/7/2020 5:39,76.375,66.363
6/7/2020 7:39,76.332,68.191
6/7/2020 9:39,76.332,66.87
6/7/2020 11:39,76.375,66.543
6/7/2020 13:39,76.375,66.272
6/7/2020 15:39,76.375,67.775
6/7/2020 17:39,76.246,68.272
6/7/2020 19:39,76.375,67.445
6/7/2020 21:39,76.464,67.424
6/7/2020 23:39,76.464,67.093
6/8/2020 1:39,76.419,66.818
6/8/2020 3:39,76.419,66.065
6/8/2020 5:39,76.375,68.704
6/8/2020 7:39,76.375,69.151
6/8/2020 9:39,76.375,67.325
6/8/2020 11:39,76.375,68.075
6/8/2020 13:39,76.332,68.968
6/8/2020 15:39,76.375,65.94
6/8/2020 17:39,76.289,68.993
6/8/2020 19:39,76.332,65.785
6/8/2020 21:39,76.419,68.139
6/8/2020 23:39,76.419,67.54
6/9/2020 1:39,76.419,67.209
6/9/2020 3:39,76.419,66.818
6/9/2020 5:39,76.375,67.655
6/9/2020 7:39,76.332,65.544
6/9/2020 9:39,76.332,65.664
6/9/2020 11:39,76.375,65.759
6/9/2020 13:39,76.375,68.943
6/9/2020 15:39,76.375,67.055
6/9/2020 17:39,76.332,65.906
6/9/2020 19:39,76.375,66.061
6/9/2020 21:39,76.464,67.574
6/9/2020 23:39,76.419,65.431
6/10/2020 1:39,76.419,66.758
6/10/2020 3:39,76.419,66.728
6/10/2020 5:39,76.332,65.634
6/10/2020 7:39,76.332,67.471
6/10/2020 9:39,76.332,68.101
6/10/2020 11:39,76.375,68.015
6/10/2020 13:39,76.289,68.037
6/10/2020 15:39,76.375,65.548
6/10/2020 17:39,76.419,65.159
6/10/2020 19:39,76.375,64.397
6/10/2020 21:39,76.419,63.915
6/10/2020 23:39,76.419,63.489
6/11/2020 1:39,76.375,63.789
6/11/2020 3:39,76.375,63.028
6/11/2020 5:39,76.419,63.763
6/11/2020 7:39,76.332,64.757
6/11/2020 9:39,76.375,65.064
6/11/2020 11:39,76.375,64.336
6/11/2020 13:39,76.419,63.945
6/11/2020 15:39,76.419,64.097
6/11/2020 17:39,76.419,64.492
6/11/2020 19:39,76.375,64.275
6/11/2020 21:39,76.419,62.91
6/11/2020 23:39,76.375,63.455
6/12/2020 1:39,76.375,63.455
6/12/2020 3:39,76.332,63.451
6/12/2020 5:39,76.375,64.67
6/12/2020 7:39,76.419,64.097
6/12/2020 9:39,76.419,65.219
6/12/2020 11:39,76.419,66.005
6/12/2020 13:39,76.375,65.729
6/12/2020 15:39,76.419,61.994
6/12/2020 17:39,76.464,60.464
6/12/2020 19:39,76.419,60.46
6/12/2020 21:39,76.464,59.663
6/12/2020 23:39,76.375,57.675
6/13/2020 1:39,76.332,56.863
6/13/2020 3:39,76.289,56.704
6/13/2020 5:39,76.419,57.461
6/13/2020 7:39,76.419,58.763
6/13/2020 9:39,76.419,59.258
6/13/2020 11:39,76.464,59.909
6/13/2020 13:39,76.507,59.605
6/13/2020 15:39,76.464,60.433
6/13/2020 17:39,76.507,60.314
6/13/2020 19:39,76.507,59.389
6/13/2020 21:39,76.464,57.775
6/13/2020 23:39,76.419,57.337
6/14/2020 1:39,76.419,57.337
6/14/2020 3:39,76.375,56.929
6/14/2020 5:39,76.419,57.306
6/14/2020 7:39,76.419,58.113
6/14/2020 9:39,76.464,59.076
6/14/2020 11:39,76.507,59.142
6/14/2020 13:39,76.507,59.389
6/14/2020 15:39,76.507,59.975
6/14/2020 17:39,76.507,60.898
6/14/2020 19:39,76.507,59.574
6/14/2020 21:39,76.507,59.296
6/14/2020 23:39,76.464,58.488
6/15/2020 1:39,76.419,58.825
6/15/2020 3:39,76.419,57.585
6/15/2020 5:39,76.464,57.589
6/15/2020 7:39,76.464,58.426
6/15/2020 9:39,76.55,58.774
6/15/2020 11:39,76.55,61.423
6/15/2020 13:39,76.55,62.739
6/15/2020 15:39,76.593,63.992
6/15/2020 17:39,76.55,64.201
6/15/2020 19:39,76.507,63.467
6/15/2020 21:39,76.507,62.063
6/15/2020 23:39,76.464,60.986
6/16/2020 1:39,76.419,60.767
6/16/2020 3:39,76.419,60.767
6/16/2020 5:39,76.464,60.31
6/16/2020 7:39,76.464,61.385
6/16/2020 9:39,76.507,62.888
6/16/2020 11:39,76.507,63.375
6/16/2020 13:39,76.507,64.652
6/16/2020 15:39,76.507,63.528
6/16/2020 17:39,76.507,63.193
6/16/2020 19:39,76.507,62.766
6/16/2020 21:39,76.507,62.338
6/16/2020 23:39,76.419,60.613
6/17/2020 1:39,76.419,60.06
6/17/2020 3:39,76.419,60.244
6/17/2020 5:39,76.419,60.89
6/17/2020 7:39,76.464,62.028
6/17/2020 9:39,76.507,63.01
6/17/2020 11:39,76.507,63.801
6/17/2020 13:39,76.464,63.615
6/17/2020 15:39,76.507,62.766
6/17/2020 17:39,76.507,62.827
6/17/2020 19:39,76.464,62.578
6/17/2020 21:39,76.507,61.91
6/17/2020 23:39,76.419,61.596
6/18/2020 1:39,76.419,61.871
6/18/2020 3:39,76.419,61.565
6/18/2020 5:39,76.464,62.945
6/18/2020 7:39,76.507,63.101
6/18/2020 9:39,76.464,64.223
6/18/2020 11:39,76.464,63.31
6/18/2020 13:39,76.464,64.01
6/18/2020 15:39,76.507,63.528
6/18/2020 17:39,76.55,64.292
6/18/2020 19:39,76.55,64.231
6/18/2020 21:39,76.507,63.771
6/18/2020 23:39,76.464,63.645
6/19/2020 1:39,76.464,62.792
6/19/2020 3:39,76.464,63.28
6/19/2020 5:39,76.464,64.192
6/19/2020 7:39,76.593,64.599
6/19/2020 9:39,76.507,65.227
6/19/2020 11:39,76.507,66.977
6/19/2020 13:39,76.507,67.338
6/19/2020 15:39,76.375,66.332
6/19/2020 17:39,76.419,66.939
6/19/2020 19:39,76.419,67.54
6/19/2020 21:39,76.419,67.029
6/19/2020 23:39,76.419,66.698
6/20/2020 1:39,76.419,66.578
6/20/2020 3:39,76.419,66.367
6/20/2020 5:39,76.419,66.367
6/20/2020 7:39,76.375,67.385
6/20/2020 9:39,76.419,67.66
6/20/2020 11:39,76.419,67.57
6/20/2020 13:39,76.375,66.784
6/20/2020 15:39,76.419,67.089
6/20/2020 17:39,76.464,67.634
6/20/2020 19:39,76.419,66.306
6/20/2020 21:39,76.464,66.973
6/20/2020 23:39,76.419,66.065
6/21/2020 1:39,76.419,66.849
6/21/2020 3:39,76.419,66.126
6/21/2020 5:39,76.419,66.909
6/21/2020 7:39,76.419,66.788
6/21/2020 9:39,76.464,68.084
6/21/2020 11:39,76.464,67.003
6/21/2020 13:39,76.464,67.754
6/21/2020 15:39,76.464,67.694
6/21/2020 17:39,76.464,66.793
6/21/2020 19:39,76.464,67.454
6/21/2020 21:39,76.464,67.184
6/21/2020 23:39,76.464,66.311
6/22/2020 1:39,76.419,66.728
6/22/2020 3:39,76.419,65.884
6/22/2020 5:39,76.419,66.578
6/22/2020 7:39,76.375,67.355
6/22/2020 9:39,76.375,66.332
6/22/2020 11:39,76.507,66.737
6/22/2020 13:39,76.507,66.013
6/22/2020 15:39,76.332,65.846
6/22/2020 17:39,76.419,66.276
6/22/2020 19:39,76.419,66.939
6/22/2020 21:39,76.55,66.078
6/22/2020 23:39,76.55,65.504
6/23/2020 1:39,76.55,64.838
6/23/2020 3:39,76.55,64.747
6/23/2020 5:39,76.464,66.823
6/23/2020 7:39,76.419,66.427
6/23/2020 9:39,76.419,66.728
6/23/2020 11:39,76.419,66.698
6/23/2020 13:39,76.419,66.939
6/23/2020 15:39,76.464,66.582
6/23/2020 17:39,76.419,66.578
6/23/2020 19:39,76.464,66.491
6/23/2020 21:39,76.55,66.65
6/23/2020 23:39,76.55,66.138
6/24/2020 1:39,76.55,65.383
6/24/2020 3:39,76.55,65.11
6/24/2020 5:39,76.507,66.616
6/24/2020 7:39,76.419,66.216
6/24/2020 9:39,76.507,66.616
6/24/2020 11:39,76.464,67.003
6/24/2020 13:39,76.419,65.884
6/24/2020 15:39,76.464,65.858
6/24/2020 17:39,76.464,65.828
6/24/2020 19:39,76.464,66.672
6/24/2020 21:39,76.55,65.383
6/24/2020 23:39,76.593,65.991
6/25/2020 1:39,76.55,65.05
6/25/2020 3:39,76.55,65.232
6/25/2020 5:39,76.464,66.069
6/25/2020 7:39,76.507,66.616
6/25/2020 9:39,76.464,66.552
6/25/2020 11:39,76.507,66.586
6/25/2020 13:39,76.55,65.776
6/25/2020 15:39,76.55,66.801
6/25/2020 17:39,76.55,66.319
6/25/2020 19:39,76.507,66.646
6/25/2020 21:39,76.593,65.991
6/25/2020 23:39,76.593,65.871
6/26/2020 1:39,76.593,66.082
6/26/2020 3:39,76.593,66.052
6/26/2020 5:39,76.55,67.162
6/26/2020 7:39,76.507,67.638
6/26/2020 9:39,76.55,67.312
6/26/2020 11:39,76.55,66.379
6/26/2020 13:39,76.636,62.38
6/26/2020 15:39,76.593,61.979
6/26/2020 17:39,76.593,60.998
6/26/2020 19:39,76.55,60.533
6/26/2020 21:39,76.507,60.16
6/26/2020 23:39,76.464,60.71
6/27/2020 1:39,76.419,60.398
6/27/2020 3:39,76.419,61.197
6/27/2020 5:39,76.507,61.787
6/27/2020 7:39,76.55,62.005
6/27/2020 9:39,76.593,61.795
6/27/2020 11:39,76.55,60.809
6/27/2020 13:39,76.55,60.194
6/27/2020 15:39,76.55,60.379
6/27/2020 17:39,76.55,60.779
6/27/2020 19:39,76.593,60.905
6/27/2020 21:39,76.55,60.994
6/27/2020 23:39,76.464,60.525
6/28/2020 1:39,76.464,61.047
6/28/2020 3:39,76.464,60.802
6/28/2020 5:39,76.507,61.389
6/28/2020 7:39,76.55,62.22
6/28/2020 9:39,76.55,62.434
6/28/2020 11:39,76.593,62.437
6/28/2020 13:39,76.55,61.791
6/28/2020 15:39,76.593,61.826
6/28/2020 17:39,76.593,62.193
6/28/2020 19:39,76.593,61.427
6/28/2020 21:39,76.507,60.621
6/28/2020 23:39,76.464,61.293
6/29/2020 1:39,76.464,61.078
6/29/2020 3:39,76.419,60.921
6/29/2020 5:39,76.507,60.959
6/29/2020 7:39,76.55,62.128
6/29/2020 9:39,76.071,75.838
6/29/2020 11:39,76.158,75.003
6/29/2020 13:39,76.158,75.557
6/29/2020 15:39,76.158,76.168
6/29/2020 17:39,76.289,79.677
6/29/2020 19:39,76.289,78.354
6/29/2020 21:39,76.593,82.112
6/29/2020 23:39,76.768,83.551
6/30/2020 1:39,76.636,83.196
6/30/2020 3:39,76.55,83.751
6/30/2020 5:39,76.332,80.941
6/30/2020 7:39,76.203,82.633
6/30/2020 9:39,76.246,81.045
6/30/2020 11:39,76.203,81.496
6/30/2020 13:39,76.203,81.525
6/30/2020 15:39,76.203,81.98
6/30/2020 17:39,76.158,82.344
6/30/2020 19:39,76.203,82.746
6/30/2020 21:39,76.375,84.378
6/30/2020 23:39,76.419,83.056
7/1/2020 1:39,76.419,83.226
7/1/2020 3:39,76.419,82.971
7/1/2020 5:39,76.246,78.81
7/1/2020 7:39,76.203,78.315
7/1/2020 9:39,76.203,79.035
7/1/2020 11:39,76.158,79.948
7/1/2020 13:39,76.203,79.753
7/1/2020 15:39,76.203,78.546
7/1/2020 17:39,76.203,78.229
7/1/2020 19:39,76.203,80.24
7/1/2020 21:39,76.419,82.034
7/1/2020 23:39,76.419,80.266
7/2/2020 1:39,76.419,80.38
7/2/2020 3:39,76.419,80.437
7/2/2020 5:39,76.246,78.868
7/2/2020 7:39,76.203,78.286
7/2/2020 9:39,76.203,76.608
7/2/2020 11:39,76.246,78.32
7/2/2020 13:39,76.203,77.043
7/2/2020 15:39,76.203,77.043
7/2/2020 17:39,76.246,78.983
7/2/2020 19:39,76.246,76.207
7/2/2020 21:39,76.419,78.369
7/2/2020 23:39,76.464,79.008
7/3/2020 1:39,76.464,79.324
7/3/2020 3:39,76.419,77.734
7/3/2020 5:39,76.246,76.236
7/3/2020 7:39,76.158,77.039
7/3/2020 9:39,76.203,74.832
7/3/2020 11:39,76.203,76.318
7/3/2020 13:39,76.203,77.304
7/3/2020 15:39,76.246,76.526
7/3/2020 17:39,76.246,76.961
7/3/2020 19:39,76.246,75.537
7/3/2020 21:39,76.464,76.754
7/3/2020 23:39,76.464,78.172
7/4/2020 1:39,76.419,76.575
7/4/2020 3:39,76.419,77.097
7/4/2020 5:39,76.289,74.491
7/4/2020 7:39,76.203,75.532
7/4/2020 9:39,76.246,76.149
7/4/2020 11:39,76.246,73.225
7/4/2020 13:39,76.289,73.259
7/4/2020 15:39,76.289,74.959
7/4/2020 17:39,76.246,74.779
7/4/2020 19:39,76.246,76.207
7/4/2020 21:39,76.464,75.824
7/4/2020 23:39,76.419,74.417
7/5/2020 1:39,76.419,75.148
7/5/2020 3:39,76.375,74.617
7/5/2020 5:39,76.289,75.163
7/5/2020 7:39,76.246,74.983
7/5/2020 9:39,76.246,75.741
7/5/2020 11:39,76.246,73.078
7/5/2020 13:39,76.246,75.799
7/5/2020 15:39,76.289,74.081
7/5/2020 17:39,76.289,73.112
7/5/2020 19:39,76.289,72.788
7/5/2020 21:39,76.419,73.743
7/5/2020 23:39,76.419,74.798
7/6/2020 1:39,76.419,74.154
7/6/2020 3:39,76.419,74.476
7/6/2020 5:39,76.332,73.646
7/6/2020 7:39,76.289,71.401
7/6/2020 9:39,76.332,74.466
7/6/2020 11:39,76.419,70.288
7/6/2020 13:39,76.419,67.149
7/6/2020 15:39,76.464,63.889
7/6/2020 17:39,76.464,65.193
7/6/2020 19:39,76.464,65.405
7/6/2020 21:39,76.464,64.284
7/6/2020 23:39,76.419,62.361
7/7/2020 1:39,76.419,63.733
7/7/2020 3:39,76.419,63.733
7/7/2020 5:39,76.419,63.793
7/7/2020 7:39,76.464,64.466
7/7/2020 9:39,76.507,64.894
7/7/2020 11:39,76.507,62.552
7/7/2020 13:39,76.55,65.353
7/7/2020 15:39,76.464,66.943
7/7/2020 17:39,76.507,66.827
7/7/2020 19:39,76.507,68.477
7/7/2020 21:39,76.507,68.178
7/7/2020 23:39,76.464,69.13
7/8/2020 1:39,76.464,66.19
7/8/2020 3:39,76.419,67.93
7/8/2020 5:39,76.464,66.371
7/8/2020 7:39,76.507,70.831
7/8/2020 9:39,76.507,66.224
7/8/2020 11:39,76.507,70.059
7/8/2020 13:39,76.507,69.85
7/8/2020 15:39,76.507,66.707
7/8/2020 17:39,76.507,67.398
7/8/2020 19:39,76.507,70.267
7/8/2020 21:39,76.507,70.386
7/8/2020 23:39,76.464,69.935
7/9/2020 1:39,76.419,67.81
7/9/2020 3:39,76.419,68.528
7/9/2020 5:39,76.507,66.043
7/9/2020 7:39,76.507,68.627
7/9/2020 9:39,76.507,70.237
7/9/2020 11:39,76.507,69.999
7/9/2020 13:39,76.507,69.433
7/9/2020 15:39,76.507,69.463
7/9/2020 17:39,76.507,66.887
7/9/2020 19:39,76.507,68.178
7/9/2020 21:39,76.507,67.638
7/9/2020 23:39,76.419,68.528
7/10/2020 1:39,76.419,69.036
7/10/2020 3:39,76.419,65.884
7/10/2020 5:39,76.419,66.578
7/10/2020 7:39,76.464,67.724
7/10/2020 9:39,76.419,66.517
7/10/2020 11:39,76.507,68.328
7/10/2020 13:39,76.507,67.698
7/10/2020 15:39,76.507,70.207
7/10/2020 17:39,76.464,70.233
7/10/2020 19:39,76.507,69.999
7/10/2020 21:39,76.507,69.433
7/10/2020 23:39,76.419,69.007
7/11/2020 1:39,76.419,66.668
7/11/2020 3:39,76.419,65.068
7/11/2020 5:39,76.464,67.003
7/11/2020 7:39,76.507,69.224
7/11/2020 9:39,76.507,68.328
7/11/2020 11:39,76.464,65.344
7/11/2020 13:39,76.464,68.921
7/11/2020 15:39,76.507,68.985
7/11/2020 17:39,76.507,69.165
7/11/2020 19:39,76.507,69.552
7/11/2020 21:39,76.507,67.698
7/11/2020 23:39,76.419,66.457
7/12/2020 1:39,76.419,65.159
7/12/2020 3:39,76.419,68.139
7/12/2020 5:39,76.464,65.375
7/12/2020 7:39,76.419,69.424
7/12/2020 9:39,76.507,66.887
7/12/2020 11:39,76.507,67.638
7/12/2020 13:39,76.464,68.921
7/12/2020 15:39,76.507,65.227
7/12/2020 17:39,76.507,65.469
7/12/2020 19:39,76.464,68.263
7/12/2020 21:39,76.507,68.148
7/12/2020 23:39,76.464,68.114
7/13/2020 1:39,76.419,68.319
7/13/2020 3:39,76.419,67.209
7/13/2020 5:39,76.464,69.041
7/13/2020 7:39,76.464,65.284
7/13/2020 9:39,76.464,67.754
7/13/2020 11:39,76.464,69.101
7/13/2020 13:39,76.507,65.197
7/13/2020 15:39,76.55,68.541
7/13/2020 17:39,76.507,66.526
7/13/2020 19:39,76.55,67.913
7/13/2020 21:39,76.507,66.345
7/13/2020 23:39,76.464,67.934
7/14/2020 1:39,76.464,64.526
7/14/2020 3:39,76.464,68.174
7/14/2020 5:39,76.507,67.188
7/14/2020 7:39,76.507,67.638
7/14/2020 9:39,76.55,69.378
7/14/2020 11:39,76.55,67.252
7/14/2020 13:39,76.507,64.682
7/14/2020 15:39,76.55,68.9
7/14/2020 17:39,76.507,65.076
7/14/2020 19:39,76.55,66.62
7/14/2020 21:39,76.507,67.458
7/14/2020 23:39,76.464,64.648
7/15/2020 1:39,76.419,64.644
7/15/2020 3:39,76.419,64.856
7/15/2020 5:39,76.419,68.169
7/15/2020 7:39,76.464,67.394
7/15/2020 9:39,76.464,67.934
7/15/2020 11:39,76.507,65.348
7/15/2020 13:39,76.464,64.162
7/15/2020 15:39,76.507,66.315
7/15/2020 17:39,76.464,69.578
7/15/2020 19:39,76.419,65.219
7/15/2020 21:39,76.507,68.956
7/15/2020 23:39,76.419,65.159
7/16/2020 1:39,76.419,67.029
7/16/2020 3:39,76.419,68.618
7/16/2020 5:39,76.419,65.884
7/16/2020 7:39,76.419,69.186
7/16/2020 9:39,76.419,69.96
7/16/2020 11:39,76.419,68.169
7/16/2020 13:39,76.464,67.063
7/16/2020 15:39,76.419,66.457
7/16/2020 17:39,76.419,67.99
7/16/2020 19:39,76.464,67.784
7/16/2020 21:39,76.507,68.806
7/16/2020 23:39,76.464,67.964
7/17/2020 1:39,76.419,66.698
7/17/2020 3:39,76.419,66.879
7/17/2020 5:39,76.464,67.364
7/17/2020 7:39,76.419,72.861
7/17/2020 9:39,76.203,77.246
7/17/2020 11:39,76.246,73.871
7/17/2020 13:39,76.289,77.835
7/17/2020 15:39,76.289,77.69
7/17/2020 17:39,76.289,76.618
7/17/2020 19:39,76.332,79.854
7/17/2020 21:39,76.464,80.728
7/17/2020 23:39,76.419,78.83
7/18/2020 1:39,76.375,77.989
7/18/2020 3:39,76.375,81.032
7/18/2020 5:39,76.289,79.16
7/18/2020 7:39,76.289,76.908
7/18/2020 9:39,76.246,75.654
7/18/2020 11:39,76.289,76.212
7/18/2020 13:39,76.375,79.343
7/18/2020 15:39,76.332,77.145
7/18/2020 17:39,76.332,79.797
7/18/2020 19:39,76.419,75.731
7/18/2020 21:39,76.464,80.528
7/18/2020 23:39,76.419,78.6
7/19/2020 1:39,76.375,79.228
7/19/2020 3:39,76.375,78.739
7/19/2020 5:39,76.246,74.808
7/19/2020 7:39,76.246,75.945
7/19/2020 9:39,76.203,76.638
7/19/2020 11:39,76.246,76.381
7/19/2020 13:39,76.289,75.221
7/19/2020 15:39,76.246,75.158
7/19/2020 17:39,76.246,77.743
7/19/2020 19:39,76.246,76.119
7/19/2020 21:39,76.375,80.604
7/19/2020 23:39,76.375,77.555
7/20/2020 1:39,76.332,79.883
7/20/2020 3:39,76.289,76.212
7/20/2020 5:39,76.246,74.105
7/20/2020 7:39,76.158,78.483
7/20/2020 9:39,76.203,76.376
7/20/2020 11:39,76.246,76.526
7/20/2020 13:39,76.289,77.401
7/20/2020 15:39,76.289,76.821
7/20/2020 17:39,76.289,76.56
7/20/2020 19:39,76.289,77.69
7/20/2020 21:39,76.419,77.068
7/20/2020 23:39,76.375,76.454
7/21/2020 1:39,76.375,78.191
7/21/2020 3:39,76.332,77.319
7/21/2020 5:39,76.246,77.685
7/21/2020 7:39,76.246,77.309
7/21/2020 9:39,76.289,77.574
7/21/2020 11:39,76.289,74.286
7/21/2020 13:39,76.332,76.971
7/21/2020 15:39,76.332,76.245
7/21/2020 17:39,76.332,77.984
7/21/2020 19:39,76.332,75.809
7/21/2020 21:39,76.419,76.662
7/21/2020 23:39,76.375,77.873
7/22/2020 1:39,76.332,76.245
7/22/2020 3:39,76.332,77.145
7/22/2020 5:39,76.246,73.607
7/22/2020 7:39,76.246,73.049
7/22/2020 9:39,76.246,75.1
7/22/2020 11:39,76.289,76.386
7/22/2020 13:39,76.289,70.957
7/22/2020 15:39,76.289,71.135
7/22/2020 17:39,76.332,70.13
7/22/2020 19:39,76.332,69.177
7/22/2020 21:39,76.332,66.69
7/22/2020 23:39,76.289,69.798
7/23/2020 1:39,76.246,66.591
7/23/2020 3:39,76.289,68.096
7/23/2020 5:39,76.289,66.083
7/23/2020 7:39,76.332,67.711
7/23/2020 9:39,76.332,70.338
7/23/2020 11:39,76.332,67.741
7/23/2020 13:39,76.375,69.569
7/23/2020 15:39,76.375,71.084
7/23/2020 17:39,76.375,68.733
7/23/2020 19:39,76.419,68.469
7/23/2020 21:39,76.375,68.045
7/23/2020 23:39,76.332,70.932
7/24/2020 1:39,76.332,70.516
7/24/2020 3:39,76.332,69.981
7/24/2020 5:39,76.332,71.642
7/24/2020 7:39,76.375,70.847
7/24/2020 9:39,76.419,70.02
7/24/2020 11:39,76.419,72.036
7/24/2020 13:39,76.419,72.154
7/24/2020 15:39,76.419,70.585
7/24/2020 17:39,76.419,67.48
7/24/2020 19:39,76.419,68.917
7/24/2020 21:39,76.419,70.169
7/24/2020 23:39,76.332,66.93
7/25/2020 1:39,76.332,68.968
7/25/2020 3:39,76.332,69.833
7/25/2020 5:39,76.375,66.453
7/25/2020 7:39,76.419,70.733
7/25/2020 9:39,76.419,70.881
7/25/2020 11:39,76.464,71.064
7/25/2020 13:39,76.419,70.852
7/25/2020 15:39,76.419,71.059
7/25/2020 17:39,76.419,70.822
7/25/2020 19:39,76.419,67.99
7/25/2020 21:39,76.419,69.096
7/25/2020 23:39,76.375,69.181
7/26/2020 1:39,76.332,68.49
7/26/2020 3:39,76.332,66.328
7/26/2020 5:39,76.375,70.045
7/26/2020 7:39,76.375,69.777
7/26/2020 9:39,76.419,69.99
7/26/2020 11:39,76.464,68.263
7/26/2020 13:39,76.419,67.6
7/26/2020 15:39,76.419,68.439
7/26/2020 17:39,76.419,66.367
7/26/2020 19:39,76.419,70.139
7/26/2020 21:39,76.419,67.75
7/26/2020 23:39,76.332,66.509
7/27/2020 1:39,76.332,67.231
7/27/2020 3:39,76.332,67.561
7/27/2020 5:39,76.375,64.64
7/27/2020 7:39,76.419,68.499
7/27/2020 9:39,76.419,67.96
7/27/2020 11:39,76.419,66.728
7/27/2020 13:39,76.464,66.522
7/27/2020 15:39,76.464,66.039
7/27/2020 17:39,76.464,62.731
7/27/2020 19:39,76.464,64.344
7/27/2020 21:39,76.419,65.552
7/27/2020 23:39,76.375,64.093
7/28/2020 1:39,76.375,66.935
7/28/2020 3:39,76.375,67.685
7/28/2020 5:39,76.419,67.239
7/28/2020 7:39,76.419,69.216
7/28/2020 9:39,76.419,69.007
7/28/2020 11:39,76.507,68.208
7/28/2020 13:39,76.464,64.89
7/28/2020 15:39,76.507,64.682
7/28/2020 17:39,76.464,67.544
7/28/2020 19:39,76.464,67.093
7/28/2020 21:39,76.419,63.185
7/28/2020 23:39,76.375,63.302
7/29/2020 1:39,76.375,66.784
7/29/2020 3:39,76.375,64.973
7/29/2020 5:39,76.419,65.34
7/29/2020 7:39,76.464,66.25
7/29/2020 9:39,73.558,57.438
7/29/2020 11:39,82.441,55.732
7/29/2020 13:39,81.952,32.563
7/29/2020 14:59,,
7/29/2020 14:59,,
7/29/2020 14:59,,
