"Date Time, GMT-06:00","Temp, °F (LGR S/N: 1276406, SEN S/N: 1276406)","RH, % (LGR S/N: 1276406, SEN S/N: 1276406)"
12/16/2019 13:38,67.543,20.67
12/16/2019 13:38,,
12/16/2019 15:38,72.567,17.518
12/16/2019 17:38,72.523,17.368
12/16/2019 19:38,71.317,17.22
12/16/2019 21:38,71.017,17.397
12/16/2019 23:38,70.716,17.685
12/17/2019 1:38,70.716,18.055
12/17/2019 3:38,70.63,18.422
12/17/2019 5:38,70.673,18.719
12/17/2019 7:38,70.502,18.492
12/17/2019 9:38,63.433,25.056
12/17/2019 11:38,64.161,25.085
12/17/2019 13:38,66.515,24.536
12/17/2019 15:38,70.072,23.521
12/17/2019 17:38,61.119,20.956
12/17/2019 19:38,46.436,19.947
12/17/2019 21:38,33.287,19.566
12/17/2019 23:38,22.525,19.816
12/18/2019 1:38,14.578,20.08
12/18/2019 3:38,8.645,20.203
12/18/2019 5:38,4.307,20.446
12/18/2019 7:38,1.405,20.538
12/18/2019 9:38,16.587,54.103
12/18/2019 11:38,18.657,65.749
12/18/2019 13:38,18.54,77.712
12/18/2019 15:38,17.184,76.124
12/18/2019 17:38,15.377,75.671
12/18/2019 19:38,15.132,77.419
12/18/2019 21:38,16.826,79.381
12/18/2019 23:38,17.481,80.241
12/19/2019 1:38,18.54,81.368
12/19/2019 3:38,17.953,80.325
12/19/2019 5:38,15.559,77.495
12/19/2019 7:38,13.08,74.954
12/19/2019 9:38,16.286,79.4
12/19/2019 11:38,23.572,83.221
12/19/2019 13:38,27.642,85.638
12/19/2019 15:38,26.643,87.152
12/19/2019 17:38,24.499,87.677
12/19/2019 19:38,23.133,86.651
12/19/2019 21:38,23.518,86.309
12/19/2019 23:38,24.663,86.994
12/20/2019 1:38,24.609,86.757
12/20/2019 3:38,24.174,86.213
12/20/2019 5:38,24.174,86.255
12/20/2019 7:38,24.174,86.318
12/20/2019 9:38,26.537,87.805
12/20/2019 11:38,29.97,88.884
12/20/2019 13:38,32.092,89.734
12/20/2019 15:38,31.942,90.331
12/20/2019 17:38,29.199,90.007
12/20/2019 19:38,26.006,88.678
12/20/2019 21:38,25.363,88.338
12/20/2019 23:38,24.01,87.565
12/21/2019 1:38,18.306,81.468
12/21/2019 3:38,16.345,81.076
12/21/2019 5:38,15.681,81.074
12/21/2019 7:38,16.646,82.475
12/21/2019 9:38,23.956,85.93
12/21/2019 11:38,31.239,87.723
12/21/2019 13:38,33.188,89.226
12/21/2019 15:38,32.491,90.577
12/21/2019 17:38,32.142,91.26
12/21/2019 19:38,32.092,91.577
12/21/2019 21:38,32.043,91.812
12/21/2019 23:38,31.791,92.036
12/22/2019 1:38,30.884,92.437
12/22/2019 3:38,30.02,92.622
12/22/2019 5:38,29.509,92.563
12/22/2019 7:38,28.321,91.35
12/22/2019 9:38,31.39,90.659
12/22/2019 11:38,35.83,89.399
12/22/2019 13:38,34.907,88.588
12/22/2019 15:38,32.99,90.61
12/22/2019 17:38,31.491,91.688
12/22/2019 19:38,31.993,91.885
12/22/2019 21:38,31.591,92.126
12/22/2019 23:38,29.097,92.638
12/23/2019 1:38,27.851,89.133
12/23/2019 3:38,28.008,88.329
12/23/2019 5:38,25.952,85.381
12/23/2019 7:38,22.413,80.553
12/23/2019 9:38,29.251,89.441
12/23/2019 11:38,38.889,85.341
12/23/2019 13:38,37.609,82.189
12/23/2019 15:38,33.287,87.417
12/23/2019 17:38,30.376,90.874
12/23/2019 19:38,29.559,90.792
12/23/2019 21:38,29.917,91.129
12/23/2019 23:38,31.491,91.305
12/24/2019 1:38,32.142,91.463
12/24/2019 3:38,32.043,91.529
12/24/2019 5:38,31.491,91.688
12/24/2019 7:38,30.58,91.672
12/24/2019 9:38,35.346,92.149
12/24/2019 11:38,40.764,81.358
12/24/2019 13:38,39.078,78.528
12/24/2019 15:38,36.025,83.559
12/24/2019 17:38,30.987,89.157
12/24/2019 19:38,30.326,89.969
12/24/2019 21:38,29.304,89.9
12/24/2019 23:38,29.199,89.68
12/25/2019 1:38,30.072,90.116
12/25/2019 3:38,29.251,90.3
12/25/2019 5:38,30.376,90.955
12/25/2019 7:38,30.072,91.192
12/25/2019 9:38,33.386,92.015
12/25/2019 11:38,37.035,92.219
12/25/2019 13:38,41.787,76.511
12/25/2019 15:38,34.957,87.005
12/25/2019 17:38,31.942,90.372
12/25/2019 19:38,31.138,91.353
12/25/2019 21:38,28.216,90.994
12/25/2019 23:38,30.173,92.289
12/26/2019 1:38,31.791,92.416
12/26/2019 3:38,31.993,92.527
12/26/2019 5:38,32.043,92.654
12/26/2019 7:38,30.936,92.524
12/26/2019 9:38,30.987,92.453
12/26/2019 11:38,33.039,89.956
12/26/2019 13:38,33.089,85.896
12/26/2019 15:38,30.173,87.571
12/26/2019 17:38,28.476,89.941
12/26/2019 19:38,25.578,89.915
12/26/2019 21:38,25.792,89.624
12/26/2019 23:38,26.006,89.939
12/27/2019 1:38,25.686,88.467
12/27/2019 3:38,26.377,89.182
12/27/2019 5:38,27.012,90.089
12/27/2019 7:38,27.486,89.468
12/27/2019 9:38,29.149,86.576
12/27/2019 11:38,32.99,81.589
12/27/2019 13:38,38.322,70.66
12/27/2019 15:38,29.97,77.057
12/27/2019 17:38,19.814,80.79
12/27/2019 19:38,17.004,82.288
12/27/2019 21:38,19.468,86.909
12/27/2019 23:38,20.273,87.066
12/28/2019 1:38,27.486,90.26
12/28/2019 3:38,30.02,89.265
12/28/2019 5:38,31.239,88.525
12/28/2019 7:38,31.289,84.045
12/28/2019 9:38,32.542,90.708
12/28/2019 11:38,33.287,91.798
12/28/2019 13:38,33.287,92.283
12/28/2019 15:38,33.089,92.454
12/28/2019 17:38,32.841,92.696
12/28/2019 19:38,33.138,92.862
12/28/2019 21:38,33.138,92.981
12/28/2019 23:38,33.188,93.108
12/29/2019 1:38,33.287,93.243
12/29/2019 3:38,33.633,93.316
12/29/2019 5:38,33.928,93.342
12/29/2019 7:38,35.443,93.535
12/29/2019 9:38,37.465,93.685
12/29/2019 11:38,37.798,93.454
12/29/2019 13:38,35.249,93.185
12/29/2019 15:38,33.386,93.139
12/29/2019 17:38,31.993,93.163
12/29/2019 19:38,31.692,93.254
12/29/2019 21:38,30.733,93.244
12/29/2019 23:38,30.123,93.248
12/30/2019 1:38,29.714,93.36
12/30/2019 3:38,29.764,93.309
12/30/2019 5:38,29.714,93.321
12/30/2019 7:38,29.559,93.258
12/30/2019 9:38,32.243,93.517
12/30/2019 11:38,30.733,91.292
12/30/2019 13:38,27.275,90.168
12/30/2019 15:38,26.802,90.299
12/30/2019 17:38,25.255,88.527
12/30/2019 19:38,24.499,87.883
12/30/2019 21:38,24.283,88.63
12/30/2019 23:38,24.445,88.776
12/31/2019 1:38,24.228,87.905
12/31/2019 3:38,24.174,87.07
12/31/2019 5:38,23.572,86.38
12/31/2019 7:38,23.628,85.715
12/31/2019 9:38,25.147,85.034
12/31/2019 11:38,30.479,87.361
12/31/2019 13:38,31.541,88.694
12/31/2019 15:38,26.643,83.855
12/31/2019 17:38,18.599,79.967
12/31/2019 19:38,15.377,80.578
12/31/2019 21:38,14.146,84.629
12/31/2019 23:38,15.559,85.549
1/1/2020 1:38,16.045,85.31
1/1/2020 3:38,18.774,87.296
1/1/2020 5:38,19.411,87.794
1/1/2020 7:38,21.519,89.19
1/1/2020 9:38,26.431,91.48
1/1/2020 11:38,29.714,92.318
1/1/2020 13:38,32.142,93.245
1/1/2020 15:38,32.691,93.429
1/1/2020 17:38,29.046,93.276
1/1/2020 19:38,31.791,93.683
1/1/2020 21:38,30.429,93.549
1/1/2020 23:38,29.662,93.43
1/2/2020 1:38,31.842,93.769
1/2/2020 3:38,28.476,93.44
1/2/2020 5:38,28.164,93.43
1/2/2020 7:38,31.39,93.816
1/2/2020 9:38,33.237,93.986
1/2/2020 11:38,34.81,94.014
1/2/2020 13:38,35.006,92.705
1/2/2020 15:38,32.092,92.662
1/2/2020 17:38,29.817,93.004
1/2/2020 19:38,29.97,93.439
1/2/2020 21:38,29.867,93.501
1/2/2020 23:38,29.304,93.53
1/3/2020 1:38,29.149,93.525
1/3/2020 3:38,29.406,93.507
1/3/2020 5:38,29.509,93.445
1/3/2020 7:38,29.559,93.414
1/3/2020 9:38,31.39,93.699
1/3/2020 11:38,35.443,91.345
1/3/2020 13:38,34.516,89.713
1/3/2020 15:38,32.742,91.776
1/3/2020 17:38,31.743,92.727
1/3/2020 19:38,31.138,92.833
1/3/2020 21:38,28.269,92.294
1/3/2020 23:38,24.663,91.525
1/4/2020 1:38,22.248,91.194
1/4/2020 3:38,21.463,90.154
1/4/2020 5:38,22.525,89.958
1/4/2020 7:38,23.133,90.327
1/4/2020 9:38,26.218,91.606
1/4/2020 11:38,30.884,90.421
1/4/2020 13:38,34.124,79.555
1/4/2020 15:38,27.327,85.573
1/4/2020 17:38,24.066,89.448
1/4/2020 19:38,23.133,88.441
1/4/2020 21:38,23.846,90.057
1/4/2020 23:38,25.898,88.374
1/5/2020 1:38,27.903,88.085
1/5/2020 3:38,27.275,87.598
1/5/2020 5:38,27.118,90.084
1/5/2020 7:38,29.917,91.25
1/5/2020 9:38,35.006,88.474
1/5/2020 11:38,34.664,87.611
1/5/2020 13:38,46.166,64.636
1/5/2020 15:38,32.841,82.163
1/5/2020 17:38,25.041,87.007
1/5/2020 19:38,21.294,87.459
1/5/2020 21:38,17.717,86.247
1/5/2020 23:38,16.286,86.611
1/6/2020 1:38,15.316,86.914
1/6/2020 3:38,17.422,87.261
1/6/2020 5:38,17.953,86.527
1/6/2020 7:38,15.255,85.116
1/6/2020 9:38,34.027,87.004
1/6/2020 11:38,48.762,59.036
1/6/2020 13:38,35.638,76.175
1/6/2020 15:38,35.83,81.033
1/6/2020 17:38,27.064,86.897
1/6/2020 19:38,27.171,90.274
1/6/2020 21:38,28.942,91.703
1/6/2020 23:38,26.96,91.144
1/7/2020 1:38,24.228,90.651
1/7/2020 3:38,18.423,87.609
1/7/2020 5:38,16.104,87.989
1/7/2020 7:38,13.332,86.022
1/7/2020 9:38,22.469,89.89
1/7/2020 11:38,28.321,91.13
1/7/2020 13:38,35.298,92.426
1/7/2020 15:38,27.064,84.087
1/7/2020 17:38,13.771,83.204
1/7/2020 19:38,8.51,81.915
1/7/2020 21:38,5.74,80.742
1/7/2020 23:38,3.502,78.751
1/8/2020 1:38,1.634,78.505
1/8/2020 3:38,-0.063,78.048
1/8/2020 5:38,-0.537,75.049
1/8/2020 7:38,1.558,79.424
1/8/2020 9:38,7.002,82.351
1/8/2020 11:38,10.639,83.786
1/8/2020 13:38,13.458,83.077
1/8/2020 15:38,13.834,84.461
1/8/2020 17:38,13.584,85.288
1/8/2020 19:38,13.708,84.978
1/8/2020 21:38,15.922,86.841
1/8/2020 23:38,18.072,88
1/9/2020 1:38,20.955,89.206
1/9/2020 3:38,21.967,89.815
1/9/2020 5:38,23.353,90.499
1/9/2020 7:38,25.686,91.169
1/9/2020 9:38,29.764,92.087
1/9/2020 11:38,32.491,92.743
1/9/2020 13:38,33.978,92.024
1/9/2020 15:38,34.075,91.243
1/9/2020 17:38,28.839,91.767
1/9/2020 19:38,25.309,89.754
1/9/2020 21:38,19.584,87.617
1/9/2020 23:38,22.69,89.124
1/10/2020 1:38,22.469,88.89
1/10/2020 3:38,22.136,88.477
1/10/2020 5:38,21.011,88.271
1/10/2020 7:38,17.776,87.956
1/10/2020 9:38,30.225,86.17
1/10/2020 11:38,45.082,73.208
1/10/2020 13:38,27.118,83.041
1/10/2020 15:38,19.063,82.825
1/10/2020 17:38,14.268,83.357
1/10/2020 19:38,12.765,84.208
1/10/2020 21:38,9.316,83.25
1/10/2020 23:38,6.793,83.409
1/11/2020 1:38,5.599,83.22
1/11/2020 3:38,5.029,81.955
1/11/2020 5:38,1.481,81.75
1/11/2020 7:38,-1.172,81.947
1/11/2020 9:38,9.783,74.552
1/11/2020 11:38,26.748,61.027
1/11/2020 13:38,30.173,51.654
1/11/2020 15:38,15.922,70.873
1/11/2020 17:38,7.898,78.747
1/11/2020 19:38,6.305,80.376
1/11/2020 21:38,2.088,78.074
1/11/2020 23:38,6.933,81.72
1/12/2020 1:38,7.002,81.06
1/12/2020 3:38,3.724,81.938
1/12/2020 5:38,6.305,83.502
1/12/2020 7:38,8.101,82.483
1/12/2020 9:38,14.083,85.502
1/12/2020 11:38,23.792,77.216
1/12/2020 13:38,23.628,81.603
1/12/2020 15:38,23.243,84.106
1/12/2020 17:38,22.525,88.047
1/12/2020 19:38,21.967,87.393
1/12/2020 21:38,21.855,88.436
1/12/2020 23:38,21.632,88.786
1/13/2020 1:38,17.658,85.374
1/13/2020 3:38,15.071,83.636
1/13/2020 5:38,15.193,83.021
1/13/2020 7:38,19.353,87.096
1/13/2020 9:38,24.879,90.012
1/13/2020 11:38,26.643,88.606
1/13/2020 13:38,25.898,87.276
1/13/2020 15:38,26.006,89.25
1/13/2020 17:38,25.898,90.405
1/13/2020 19:38,26.483,90.753
1/13/2020 21:38,27.486,91.283
1/13/2020 23:38,28.321,91.649
1/14/2020 1:38,29.149,91.814
1/14/2020 3:38,29.662,91.693
1/14/2020 5:38,29.817,91.556
1/14/2020 7:38,29.764,91.808
1/14/2020 9:38,28.58,91.688
1/14/2020 11:38,26.271,90.621
1/14/2020 13:38,30.632,86.935
1/14/2020 15:38,25.471,90.1
1/14/2020 17:38,17.895,82.945
1/14/2020 19:38,15.681,82.023
1/14/2020 21:38,19.756,86.458
1/14/2020 23:38,18.831,85.207
1/15/2020 1:38,17.658,84.016
1/15/2020 3:38,19.584,86.103
1/15/2020 5:38,20.898,86.663
1/15/2020 7:38,21.688,87.311
1/15/2020 9:38,23.902,89.263
1/15/2020 11:38,25.255,90.707
1/15/2020 13:38,27.486,92.055
1/15/2020 15:38,22.968,91.597
1/15/2020 17:38,17.303,85.282
1/15/2020 19:38,14.763,82.835
1/15/2020 21:38,12.7,80.526
1/15/2020 23:38,10.114,76.316
1/16/2020 1:38,7.347,74.005
1/16/2020 3:38,5.599,74.428
1/16/2020 5:38,4.235,73.013
1/16/2020 7:38,3.283,71.682
1/16/2020 9:38,7.83,77.998
1/16/2020 11:38,17.362,88.888
1/16/2020 13:38,22.858,90.661
1/16/2020 15:38,15.255,86.502
1/16/2020 17:38,7.14,74.435
1/16/2020 19:38,5.029,72.718
1/16/2020 21:38,4.813,75.318
1/16/2020 23:38,4.089,75.894
1/17/2020 1:38,4.669,76.188
1/17/2020 3:38,7.279,80.338
1/17/2020 5:38,11.03,82.344
1/17/2020 7:38,12.765,83.191
1/17/2020 9:38,15.922,85.99
1/17/2020 11:38,17.953,87.258
1/17/2020 13:38,18.657,86.832
1/17/2020 15:38,20.386,88.18
1/17/2020 17:38,21.632,89.107
1/17/2020 19:38,23.518,89.968
1/17/2020 21:38,24.12,89.978
1/17/2020 23:38,24.717,90.287
1/18/2020 1:38,26.854,91.465
1/18/2020 3:38,26.589,91.385
1/18/2020 5:38,26.006,91.059
1/18/2020 7:38,24.499,89.513
1/18/2020 9:38,18.365,83.329
1/18/2020 11:38,18.248,85.083
1/18/2020 13:38,19.468,86.375
1/18/2020 15:38,16.165,81.615
1/18/2020 17:38,11.678,75.856
1/18/2020 19:38,9.583,73.308
1/18/2020 21:38,9.115,73.206
1/18/2020 23:38,8.645,73.588
1/19/2020 1:38,7.761,71.555
1/19/2020 3:38,7.21,69.885
1/19/2020 5:38,7.761,73.712
1/19/2020 7:38,9.048,74.188
1/19/2020 9:38,11.808,80.838
1/19/2020 11:38,18.54,87.948
1/19/2020 13:38,22.746,89.192
1/19/2020 15:38,21.182,85.16
1/19/2020 17:38,17.004,78.959
1/19/2020 19:38,14.641,76.085
1/19/2020 21:38,14.02,76.396
1/19/2020 23:38,13.834,76.259
1/20/2020 1:38,13.771,76.183
1/20/2020 3:38,13.896,76.744
1/20/2020 5:38,14.455,78.096
1/20/2020 7:38,14.578,77.552
1/20/2020 9:38,14.455,80.063
1/20/2020 11:38,21.799,90.657
1/20/2020 13:38,28.321,92.557
1/20/2020 15:38,24.01,91.229
1/20/2020 17:38,17.6,87.348
1/20/2020 19:38,11.935,81.154
1/20/2020 21:38,8.577,73.626
1/20/2020 23:38,7.14,71.154
1/21/2020 1:38,7.072,71.849
1/21/2020 3:38,7.83,72.682
1/21/2020 5:38,8.915,73.066
1/21/2020 7:38,9.316,74.358
1/21/2020 9:38,13.645,85.622
1/21/2020 11:38,20.898,89.833
1/21/2020 13:38,22.858,89.229
1/21/2020 15:38,19.929,87.057
1/21/2020 17:38,16.466,85.37
1/21/2020 19:38,15.984,86.263
1/21/2020 21:38,17.362,87.675
1/21/2020 23:38,21.407,90.008
1/22/2020 1:38,22.968,90.263
1/22/2020 3:38,26.695,91.836
1/22/2020 5:38,29.559,92.669
1/22/2020 7:38,30.326,93.063
1/22/2020 9:38,30.733,93.303
1/22/2020 11:38,30.479,93.244
1/22/2020 13:38,30.479,92.296
1/22/2020 15:38,30.936,92.086
1/22/2020 17:38,31.087,92.667
1/22/2020 19:38,31.239,93.125
1/22/2020 21:38,31.289,93.33
1/22/2020 23:38,31.339,93.456
1/23/2020 1:38,31.39,93.542
1/23/2020 3:38,31.289,93.566
1/23/2020 5:38,31.239,93.558
1/23/2020 7:38,31.138,93.542
1/23/2020 9:38,31.44,93.628
1/23/2020 11:38,31.692,93.746
1/23/2020 13:38,31.791,93.801
1/23/2020 15:38,31.942,93.824
1/23/2020 17:38,31.692,93.863
1/23/2020 19:38,31.39,93.894
1/23/2020 21:38,30.884,93.835
1/23/2020 23:38,30.783,93.878
1/24/2020 1:38,30.682,93.901
1/24/2020 3:38,30.58,93.924
1/24/2020 5:38,30.479,93.947
1/24/2020 7:38,30.429,93.978
1/24/2020 9:38,30.783,94.033
1/24/2020 11:38,31.642,94.09
1/24/2020 13:38,31.842,94.101
1/24/2020 15:38,31.791,94.113
1/24/2020 17:38,31.642,94.129
1/24/2020 19:38,31.289,94.151
1/24/2020 21:38,30.58,94.195
1/24/2020 23:38,30.225,94.178
1/25/2020 1:38,30.072,94.193
1/25/2020 3:38,29.867,94.199
1/25/2020 5:38,29.714,94.136
1/25/2020 7:38,29.559,94.074
1/25/2020 9:38,30.326,94.097
1/25/2020 11:38,31.842,94.199
1/25/2020 13:38,32.142,94.265
1/25/2020 15:38,32.043,94.269
1/25/2020 17:38,31.791,94.308
1/25/2020 19:38,31.591,94.334
1/25/2020 21:38,30.987,94.22
1/25/2020 23:38,30.123,94.239
1/26/2020 1:38,29.559,94.189
1/26/2020 3:38,29.046,94.07
1/26/2020 5:38,28.476,93.865
1/26/2020 7:38,27.694,93.627
1/26/2020 9:38,28.425,93.664
1/26/2020 11:38,31.138,94.127
1/26/2020 13:38,32.342,94.316
1/26/2020 15:38,32.193,94.371
1/26/2020 17:38,31.743,94.416
1/26/2020 19:38,31.39,94.439
1/26/2020 21:38,30.682,94.443
1/26/2020 23:38,30.072,94.385
1/27/2020 1:38,29.559,94.189
1/27/2020 3:38,29.046,93.838
1/27/2020 5:38,28.476,93.207
1/27/2020 7:38,27.903,92.845
1/27/2020 9:38,28.684,92.966
1/27/2020 11:38,30.173,93.451
1/27/2020 13:38,31.591,93.887
1/27/2020 15:38,30.884,93.698
1/27/2020 17:38,29.149,93.233
1/27/2020 19:38,28.112,92.604
1/27/2020 21:38,27.171,91.948
1/27/2020 23:38,27.012,92.022
1/28/2020 1:38,26.537,91.575
1/28/2020 3:38,26.006,90.661
1/28/2020 5:38,25.095,89.561
1/28/2020 7:38,24.499,89.19
1/28/2020 9:38,25.041,89.714
1/28/2020 11:38,27.851,92.407
1/28/2020 13:38,30.123,93.502
1/28/2020 15:38,29.304,93.569
1/28/2020 17:38,26.854,92.331
1/28/2020 19:38,25.686,91.366
1/28/2020 21:38,24.717,90.347
1/28/2020 23:38,24.337,89.931
1/29/2020 1:38,23.956,89.553
1/29/2020 3:38,23.846,89.335
1/29/2020 5:38,23.738,88.753
1/29/2020 7:38,23.738,88.855
1/29/2020 9:38,25.255,90.667
1/29/2020 11:38,27.851,92.7
1/29/2020 13:38,30.58,93.982
1/29/2020 15:38,30.376,94.047
1/29/2020 17:38,27.851,93.574
1/29/2020 19:38,26.377,92.589
1/29/2020 21:38,25.578,91.429
1/29/2020 23:38,25.201,90.878
1/30/2020 1:38,25.201,90.798
1/30/2020 3:38,24.987,90.468
1/30/2020 5:38,24.609,90.291
1/30/2020 7:38,23.792,89.529
1/30/2020 9:38,25.417,91.089
1/30/2020 11:38,28.321,92.929
1/30/2020 13:38,29.917,93.665
1/30/2020 15:38,29.714,93.827
1/30/2020 17:38,28.528,93.545
1/30/2020 19:38,28.008,93.173
1/30/2020 21:38,27.903,92.923
1/30/2020 23:38,27.903,92.806
1/31/2020 1:38,28.269,92.941
1/31/2020 3:38,28.321,92.968
1/31/2020 5:38,28.112,92.877
1/31/2020 7:38,28.112,92.76
1/31/2020 9:38,29.149,93.272
1/31/2020 11:38,31.541,94.113
1/31/2020 13:38,32.342,94.394
1/31/2020 15:38,32.142,94.538
1/31/2020 17:38,31.791,94.541
1/31/2020 19:38,31.591,94.586
1/31/2020 21:38,31.39,94.574
1/31/2020 23:38,30.987,94.587
2/1/2020 1:38,30.783,94.613
2/1/2020 3:38,30.58,94.62
2/1/2020 5:38,29.817,94.537
2/1/2020 7:38,27.486,93.94
2/1/2020 9:38,28.632,93.966
2/1/2020 11:38,32.99,94.534
2/1/2020 13:38,33.188,94.643
2/1/2020 15:38,32.443,94.72
2/1/2020 17:38,31.942,94.719
2/1/2020 19:38,31.743,94.726
2/1/2020 21:38,31.44,94.717
2/1/2020 23:38,30.783,94.69
2/2/2020 1:38,30.58,94.773
2/2/2020 3:38,30.783,94.806
2/2/2020 5:38,30.936,94.83
2/2/2020 7:38,30.884,94.86
2/2/2020 9:38,32.94,94.954
2/2/2020 11:38,34.223,95.04
2/2/2020 13:38,35.443,95.037
2/2/2020 15:38,34.027,93.357
2/2/2020 17:38,31.743,94.008
2/2/2020 19:38,32.043,94.464
2/2/2020 21:38,30.225,93.635
2/2/2020 23:38,29.764,93.407
2/3/2020 1:38,27.486,92.858
2/3/2020 3:38,25.095,90.643
2/3/2020 5:38,19.699,82.155
2/3/2020 7:38,20.842,86.861
2/3/2020 9:38,31.491,93.085
2/3/2020 11:38,33.435,92.345
2/3/2020 13:38,35.638,80.705
2/3/2020 15:38,31.591,82.362
2/3/2020 17:38,27.327,82.404
2/3/2020 19:38,24.337,80.512
2/3/2020 21:38,22.69,81.523
2/3/2020 23:38,20.557,80.622
2/4/2020 1:38,19.641,80.591
2/4/2020 3:38,17.541,80.491
2/4/2020 5:38,15.922,80.322
2/4/2020 7:38,13.959,80.151
2/4/2020 9:38,21.069,76.183
2/4/2020 11:38,30.783,65.248
2/4/2020 13:38,29.559,64.516
2/4/2020 15:38,26.854,71.096
2/4/2020 17:38,17.953,80.743
2/4/2020 19:38,13.08,77.586
2/4/2020 21:38,9.516,74.976
2/4/2020 23:38,8.101,72.529
2/5/2020 1:38,6.445,72.564
2/5/2020 3:38,5.385,71.953
2/5/2020 5:38,7.002,74.395
2/5/2020 7:38,11.55,80.867
2/5/2020 9:38,21.294,88.736
2/5/2020 11:38,33.681,91.613
2/5/2020 13:38,35.685,91.463
2/5/2020 15:38,28.269,86.495
2/5/2020 17:38,18.948,84.637
2/5/2020 19:38,11.421,78.593
2/5/2020 21:38,9.649,77.306
2/5/2020 23:38,9.048,77.23
2/6/2020 1:38,7.623,75.646
2/6/2020 3:38,7.898,78.617
2/6/2020 5:38,7.966,81.84
2/6/2020 7:38,7.002,77.453
2/6/2020 9:38,22.525,92.012
2/6/2020 11:38,33.336,84.986
2/6/2020 13:38,37.081,75.709
2/6/2020 15:38,29.817,84.725
2/6/2020 17:38,21.069,89.203
2/6/2020 19:38,21.632,89.447
2/6/2020 21:38,22.136,90.098
2/6/2020 23:38,21.855,88.879
2/7/2020 1:38,21.519,87.614
2/7/2020 3:38,22.746,87.875
2/7/2020 5:38,23.572,88.2
2/7/2020 7:38,23.846,89.496
2/7/2020 9:38,27.171,92.204
2/7/2020 11:38,30.884,93.307
2/7/2020 13:38,30.225,89.543
2/7/2020 15:38,27.327,88.189
2/7/2020 17:38,21.238,88.466
2/7/2020 19:38,17.717,88.862
2/7/2020 21:38,16.345,86.539
2/7/2020 23:38,11.485,81.943
2/8/2020 1:38,7.83,75.626
2/8/2020 3:38,5.457,66.358
2/8/2020 5:38,4.307,62.933
2/8/2020 7:38,2.613,65.27
2/8/2020 9:38,12.191,87.331
2/8/2020 11:38,22.968,87.125
2/8/2020 13:38,23.792,85.081
2/8/2020 15:38,19.006,80.64
2/8/2020 17:38,12.319,75.73
2/8/2020 19:38,9.183,75.23
2/8/2020 21:38,9.316,76.909
2/8/2020 23:38,14.702,84.749
2/9/2020 1:38,18.306,86.414
2/9/2020 3:38,20.842,87.189
2/9/2020 5:38,22.581,88.218
2/9/2020 7:38,23.628,88.94
2/9/2020 9:38,24.553,89.722
2/9/2020 11:38,25.255,90.228
2/9/2020 13:38,25.792,90.708
2/9/2020 15:38,26.271,91.099
2/9/2020 17:38,26.537,91.358
2/9/2020 19:38,26.748,91.449
2/9/2020 21:38,26.589,91.286
2/9/2020 23:38,26.218,90.892
2/10/2020 1:38,25.792,90.469
2/10/2020 3:38,25.471,90.02
2/10/2020 5:38,25.255,89.706
2/10/2020 7:38,25.147,89.529
2/10/2020 9:38,25.255,89.504
2/10/2020 11:38,25.417,89.649
2/10/2020 13:38,25.738,90.12
2/10/2020 15:38,26.271,90.701
2/10/2020 17:38,26.748,91.032
2/10/2020 19:38,27.012,91.211
2/10/2020 21:38,26.96,91.064
2/10/2020 23:38,26.695,90.725
2/11/2020 1:38,26.431,90.344
2/11/2020 3:38,26.058,89.825
2/11/2020 5:38,25.846,89.632
2/11/2020 7:38,25.898,89.802
2/11/2020 9:38,26.325,90.228
2/11/2020 11:38,26.854,90.829
2/11/2020 13:38,27.538,91.45
2/11/2020 15:38,28.008,91.918
2/11/2020 17:38,28.164,92.1
2/11/2020 19:38,28.06,91.966
2/11/2020 21:38,27.694,91.514
2/11/2020 23:38,27.381,91.108
2/12/2020 1:38,27.064,90.94
2/12/2020 3:38,27.064,91.06
2/12/2020 5:38,27.064,91.06
2/12/2020 7:38,27.223,91.044
2/12/2020 9:38,27.538,91.331
2/12/2020 11:38,28.216,92.069
2/12/2020 13:38,29.046,92.787
2/12/2020 15:38,29.509,93.211
2/12/2020 17:38,29.199,93.144
2/12/2020 19:38,28.58,92.558
2/12/2020 21:38,27.694,91.075
2/12/2020 23:38,26.748,89.482
2/13/2020 1:38,25.792,88.029
2/13/2020 3:38,24.933,86.887
2/13/2020 5:38,24.337,86.068
2/13/2020 7:38,23.846,85.195
2/13/2020 9:38,23.189,84.206
2/13/2020 11:38,22.858,84.46
2/13/2020 13:38,23.189,85.484
2/13/2020 15:38,23.518,85.784
2/13/2020 17:38,23.409,85.091
2/13/2020 19:38,22.858,83.838
2/13/2020 21:38,21.967,82.307
2/13/2020 23:38,20.898,80.8
2/14/2020 1:38,19.929,79.56
2/14/2020 3:38,19.063,78.865
2/14/2020 5:38,18.423,78.264
2/14/2020 7:38,17.895,78.197
2/14/2020 9:38,18.129,78.43
2/14/2020 11:38,19.296,81.294
2/14/2020 13:38,21.744,85.218
2/14/2020 15:38,24.066,88.23
2/14/2020 17:38,25.201,89.839
2/14/2020 19:38,19.814,78.893
2/14/2020 21:38,12.319,83.711
2/14/2020 23:38,16.045,84.731
2/15/2020 1:38,18.54,84.244
2/15/2020 3:38,19.353,83.251
2/15/2020 5:38,20.331,84.809
2/15/2020 7:38,21.632,86.083
2/15/2020 9:38,22.802,87.328
2/15/2020 11:38,24.553,89.742
2/15/2020 13:38,27.275,92.122
2/15/2020 15:38,28.839,93.029
2/15/2020 17:38,29.662,93.547
2/15/2020 19:38,28.216,93.457
2/15/2020 21:38,25.417,92.46
2/15/2020 23:38,24.066,90.269
2/16/2020 1:38,23.902,88.777
2/16/2020 3:38,22.858,86.632
2/16/2020 5:38,22.636,86.476
2/16/2020 7:38,22.525,86.168
2/16/2020 9:38,22.636,86.538
2/16/2020 11:38,25.147,90.512
2/16/2020 13:38,27.799,92.497
2/16/2020 15:38,28.321,92.871
2/16/2020 17:38,27.851,92.642
2/16/2020 19:38,26.695,91.599
2/16/2020 21:38,25.578,89.996
2/16/2020 23:38,24.825,89.157
2/17/2020 1:38,24.391,88.931
2/17/2020 3:38,24.174,88.675
2/17/2020 5:38,24.553,89.157
2/17/2020 7:38,24.825,89.197
2/17/2020 9:38,25.471,90.261
2/17/2020 11:38,28.425,92.691
2/17/2020 13:38,29.764,93.407
2/17/2020 15:38,30.173,93.763
2/17/2020 17:38,30.479,93.966
2/17/2020 19:38,30.682,94.076
2/17/2020 21:38,30.783,94.15
2/17/2020 23:38,30.783,94.227
2/18/2020 1:38,30.834,94.274
2/18/2020 3:38,30.884,94.32
2/18/2020 5:38,30.936,94.367
2/18/2020 7:38,30.987,94.375
2/18/2020 9:38,30.987,94.414
2/18/2020 11:38,31.037,94.422
2/18/2020 13:38,31.037,94.46
2/18/2020 15:38,31.087,94.468
2/18/2020 17:38,31.087,94.507
2/18/2020 19:38,31.087,94.507
2/18/2020 21:38,30.987,94.53
2/18/2020 23:38,30.632,94.512
2/19/2020 1:38,30.123,94.471
2/19/2020 3:38,29.611,94.409
2/19/2020 5:38,29.097,94.27
2/19/2020 7:38,28.632,94.024
2/19/2020 9:38,28.164,93.739
2/19/2020 11:38,27.955,93.436
2/19/2020 13:38,28.112,93.267
2/19/2020 15:38,28.373,93.191
2/19/2020 17:38,28.528,93.098
2/19/2020 19:38,28.425,92.926
2/19/2020 21:38,28.112,92.604
2/19/2020 23:38,27.642,92.099
2/20/2020 1:38,27.118,91.386
2/20/2020 3:38,26.537,90.199
2/20/2020 5:38,26.006,89.209
2/20/2020 7:38,25.471,88.435
2/20/2020 9:38,24.987,87.768
2/20/2020 11:38,24.825,87.641
2/20/2020 13:38,25.095,88.216
2/20/2020 15:38,25.632,88.909
2/20/2020 17:38,26.006,89.331
2/20/2020 19:38,26.164,89.395
2/20/2020 21:38,26.112,89.306
2/20/2020 23:38,26.006,89.128
2/21/2020 1:38,25.898,89.071
2/21/2020 3:38,25.792,89.055
2/21/2020 5:38,25.792,89.178
2/21/2020 7:38,25.898,89.315
2/21/2020 9:38,26.112,89.59
2/21/2020 11:38,26.537,90.219
2/21/2020 13:38,27.275,91.112
2/21/2020 15:38,28.06,91.966
2/21/2020 17:38,28.632,92.527
2/21/2020 19:38,28.891,92.743
2/21/2020 21:38,28.839,92.716
2/21/2020 23:38,28.735,92.543
2/22/2020 1:38,28.528,92.334
2/22/2020 3:38,28.321,92.104
2/22/2020 5:38,28.06,91.768
2/22/2020 7:38,27.694,91.355
2/22/2020 9:38,27.486,91.124
2/22/2020 11:38,27.799,91.49
2/22/2020 13:38,28.528,92.294
2/22/2020 15:38,29.304,93.023
2/22/2020 17:38,29.867,93.462
2/22/2020 19:38,30.072,93.689
2/22/2020 21:38,30.173,93.821
2/22/2020 23:38,30.123,93.852
2/23/2020 1:38,29.97,93.867
2/23/2020 3:38,29.714,93.749
2/23/2020 5:38,29.149,93.35
2/23/2020 7:38,28.528,92.746
2/23/2020 9:38,28.216,92.266
2/23/2020 11:38,28.528,92.471
2/23/2020 13:38,29.559,93.239
2/23/2020 15:38,30.936,93.94
2/23/2020 17:38,31.39,94.283
2/23/2020 19:38,31.541,94.443
2/23/2020 21:38,31.692,94.486
2/23/2020 23:38,31.743,94.533
2/24/2020 1:38,31.743,94.571
2/24/2020 3:38,31.791,94.618
2/24/2020 5:38,31.743,94.61
2/24/2020 7:38,31.692,94.602
2/24/2020 9:38,31.591,94.509
2/24/2020 11:38,31.692,94.486
2/24/2020 13:38,31.692,94.525
2/24/2020 15:38,31.743,94.571
2/24/2020 17:38,31.743,94.591
2/24/2020 19:38,31.743,94.61
2/24/2020 21:38,31.743,94.649
2/24/2020 23:38,31.743,94.649
2/25/2020 1:38,31.491,94.532
2/25/2020 3:38,31.087,94.275
2/25/2020 5:38,30.326,94.059
2/25/2020 7:38,29.354,93.848
2/25/2020 9:38,28.994,93.521
2/25/2020 11:38,29.764,93.699
2/25/2020 13:38,30.834,94.08
2/25/2020 15:38,31.239,94.26
2/25/2020 17:38,31.39,94.4
2/25/2020 19:38,31.44,94.446
2/25/2020 21:38,31.44,94.524
2/25/2020 23:38,30.987,94.51
2/26/2020 1:38,30.376,94.414
2/26/2020 3:38,29.662,94.167
2/26/2020 5:38,28.735,93.596
2/26/2020 7:38,27.694,92.5
2/26/2020 9:38,27.064,91.299
2/26/2020 11:38,27.694,91.712
2/26/2020 13:38,29.354,93.07
2/26/2020 15:38,30.58,93.826
2/26/2020 17:38,30.529,93.993
2/26/2020 19:38,29.559,93.648
2/26/2020 21:38,28.735,92.935
2/26/2020 23:38,28.164,92.1
2/27/2020 1:38,27.118,90.848
2/27/2020 3:38,25.686,89.101
2/27/2020 5:38,25.041,88.27
2/27/2020 7:38,24.663,87.762
2/27/2020 9:38,24.066,87.034
2/27/2020 11:38,25.201,89.05
2/27/2020 13:38,27.381,91.585
2/27/2020 15:38,28.994,92.936
2/27/2020 17:38,29.046,92.904
2/27/2020 19:38,28.06,91.926
2/27/2020 21:38,27.275,91.012
2/27/2020 23:38,26.695,90.484
2/28/2020 1:38,26.431,90.163
2/28/2020 3:38,26.325,90.067
2/28/2020 5:38,26.271,89.938
2/28/2020 7:38,26.164,89.76
2/28/2020 9:38,25.898,89.417
2/28/2020 11:38,26.748,90.773
2/28/2020 13:38,28.632,92.684
2/28/2020 15:38,29.97,93.634
2/28/2020 17:38,29.917,93.781
2/28/2020 19:38,28.632,93.075
2/28/2020 21:38,26.854,91.048
2/28/2020 23:38,25.041,88.618
2/29/2020 1:38,23.299,86.758
2/29/2020 3:38,22.525,85.264
2/29/2020 5:38,22.858,86.006
2/29/2020 7:38,23.409,86.898
2/29/2020 9:38,24.174,87.877
2/29/2020 11:38,25.952,90.493
2/29/2020 13:38,28.373,92.84
2/29/2020 15:38,30.02,93.836
2/29/2020 17:38,30.733,94.239
2/29/2020 19:38,30.987,94.414
2/29/2020 21:38,31.138,94.554
2/29/2020 23:38,31.188,94.639
3/1/2020 1:38,31.289,94.693
3/1/2020 3:38,31.339,94.74
3/1/2020 5:38,31.39,94.767
3/1/2020 7:38,31.44,94.794
3/1/2020 9:38,31.491,94.821
3/1/2020 11:38,31.541,94.849
3/1/2020 13:38,31.942,94.873
3/1/2020 15:38,32.043,94.851
3/1/2020 17:38,32.043,94.831
3/1/2020 19:38,32.043,94.831
3/1/2020 21:38,32.043,94.851
3/1/2020 23:38,32.043,94.851
3/2/2020 1:38,32.043,94.851
3/2/2020 3:38,32.043,94.851
3/2/2020 5:38,32.043,94.889
3/2/2020 7:38,32.043,94.889
3/2/2020 9:38,32.043,94.889
3/2/2020 11:38,32.092,94.897
3/2/2020 13:38,32.092,94.897
3/2/2020 15:38,32.092,94.897
3/2/2020 17:38,32.092,94.936
3/2/2020 19:38,32.043,94.928
3/2/2020 21:38,32.043,94.928
3/2/2020 23:38,32.043,94.947
3/3/2020 1:38,32.043,94.966
3/3/2020 3:38,32.043,94.966
3/3/2020 5:38,32.043,94.966
3/3/2020 7:38,32.043,94.986
3/3/2020 9:38,32.092,94.974
3/3/2020 11:38,32.092,94.994
3/3/2020 13:38,32.193,94.99
3/3/2020 15:38,32.193,94.99
3/3/2020 17:38,32.092,94.994
3/3/2020 19:38,32.092,95.013
3/3/2020 21:38,32.092,95.013
3/3/2020 23:38,31.591,95.049
3/4/2020 1:38,30.783,94.959
3/4/2020 3:38,29.662,94.436
3/4/2020 5:38,28.476,93.401
3/4/2020 7:38,27.064,91.219
3/4/2020 9:38,30.276,93.643
3/4/2020 11:38,32.392,94.363
3/4/2020 13:38,33.386,94.519
3/4/2020 15:38,33.287,94.815
3/4/2020 17:38,32.342,94.898
3/4/2020 19:38,32.092,95.013
3/4/2020 21:38,32.092,95.071
3/4/2020 23:38,32.193,95.163
3/5/2020 1:38,32.293,95.237
3/5/2020 3:38,32.293,95.275
3/5/2020 5:38,32.142,95.29
3/5/2020 7:38,32.293,95.294
3/5/2020 9:38,32.641,95.331
3/5/2020 11:38,32.94,95.378
3/5/2020 13:38,32.392,95.291
3/5/2020 15:38,32.542,95.238
3/5/2020 17:38,31.942,95.181
3/5/2020 19:38,31.743,95.188
3/5/2020 21:38,30.987,95.068
3/5/2020 23:38,28.994,94.407
3/6/2020 1:38,27.59,93.108
3/6/2020 3:38,25.255,89.625
3/6/2020 5:38,24.609,87.527
3/6/2020 7:38,24.717,88.407
3/6/2020 9:38,33.928,94.643
3/6/2020 11:38,43.396,95.103
3/6/2020 13:38,51.633,76.103
3/6/2020 15:38,44.856,76.225
3/6/2020 17:38,30.987,89.323
3/6/2020 19:38,27.171,91.711
3/6/2020 21:38,27.538,92.241
3/6/2020 23:38,27.955,92.442
3/7/2020 1:38,28.891,92.704
3/7/2020 3:38,29.354,92.559
3/7/2020 5:38,29.611,92.103
3/7/2020 7:38,32.592,92.378
3/7/2020 9:38,42.341,78.467
3/7/2020 11:38,53.253,65.214
3/7/2020 13:38,50.311,73.87
3/7/2020 15:38,51.895,77.706
3/7/2020 17:38,40.858,87.081
3/7/2020 19:38,37.56,90.451
3/7/2020 21:38,38.511,89.403
3/7/2020 23:38,38.368,88.912
3/8/2020 1:38,37.751,90.227
3/8/2020 3:38,37.13,90.409
3/8/2020 5:38,36.603,90.937
3/8/2020 7:38,39.69,90.594
3/8/2020 9:38,56.858,74.313
3/8/2020 11:38,67.114,68.43
3/8/2020 13:38,65.701,66.365
3/8/2020 15:38,59.445,80.17
3/8/2020 17:38,47.064,85.233
3/8/2020 19:38,39.783,89.351
3/8/2020 21:38,40.204,92.427
3/8/2020 23:38,40.626,92.283
3/9/2020 1:38,33.089,91.606
3/9/2020 3:38,31.138,92.157
3/9/2020 5:38,30.529,92.601
3/9/2020 7:38,31.138,93.07
3/9/2020 9:38,34.516,92.972
3/9/2020 11:38,37.416,82.048
3/9/2020 13:38,37.942,81.116
3/9/2020 15:38,36.459,82.637
3/9/2020 17:38,33.089,87.731
3/9/2020 19:38,30.326,87.339
3/9/2020 21:38,27.642,87.923
3/9/2020 23:38,26.006,88.637
3/10/2020 1:38,24.283,86.836
3/10/2020 3:38,21.855,82.641
3/10/2020 5:38,20.728,83.353
3/10/2020 7:38,26.96,90.724
3/10/2020 9:38,61.032,79.195
3/10/2020 11:38,58.195,63.282
3/10/2020 13:38,46.571,76.501
3/10/2020 15:38,44.218,80.559
3/10/2020 17:38,32.79,88.728
3/10/2020 19:38,32.142,91.24
3/10/2020 21:38,32.092,91.92
3/10/2020 23:38,32.092,92.302
3/11/2020 1:38,32.092,92.542
3/11/2020 3:38,32.092,92.702
3/11/2020 5:38,32.092,92.841
3/11/2020 7:38,32.142,92.948
3/11/2020 9:38,33.485,93.174
3/11/2020 11:38,38.226,92.808
3/11/2020 13:38,49.737,80.471
3/11/2020 15:38,46.436,86.931
3/11/2020 17:38,41.787,88.705
3/11/2020 19:38,35.589,91.181
3/11/2020 21:38,35.346,92.474
3/11/2020 23:38,36.313,92.823
3/12/2020 1:38,35.638,92.882
3/12/2020 3:38,38.7,93.672
3/12/2020 5:38,39.502,93.714
3/12/2020 7:38,41.137,94.005
3/12/2020 9:38,53.427,81.613
3/12/2020 11:38,44.173,88.955
3/12/2020 13:38,47.154,78.88
3/12/2020 15:38,46.031,79.282
3/12/2020 17:38,36.266,79.469
3/12/2020 19:38,29.764,88.145
3/12/2020 21:38,28.164,86.735
3/12/2020 23:38,27.642,89.041
3/13/2020 1:38,26.748,88.642
3/13/2020 3:38,25.255,88.322
3/13/2020 5:38,24.717,86.689
3/13/2020 7:38,29.251,89.194
3/13/2020 9:38,52.115,52.786
3/13/2020 11:38,56.512,44.485
3/13/2020 13:38,54.037,46.13
3/13/2020 15:38,42.247,60.364
3/13/2020 17:38,32.092,69.472
3/13/2020 19:38,26.854,82.052
3/13/2020 21:38,26.854,81.222
3/13/2020 23:38,27.327,77.7
3/14/2020 1:38,25.471,78.883
3/14/2020 3:38,24.987,77.317
3/14/2020 5:38,24.553,76.843
3/14/2020 7:38,25.578,76.168
3/14/2020 9:38,30.632,68.777
3/14/2020 11:38,31.791,67.997
3/14/2020 13:38,52.86,44.626
3/14/2020 15:38,40.764,60.846
3/14/2020 17:38,30.173,72.985
3/14/2020 19:38,24.933,81.553
3/14/2020 21:38,23.023,82.229
3/14/2020 23:38,21.799,83.024
3/15/2020 1:38,17.244,78.677
3/15/2020 3:38,17.184,80.773
3/15/2020 5:38,17.953,83.315
3/15/2020 7:38,28.373,89.599
3/15/2020 9:38,55.602,51.624
3/15/2020 11:38,63.133,33.281
3/15/2020 13:38,64.717,37.37
3/15/2020 15:38,46.391,53.086
3/15/2020 17:38,35.638,70.574
3/15/2020 19:38,32.592,78.775
3/15/2020 21:38,32.043,82.828
3/15/2020 23:38,31.541,83.701
3/16/2020 1:38,31.541,84.851
3/16/2020 3:38,31.591,86.49
3/16/2020 5:38,31.289,88.532
3/16/2020 7:38,32.193,89.333
3/16/2020 9:38,36.12,86.425
3/16/2020 11:38,38.889,81.4
3/16/2020 13:38,39.596,82.701
3/16/2020 15:38,41.554,79.363
3/16/2020 17:38,36.313,84.095
3/16/2020 19:38,30.682,83.874
3/16/2020 21:38,26.325,81.803
3/16/2020 23:38,24.066,84.734
3/17/2020 1:38,28.476,87.245
3/17/2020 3:38,28.891,85.142
3/17/2020 5:38,29.304,78.343
3/17/2020 7:38,33.485,77.102
3/17/2020 9:38,63.819,38.092
3/17/2020 11:38,78.427,31.027
3/17/2020 13:38,67.199,34.241
3/17/2020 15:38,51.895,50.731
3/17/2020 17:38,39.454,68.25
3/17/2020 19:38,35.055,81.072
3/17/2020 21:38,34.468,83.893
3/17/2020 23:38,34.516,85.831
3/18/2020 1:38,35.395,83.362
3/18/2020 3:38,35.541,88.593
3/18/2020 5:38,35.249,90.551
3/18/2020 7:38,36.939,91.65
3/18/2020 9:38,44.764,90.606
3/18/2020 11:38,48.628,81.013
3/18/2020 13:38,50.092,75.21
3/18/2020 15:38,48.583,76.687
3/18/2020 17:38,42.892,82.336
3/18/2020 19:38,39.924,87.371
3/18/2020 21:38,38.7,89.687
3/18/2020 23:38,37.893,90.836
3/19/2020 1:38,37.513,91.57
3/19/2020 3:38,37.416,91.969
3/19/2020 5:38,37.369,92.208
3/19/2020 7:38,40.017,93.017
3/19/2020 9:38,39.736,92.769
3/19/2020 11:38,41.23,93.036
3/19/2020 13:38,38.937,93.12
3/19/2020 15:38,38.322,93.351
3/19/2020 17:38,34.272,93.155
3/19/2020 19:38,32.243,93.201
3/19/2020 21:38,32.193,93.391
3/19/2020 23:38,31.791,93.368
3/20/2020 1:38,29.149,93.214
3/20/2020 3:38,25.792,92.693
3/20/2020 5:38,20.671,90.681
3/20/2020 7:38,24.066,88.801
3/20/2020 9:38,37.989,86.287
3/20/2020 11:38,47.244,78.052
3/20/2020 13:38,49.338,72.774
3/20/2020 15:38,42.156,76.604
3/20/2020 17:38,28.528,90.335
3/20/2020 19:38,22.912,91.588
3/20/2020 21:38,19.238,90.85
3/20/2020 23:38,16.885,89.755
3/21/2020 1:38,18.831,90.42
3/21/2020 3:38,17.244,89.302
3/21/2020 5:38,17.004,89.423
3/21/2020 7:38,27.799,90.509
3/21/2020 9:38,42.984,64.82
3/21/2020 11:38,53.865,47.532
3/21/2020 13:38,43.579,56.563
3/21/2020 15:38,36.072,68.369
3/21/2020 17:38,32.891,74.971
3/21/2020 19:38,30.376,86.019
3/21/2020 21:38,30.58,88.681
3/21/2020 23:38,30.276,89.343
3/22/2020 1:38,30.632,84.199
3/22/2020 3:38,29.867,84.074
3/22/2020 5:38,29.867,83.388
3/22/2020 7:38,32.742,79.475
3/22/2020 9:38,48.672,60.149
3/22/2020 11:38,56.728,51.402
3/22/2020 13:38,52.509,57.733
3/22/2020 15:38,44.355,66.804
3/22/2020 17:38,38.322,75.039
3/22/2020 19:38,34.713,82.591
3/22/2020 21:38,33.879,85.303
3/22/2020 23:38,32.891,87.554
3/23/2020 1:38,32.043,89.892
3/23/2020 3:38,31.993,90.503
3/23/2020 5:38,32.092,90.988
3/23/2020 7:38,32.491,91.556
3/23/2020 9:38,36.025,90.477
3/23/2020 11:38,44.492,86.823
3/23/2020 13:38,46.436,82.318
3/23/2020 15:38,44.537,82.595
3/23/2020 17:38,40.905,85.388
3/23/2020 19:38,38.748,89.223
3/23/2020 21:38,38.464,90.857
3/23/2020 23:38,38.322,91.275
3/24/2020 1:38,37.465,91.687
3/24/2020 3:38,37.274,92.071
3/24/2020 5:38,37.321,92.406
3/24/2020 7:38,38.606,92.763
3/24/2020 9:38,42.616,92.12
3/24/2020 11:38,55.69,70.458
3/24/2020 13:38,49.428,70.333
3/24/2020 15:38,46.661,75.149
3/24/2020 17:38,41.878,82.205
3/24/2020 19:38,38.842,87.022
3/24/2020 21:38,38.557,88.184
3/24/2020 23:38,39.407,89.639
3/25/2020 1:38,39.643,90.227
3/25/2020 3:38,40.345,92.448
3/25/2020 5:38,41.09,92.519
3/25/2020 7:38,41.787,92.706
3/25/2020 9:38,46.346,92.927
3/25/2020 11:38,47.871,92.261
3/25/2020 13:38,46.706,92.068
3/25/2020 15:38,44.445,92.812
3/25/2020 17:38,40.905,93.11
3/25/2020 19:38,37.942,93.273
3/25/2020 21:38,36.986,93.531
3/25/2020 23:38,35.782,93.627
3/26/2020 1:38,35.492,93.702
3/26/2020 3:38,31.692,93.707
3/26/2020 5:38,30.987,93.792
3/26/2020 7:38,33.485,93.946
3/26/2020 9:38,48.85,94.561
3/26/2020 11:38,69.343,91.12
3/26/2020 13:38,69.901,90.445
3/26/2020 15:38,70.029,86.223
3/26/2020 17:38,70.158,83.299
3/26/2020 19:38,70.201,79.14
3/26/2020 21:38,70.459,76.659
3/26/2020 23:38,68.785,79.131
3/27/2020 1:38,68.698,76.593
3/27/2020 3:38,68.614,72.915
3/27/2020 5:38,69.042,71.53
3/27/2020 7:38,70.587,67.982
3/27/2020 9:38,70.673,66.934
3/27/2020 11:38,70.459,62.312
3/27/2020 13:38,68.742,67.06
3/27/2020 15:38,68.742,66.288
3/27/2020 17:38,68.698,65.651
3/27/2020 19:38,68.742,65.396
3/27/2020 21:38,68.785,65.429
3/27/2020 23:38,66.643,68.945
3/28/2020 1:38,66.6,68.322
3/28/2020 3:38,66.558,67.924
3/28/2020 5:38,67.028,67.404
3/28/2020 7:38,68.698,64.552
3/28/2020 9:38,68.785,63.746
3/28/2020 11:38,68.828,63.691
3/28/2020 13:38,68.828,63.808
3/28/2020 15:38,68.871,63.169
3/28/2020 17:38,68.871,62.787
3/28/2020 19:38,68.913,61.848
3/28/2020 21:38,68.913,60.811
3/28/2020 23:38,66.729,62.885
3/29/2020 1:38,66.643,62.292
3/29/2020 3:38,66.6,61.346
3/29/2020 5:38,67.028,60.852
3/29/2020 7:38,68.828,58.225
3/29/2020 9:38,68.871,57.865
3/29/2020 11:38,68.913,57.838
3/29/2020 13:38,68.913,57.899
3/29/2020 15:38,68.871,57.045
3/29/2020 17:38,68.871,56.588
3/29/2020 19:38,68.828,56.34
3/29/2020 21:38,68.828,54.341
3/29/2020 23:38,66.643,55.551
3/30/2020 1:38,66.558,55.208
3/30/2020 3:38,66.558,54.901
3/30/2020 5:38,67.028,54.662
3/30/2020 7:38,68.742,52.499
3/30/2020 9:38,68.742,52.249
3/30/2020 11:38,68.785,51.625
3/30/2020 13:38,74.467,46.617
3/30/2020 15:38,74.77,47.224
3/30/2020 17:38,74.856,47.49
3/30/2020 19:38,74.856,45.924
3/30/2020 21:38,74.856,47.652
3/30/2020 23:38,69.256,54.034
3/31/2020 1:38,69.129,54.241
3/31/2020 3:38,69.129,51.965
3/31/2020 5:38,70.029,53.845
3/31/2020 7:38,74.683,45.551
3/31/2020 9:38,74.813,45.921
3/31/2020 11:38,74.727,45.915
3/31/2020 13:38,74.77,47.028
3/31/2020 15:38,74.813,47.552
3/31/2020 17:38,74.813,45.231
3/31/2020 19:38,74.813,46.999
3/31/2020 21:38,74.856,48.106
3/31/2020 23:38,69.3,52.385
4/1/2020 1:38,69.17,52.093
4/1/2020 3:38,69.17,52.532
4/1/2020 5:38,70.029,54.218
4/1/2020 7:38,74.683,45.912
4/1/2020 9:38,74.813,46.15
4/1/2020 11:38,74.856,48.753
4/1/2020 13:38,74.899,45.926
4/1/2020 15:38,74.943,48.597
4/1/2020 17:38,74.899,48.465
4/1/2020 19:38,74.899,46.744
4/1/2020 21:38,74.899,48.497
4/1/2020 23:38,69.343,55.215
4/2/2020 1:38,69.213,55.39
4/2/2020 3:38,69.213,55.758
4/2/2020 5:38,70.029,55.27
4/2/2020 7:38,74.77,48.229
4/2/2020 9:38,74.856,48.365
4/2/2020 11:38,74.899,48.723
4/2/2020 13:38,74.899,48.335
4/2/2020 15:38,74.943,50.845
4/2/2020 17:38,74.986,50.848
4/2/2020 19:38,74.986,51.453
4/2/2020 21:38,75.029,49.152
4/2/2020 23:38,69.386,55.619
4/3/2020 1:38,69.256,55.147
4/3/2020 3:38,69.213,55.328
4/3/2020 5:38,70.072,53.163
4/3/2020 7:38,74.727,46.209
4/3/2020 9:38,74.77,46.18
4/3/2020 11:38,74.64,46.465
4/3/2020 13:38,74.683,47.413
4/3/2020 15:38,74.727,45.489
4/3/2020 17:38,74.77,45.327
4/3/2020 19:38,74.727,44.996
4/3/2020 21:38,74.683,45.912
4/3/2020 23:38,69.17,52.657
4/4/2020 1:38,69.085,52.807
4/4/2020 3:38,69.042,52.553
4/4/2020 5:38,69.942,50.226
4/4/2020 7:38,74.511,46.88
4/4/2020 9:38,74.64,44.727
4/4/2020 11:38,74.64,46.367
4/4/2020 13:38,74.683,45.026
4/4/2020 15:38,74.683,46.501
4/4/2020 17:38,74.683,45.912
4/4/2020 19:38,74.683,44.993
4/4/2020 21:38,74.683,47.185
4/4/2020 23:38,69.17,50.898
4/5/2020 1:38,69.085,51.93
4/5/2020 3:38,69.042,51.078
4/5/2020 5:38,69.942,53.091
4/5/2020 7:38,74.597,47.504
4/5/2020 9:38,74.727,45.915
4/5/2020 11:38,74.727,45.915
4/5/2020 13:38,74.727,47.123
4/5/2020 15:38,74.727,45.915
4/5/2020 17:38,74.727,44.501
4/5/2020 19:38,74.77,44.603
4/5/2020 21:38,74.77,44.57
4/5/2020 23:38,69.213,51.783
4/6/2020 1:38,69.129,53.34
4/6/2020 3:38,69.085,51.647
4/6/2020 5:38,69.985,53.842
4/6/2020 7:38,74.683,47.737
4/6/2020 9:38,74.727,53.458
4/6/2020 11:38,74.64,54.642
4/6/2020 13:38,74.683,54.176
4/6/2020 15:38,74.899,59.345
4/6/2020 17:38,74.943,55.848
4/6/2020 19:38,74.943,59.288
4/6/2020 21:38,74.943,60.288
4/6/2020 23:38,69.343,66.46
4/7/2020 1:38,69.213,66.763
4/7/2020 3:38,69.17,67.444
4/7/2020 5:38,70.115,69.295
4/7/2020 7:38,74.77,60.574
4/7/2020 9:38,74.856,61.754
4/7/2020 11:38,74.856,61.514
4/7/2020 13:38,74.899,61.518
4/7/2020 15:38,74.943,58.495
4/7/2020 17:38,75.074,58.659
4/7/2020 19:38,75.16,54.87
4/7/2020 21:38,75.16,55.897
4/7/2020 23:38,69.386,61.506
4/8/2020 1:38,69.17,64.335
4/8/2020 3:38,69.17,63.46
4/8/2020 5:38,70.029,60.102
4/8/2020 7:38,74.856,56.151
4/8/2020 9:38,74.899,54.506
4/8/2020 11:38,75.16,53.522
4/8/2020 13:38,75.074,51.141
4/8/2020 15:38,75.117,50.634
4/8/2020 17:38,75.117,52.098
4/8/2020 19:38,75.117,48.868
4/8/2020 21:38,75.16,49.451
4/8/2020 23:38,69.343,56.871
4/9/2020 1:38,69.213,57.651
4/9/2020 3:38,69.213,58.348
4/9/2020 5:38,70.029,57.049
4/9/2020 7:38,75.029,50.723
4/9/2020 9:38,75.16,50.509
4/9/2020 11:38,75.16,50.701
4/9/2020 13:38,75.16,49.932
4/9/2020 15:38,75.117,47.312
4/9/2020 17:38,75.117,47.962
4/9/2020 19:38,75.074,49.187
4/9/2020 21:38,75.117,48.997
4/9/2020 23:38,69.343,54.164
4/10/2020 1:38,69.213,53.502
4/10/2020 3:38,69.17,53.592
4/10/2020 5:38,70.072,53.038
4/10/2020 7:38,74.943,48.177
4/10/2020 9:38,75.029,48.183
4/10/2020 11:38,75.074,47.147
4/10/2020 13:38,75.117,50.506
4/10/2020 15:38,75.117,49.48
4/10/2020 17:38,75.117,48.964
4/10/2020 19:38,75.117,50.314
4/10/2020 21:38,75.16,50.189
4/10/2020 23:38,69.343,56.779
4/11/2020 1:38,69.256,56.191
4/11/2020 3:38,69.213,56.921
4/11/2020 5:38,70.115,56.445
4/11/2020 7:38,75.029,49.955
4/11/2020 9:38,75.117,49.319
4/11/2020 11:38,75.16,49.354
4/11/2020 13:38,75.204,49.582
4/11/2020 15:38,75.16,47.51
4/11/2020 17:38,75.204,48.162
4/11/2020 19:38,75.204,49.486
4/11/2020 21:38,75.204,49.099
4/11/2020 23:38,69.386,55.496
4/12/2020 1:38,69.256,54.498
4/12/2020 3:38,69.256,56.038
4/12/2020 5:38,70.158,54.6
4/12/2020 7:38,75.074,47.862
4/12/2020 9:38,75.204,47.546
4/12/2020 11:38,75.16,47.608
4/12/2020 13:38,75.204,49.003
4/12/2020 15:38,75.204,48.518
4/12/2020 17:38,75.16,49.096
4/12/2020 19:38,75.16,47.478
4/12/2020 21:38,75.117,48.059
4/12/2020 23:38,69.343,53.947
4/13/2020 1:38,69.213,53.347
4/13/2020 3:38,69.17,52.532
4/13/2020 5:38,70.072,52.913
4/13/2020 7:38,74.986,45.604
4/13/2020 9:38,75.074,45.544
4/13/2020 11:38,75.074,45.938
4/13/2020 13:38,75.117,47.215
4/13/2020 15:38,75.29,49.749
4/13/2020 17:38,75.16,50.605
4/13/2020 19:38,75.117,47.637
4/13/2020 21:38,75.117,50.442
4/13/2020 23:38,69.343,54.876
4/14/2020 1:38,69.17,54.523
4/14/2020 3:38,69.17,54.955
4/14/2020 5:38,70.072,55.828
4/14/2020 7:38,74.986,50.241
4/14/2020 9:38,75.074,48.832
4/14/2020 11:38,75.074,47.991
4/14/2020 13:38,75.16,49.804
4/14/2020 15:38,75.16,48.709
4/14/2020 17:38,75.117,49.447
4/14/2020 19:38,75.074,47.016
4/14/2020 21:38,75.117,48.964
4/14/2020 23:38,69.3,55.581
4/15/2020 1:38,69.17,54.862
4/15/2020 3:38,69.17,53.81
4/15/2020 5:38,70.029,55.393
4/15/2020 7:38,74.986,47.498
4/15/2020 9:38,75.029,48.829
4/15/2020 11:38,75.247,46.832
4/15/2020 13:38,75.29,48.46
4/15/2020 15:38,75.29,47.519
4/15/2020 17:38,75.29,47.324
4/15/2020 19:38,75.29,48.847
4/15/2020 21:38,75.29,47.941
4/15/2020 23:38,69.514,54.209
4/16/2020 1:38,69.343,54.009
4/16/2020 3:38,69.343,54.474
4/16/2020 5:38,70.115,55.153
4/16/2020 7:38,75.117,46.921
4/16/2020 9:38,75.204,48.68
4/16/2020 11:38,75.247,48.392
4/16/2020 13:38,75.29,46.574
4/16/2020 15:38,75.247,48.392
4/16/2020 17:38,75.247,46.702
4/16/2020 19:38,75.247,47.646
4/16/2020 21:38,75.247,48.101
4/16/2020 23:38,69.514,55.29
4/17/2020 1:38,69.386,55.188
4/17/2020 3:38,69.386,54.539
4/17/2020 5:38,70.158,53.669
4/17/2020 7:38,75.117,48.448
4/17/2020 9:38,75.204,47.025
4/17/2020 11:38,74.64,50.567
4/17/2020 13:38,74.554,51.358
4/17/2020 15:38,74.597,51.043
4/17/2020 17:38,74.597,50.276
4/17/2020 19:38,74.597,49.346
4/17/2020 21:38,74.597,50.596
4/17/2020 23:38,69.256,57.564
4/18/2020 1:38,69.17,57.039
4/18/2020 3:38,69.129,57.127
4/18/2020 5:38,69.901,57.587
4/18/2020 7:38,74.597,50.308
4/18/2020 9:38,74.683,51.336
4/18/2020 11:38,74.727,52.006
4/18/2020 13:38,74.727,51.498
4/18/2020 15:38,74.77,51.692
4/18/2020 17:38,74.77,51.151
4/18/2020 19:38,74.727,49.901
4/18/2020 21:38,74.727,51.307
4/18/2020 23:38,69.343,56.412
4/19/2020 1:38,69.17,57.799
4/19/2020 3:38,69.17,56.398
4/19/2020 5:38,69.942,57.438
4/19/2020 7:38,74.511,49.437
4/19/2020 9:38,74.554,48.731
4/19/2020 11:38,74.597,49.25
4/19/2020 13:38,74.597,47.829
4/19/2020 15:38,74.64,48.802
4/19/2020 17:38,74.64,48.995
4/19/2020 19:38,74.683,47.9
4/19/2020 21:38,74.683,49.127
4/19/2020 23:38,69.3,54.378
4/20/2020 1:38,69.17,54.306
4/20/2020 3:38,69.17,54.492
4/20/2020 5:38,69.985,55.081
4/20/2020 7:38,74.597,49.443
4/20/2020 9:38,74.77,50.8
4/20/2020 11:38,75.376,52.466
4/20/2020 13:38,74.813,53.464
4/20/2020 15:38,74.813,53.433
4/20/2020 17:38,74.77,52.294
4/20/2020 19:38,74.727,51.91
4/20/2020 21:38,74.727,51.688
4/20/2020 23:38,69.343,58.6
4/21/2020 1:38,69.17,58.646
4/21/2020 3:38,69.17,58.616
4/21/2020 5:38,70.072,57.54
4/21/2020 7:38,74.511,50.877
4/21/2020 9:38,74.597,50.851
4/21/2020 11:38,74.597,51.043
4/21/2020 13:38,74.64,50.727
4/21/2020 15:38,74.683,50.73
4/21/2020 17:38,74.683,50.922
4/21/2020 19:38,74.727,50.574
4/21/2020 21:38,74.727,50.19
4/21/2020 23:38,69.343,57.236
4/22/2020 1:38,69.213,57.53
4/22/2020 3:38,69.213,57.621
4/22/2020 5:38,70.072,57.479
4/22/2020 7:38,74.597,50.628
4/22/2020 9:38,74.727,51.657
4/22/2020 11:38,74.727,51.498
4/22/2020 13:38,74.943,51.704
4/22/2020 15:38,75.029,52.187
4/22/2020 17:38,75.029,53.04
4/22/2020 19:38,75.029,53.04
4/22/2020 21:38,74.943,52.907
4/22/2020 23:38,69.386,58.694
4/23/2020 1:38,69.213,59.041
4/23/2020 3:38,69.213,59.372
4/23/2020 5:38,70.029,58.9
4/23/2020 7:38,74.77,52.578
4/23/2020 9:38,74.943,50.557
4/23/2020 11:38,74.943,50.493
4/23/2020 13:38,74.943,53.033
4/23/2020 15:38,74.986,53.005
4/23/2020 17:38,74.986,53.226
4/23/2020 19:38,74.986,53.226
4/23/2020 21:38,74.986,53.257
4/23/2020 23:38,69.427,58.336
4/24/2020 1:38,69.256,60.035
4/24/2020 3:38,69.213,59.552
4/24/2020 5:38,70.072,58.632
4/24/2020 7:38,74.813,52.961
4/24/2020 9:38,74.899,51.828
4/24/2020 11:38,74.899,47.297
4/24/2020 13:38,75.204,49.839
4/24/2020 15:38,75.29,50.742
4/24/2020 17:38,75.29,50.614
4/24/2020 19:38,75.247,52.171
4/24/2020 21:38,75.29,51.221
4/24/2020 23:38,69.386,58.302
4/25/2020 1:38,69.213,58.981
4/25/2020 3:38,69.17,59.639
4/25/2020 5:38,70.072,59.295
4/25/2020 7:38,75.16,52.291
4/25/2020 9:38,75.247,50.707
4/25/2020 11:38,75.247,51.409
4/25/2020 13:38,75.204,49.679
4/25/2020 15:38,75.204,49.035
4/25/2020 17:38,75.247,49.296
4/25/2020 19:38,75.29,49.106
4/25/2020 21:38,75.247,48.651
4/25/2020 23:38,69.3,56.47
4/26/2020 1:38,69.17,56.307
4/26/2020 3:38,69.129,55.997
4/26/2020 5:38,70.029,54.838
4/26/2020 7:38,75.16,49.418
4/26/2020 9:38,75.247,49.296
4/26/2020 11:38,75.247,49.167
4/26/2020 13:38,75.247,49.682
4/26/2020 15:38,75.247,51.632
4/26/2020 17:38,75.247,49.167
4/26/2020 19:38,75.29,51.285
4/26/2020 21:38,75.247,51.345
4/26/2020 23:38,69.343,57.175
4/27/2020 1:38,69.213,57.378
4/27/2020 3:38,69.213,56.891
4/27/2020 5:38,70.072,58.753
4/27/2020 7:38,75.204,50.448
4/27/2020 9:38,75.29,50.166
4/27/2020 11:38,75.29,49.685
4/27/2020 13:38,75.29,50.102
4/27/2020 15:38,75.29,42.279
4/27/2020 17:38,75.247,47.354
4/27/2020 19:38,75.247,47.744
4/27/2020 21:38,75.247,47.614
4/27/2020 23:38,69.3,54.718
4/28/2020 1:38,69.129,54.766
4/28/2020 3:38,69.085,55.564
4/28/2020 5:38,70.029,55.023
4/28/2020 7:38,75.16,50.701
4/28/2020 9:38,75.333,50.169
4/28/2020 11:38,75.376,51.291
4/28/2020 13:38,75.376,49.98
4/28/2020 15:38,75.42,50.176
4/28/2020 17:38,75.376,51.132
4/28/2020 19:38,75.376,49.498
4/28/2020 21:38,75.376,50.076
4/28/2020 23:38,69.386,56.783
4/29/2020 1:38,69.213,57.256
4/29/2020 3:38,69.17,57.222
4/29/2020 5:38,70.029,55.824
4/29/2020 7:38,75.117,48.803
4/29/2020 9:38,75.551,56.145
4/29/2020 11:38,75.42,56.568
4/29/2020 13:38,75.42,55.917
4/29/2020 15:38,75.42,55.669
4/29/2020 17:38,75.42,54.421
4/29/2020 19:38,75.508,54.584
4/29/2020 21:38,75.463,53.262
4/29/2020 23:38,69.386,61.684
4/30/2020 1:38,69.17,62.137
4/30/2020 3:38,69.17,61.842
4/30/2020 5:38,70.072,61.537
4/30/2020 7:38,75.29,53.564
4/30/2020 9:38,75.42,53.794
4/30/2020 11:38,75.42,52.279
4/30/2020 13:38,75.42,52.88
4/30/2020 15:38,75.508,51.873
4/30/2020 17:38,75.508,51.873
4/30/2020 19:38,75.508,51.683
4/30/2020 21:38,75.508,51.778
4/30/2020 23:38,69.386,59.657
5/1/2020 1:38,69.17,59.908
5/1/2020 3:38,69.17,59.968
5/1/2020 5:38,70.072,59.716
5/1/2020 7:38,75.333,52.114
5/1/2020 9:38,75.463,51.807
5/1/2020 11:38,75.333,53.032
5/1/2020 13:38,75.29,53.595
5/1/2020 15:38,75.376,53.35
5/1/2020 17:38,75.376,53.413
5/1/2020 19:38,75.376,54.042
5/1/2020 21:38,75.376,54.449
5/1/2020 23:38,69.427,63.308
5/2/2020 1:38,69.256,63.848
5/2/2020 3:38,69.213,64.019
5/2/2020 5:38,70.115,64.073
5/2/2020 7:38,75.117,55.085
5/2/2020 9:38,75.247,54.501
5/2/2020 11:38,75.204,53.84
5/2/2020 13:38,75.204,52.421
5/2/2020 15:38,75.247,52.361
5/2/2020 17:38,75.247,51.981
5/2/2020 19:38,75.247,51.79
5/2/2020 21:38,75.247,51.473
5/2/2020 23:38,69.3,58.898
5/3/2020 1:38,69.085,59.631
5/3/2020 3:38,69.085,59.751
5/3/2020 5:38,70.029,59.352
5/3/2020 7:38,75.029,52.724
5/3/2020 9:38,75.117,52.13
5/3/2020 11:38,75.117,51.876
5/3/2020 13:38,75.16,51.911
5/3/2020 15:38,75.16,50.765
5/3/2020 17:38,75.204,51.151
5/3/2020 19:38,75.16,51.562
5/3/2020 21:38,75.204,51.055
5/3/2020 23:38,69.256,58.2
5/4/2020 1:38,69.085,58.458
5/4/2020 3:38,69.042,58.454
5/4/2020 5:38,69.985,57.867
5/4/2020 7:38,74.986,51.453
5/4/2020 9:38,75.074,50.79
5/4/2020 11:38,75.333,50.266
5/4/2020 13:38,75.376,50.525
5/4/2020 15:38,75.376,49.755
5/4/2020 17:38,75.42,49.983
5/4/2020 19:38,75.42,50.4
5/4/2020 21:38,75.42,50.272
5/4/2020 23:38,69.343,57.874
5/5/2020 1:38,69.17,58.042
5/5/2020 3:38,69.129,58.038
5/5/2020 5:38,70.029,57.11
5/5/2020 7:38,75.247,49.553
5/5/2020 9:38,75.333,49.495
5/5/2020 11:38,75.333,48.074
5/5/2020 13:38,75.376,48.369
5/5/2020 15:38,75.376,47.363
5/5/2020 17:38,75.376,47.72
5/5/2020 19:38,75.333,47.034
5/5/2020 21:38,75.376,47.655
5/5/2020 23:38,69.256,55.147
5/6/2020 1:38,69.085,55.993
5/6/2020 3:38,69.085,57.306
5/6/2020 5:38,70.029,57.719
5/6/2020 7:38,75.247,50.259
5/6/2020 9:38,75.333,49.592
5/6/2020 11:38,75.376,48.401
5/6/2020 13:38,75.29,48.46
5/6/2020 15:38,75.333,48.366
5/6/2020 17:38,75.376,47.655
5/6/2020 19:38,75.376,47.818
5/6/2020 21:38,75.376,48.142
5/6/2020 23:38,69.343,55.277
5/7/2020 1:38,69.17,55.663
5/7/2020 3:38,69.129,55.752
5/7/2020 5:38,70.029,54.714
5/7/2020 7:38,75.247,47.484
5/7/2020 9:38,75.333,47.425
5/7/2020 11:38,75.376,46.711
5/7/2020 13:38,75.333,46.577
5/7/2020 15:38,75.333,46.773
5/7/2020 17:38,75.333,45.955
5/7/2020 19:38,75.376,46.318
5/7/2020 21:38,75.333,45.955
5/7/2020 23:38,69.256,52.538
5/8/2020 1:38,69.085,52.932
5/8/2020 3:38,69.085,53.119
5/8/2020 5:38,70.029,52.472
5/8/2020 7:38,75.117,45.941
5/8/2020 9:38,75.247,45.654
5/8/2020 11:38,75.247,45.621
5/8/2020 13:38,75.247,44.601
5/8/2020 15:38,75.204,44.928
5/8/2020 17:38,75.204,45.125
5/8/2020 19:38,75.247,44.898
5/8/2020 21:38,75.247,44.898
5/8/2020 23:38,69.256,51.157
5/9/2020 1:38,69.085,51.71
5/9/2020 3:38,69.085,52.212
5/9/2020 5:38,70.029,52.44
5/9/2020 7:38,75.117,45.941
5/9/2020 9:38,75.204,45.586
5/9/2020 11:38,75.29,45.394
5/9/2020 13:38,75.29,45.952
5/9/2020 15:38,75.29,46.541
5/9/2020 17:38,75.376,48.077
5/9/2020 19:38,75.42,47.853
5/9/2020 21:38,75.42,47.626
5/9/2020 23:38,69.386,54.539
5/10/2020 1:38,69.17,54.924
5/10/2020 3:38,69.17,54.893
5/10/2020 5:38,70.115,53.914
5/10/2020 7:38,75.117,47.54
5/10/2020 9:38,75.247,47.354
5/10/2020 11:38,75.247,46.8
5/10/2020 13:38,75.247,46.473
5/10/2020 15:38,75.204,46.339
5/10/2020 17:38,75.204,46.176
5/10/2020 19:38,75.204,45.946
5/10/2020 21:38,75.204,46.11
5/10/2020 23:38,69.256,52.726
5/11/2020 1:38,69.085,52.994
5/11/2020 3:38,69.085,53.212
5/11/2020 5:38,70.029,53.004
5/11/2020 7:38,75.074,46.036
5/11/2020 9:38,75.16,45.944
5/11/2020 11:38,75.376,50.876
5/11/2020 13:38,75.029,54.297
5/11/2020 15:38,74.986,53.792
5/11/2020 17:38,74.986,53.352
5/11/2020 19:38,74.986,53.226
5/11/2020 21:38,74.986,54.106
5/11/2020 23:38,69.343,60.133
5/12/2020 1:38,69.129,61.246
5/12/2020 3:38,69.129,61.572
5/12/2020 5:38,69.985,61.737
5/12/2020 7:38,74.856,52.49
5/12/2020 9:38,74.943,53.726
5/12/2020 11:38,75.029,51.901
5/12/2020 13:38,75.029,52.724
5/12/2020 15:38,75.029,53.795
5/12/2020 17:38,75.029,51.584
5/12/2020 19:38,75.029,53.481
5/12/2020 21:38,75.074,52.854
5/12/2020 23:38,69.343,60.819
5/13/2020 1:38,69.17,60.058
5/13/2020 3:38,69.129,61.246
5/13/2020 5:38,69.942,59.013
5/13/2020 7:38,74.943,53.506
5/13/2020 9:38,75.074,52.917
5/13/2020 11:38,75.117,54.835
5/13/2020 13:38,75.463,52.061
5/13/2020 15:38,75.508,53.076
5/13/2020 17:38,75.551,54.494
5/13/2020 19:38,75.594,54.873
5/13/2020 21:38,75.637,55.25
5/13/2020 23:38,69.557,65.502
5/14/2020 1:38,69.343,66.202
5/14/2020 3:38,69.343,66.546
5/14/2020 5:38,70.329,65.662
5/14/2020 7:38,75.333,57.763
5/14/2020 9:38,75.42,57.309
5/14/2020 11:38,75.463,55.921
5/14/2020 13:38,75.508,56.513
5/14/2020 15:38,75.551,55.71
5/14/2020 17:38,75.551,55.773
5/14/2020 19:38,75.551,56.733
5/14/2020 21:38,75.551,55.306
5/14/2020 23:38,69.514,64.221
5/15/2020 1:38,69.256,64.023
5/15/2020 3:38,69.256,63.409
5/15/2020 5:38,70.201,63.818
5/15/2020 7:38,75.247,55.624
5/15/2020 9:38,75.376,54.449
5/15/2020 11:38,75.42,55.327
5/15/2020 13:38,75.637,54.03
5/15/2020 15:38,75.637,54.281
5/15/2020 17:38,75.681,53.845
5/15/2020 19:38,75.724,54.069
5/15/2020 21:38,75.681,54.097
5/15/2020 23:38,69.514,62.934
5/16/2020 1:38,69.3,63.413
5/16/2020 3:38,69.256,63.409
5/16/2020 5:38,70.201,63.642
5/16/2020 7:38,75.376,55.323
5/16/2020 9:38,75.508,54.897
5/16/2020 11:38,75.551,54.713
5/16/2020 13:38,75.594,54.716
5/16/2020 15:38,75.637,55.344
5/16/2020 17:38,75.551,56.331
5/16/2020 19:38,75.551,56.64
5/16/2020 21:38,75.594,56.798
5/16/2020 23:38,69.514,65.758
5/17/2020 1:38,69.343,66.116
5/17/2020 3:38,69.3,65.795
5/17/2020 5:38,70.243,64.872
5/17/2020 7:38,75.463,56.2
5/17/2020 9:38,75.594,55.776
5/17/2020 11:38,75.594,55.962
5/17/2020 13:38,75.594,56.304
5/17/2020 15:38,75.594,56.334
5/17/2020 17:38,75.594,56.211
5/17/2020 19:38,75.594,56.149
5/17/2020 21:38,75.594,55.776
5/17/2020 23:38,69.471,64.217
5/18/2020 1:38,69.256,64.023
5/18/2020 3:38,69.213,63.756
5/18/2020 5:38,70.115,63.341
5/18/2020 7:38,75.376,54.98
5/18/2020 9:38,75.463,54.706
5/18/2020 11:38,75.463,54.644
5/18/2020 13:38,75.463,54.925
5/18/2020 15:38,75.463,54.956
5/18/2020 17:38,75.463,54.925
5/18/2020 19:38,75.463,54.987
5/18/2020 21:38,75.463,54.987
5/18/2020 23:38,69.427,64.097
5/19/2020 1:38,69.213,63.756
5/19/2020 3:38,69.129,63.28
5/19/2020 5:38,70.115,62.045
5/19/2020 7:38,75.247,54.376
5/19/2020 9:38,75.333,54.383
5/19/2020 11:38,75.376,55.012
5/19/2020 13:38,75.42,55.358
5/19/2020 15:38,75.463,55.983
5/19/2020 17:38,75.508,56.482
5/19/2020 19:38,75.508,56.791
5/19/2020 21:38,75.508,56.915
5/19/2020 23:38,69.514,66.85
5/20/2020 1:38,69.343,66.46
5/20/2020 3:38,69.3,66.341
5/20/2020 5:38,70.286,65.137
5/20/2020 7:38,75.29,56.65
5/20/2020 9:38,75.42,56.382
5/20/2020 11:38,75.16,57.102
5/20/2020 13:38,75.117,57.929
5/20/2020 15:38,75.16,57.287
5/20/2020 17:38,75.247,57.356
5/20/2020 19:38,75.29,56.959
5/20/2020 21:38,75.29,56.928
5/20/2020 23:38,69.514,66.075
5/21/2020 1:38,69.343,67.176
5/21/2020 3:38,69.343,67.119
5/21/2020 5:38,70.286,65.687
5/21/2020 7:38,75.117,57.898
5/21/2020 9:38,75.204,57.537
5/21/2020 11:38,75.247,57.479
5/21/2020 13:38,75.29,57.912
5/21/2020 15:38,75.29,57.39
5/21/2020 17:38,75.29,57.298
5/21/2020 19:38,75.333,57.363
5/21/2020 21:38,75.333,57.209
5/21/2020 23:38,69.514,65.729
5/22/2020 1:38,69.343,66.202
5/22/2020 3:38,69.343,66.862
5/22/2020 5:38,70.286,66.465
5/22/2020 7:38,75.117,57.652
5/22/2020 9:38,75.333,57.394
5/22/2020 11:38,75.247,57.417
5/22/2020 13:38,75.204,56.859
5/22/2020 15:38,75.204,56.828
5/22/2020 17:38,75.247,57.417
5/22/2020 19:38,75.204,57.168
5/22/2020 21:38,75.247,57.233
5/22/2020 23:38,69.386,66.694
5/23/2020 1:38,69.213,66.963
5/23/2020 3:38,69.17,67.159
5/23/2020 5:38,70.201,66.974
5/23/2020 7:38,75.029,59.265
5/23/2020 9:38,75.117,59.15
5/23/2020 11:38,75.16,60.034
5/23/2020 13:38,75.16,60.246
5/23/2020 15:38,75.16,59.731
5/23/2020 17:38,75.16,59.337
5/23/2020 19:38,75.16,59.731
5/23/2020 21:38,75.16,59.731
5/23/2020 23:38,69.427,70.012
5/24/2020 1:38,69.256,69.938
5/24/2020 3:38,69.256,69.938
5/24/2020 5:38,70.286,68.577
5/24/2020 7:38,75.029,60.265
5/24/2020 9:38,75.117,60.363
5/24/2020 11:38,75.117,60.605
5/24/2020 13:38,75.16,60.064
5/24/2020 15:38,75.117,60.061
5/24/2020 17:38,75.117,60.574
5/24/2020 19:38,75.16,60.306
5/24/2020 21:38,75.16,60.276
5/24/2020 23:38,69.514,71.497
5/25/2020 1:38,69.343,72.004
5/25/2020 3:38,69.3,72.165
5/25/2020 5:38,70.286,70.24
5/25/2020 7:38,75.029,61.259
5/25/2020 9:38,75.117,60.876
5/25/2020 11:38,75.117,61.026
5/25/2020 13:38,75.117,61.086
5/25/2020 15:38,75.16,60.578
5/25/2020 17:38,75.16,60.276
5/25/2020 19:38,75.16,60.125
5/25/2020 21:38,75.16,60.427
5/25/2020 23:38,69.514,71.247
5/26/2020 1:38,69.343,71.645
5/26/2020 3:38,69.343,71.534
5/26/2020 5:38,70.329,69.851
5/26/2020 7:38,74.986,61.435
5/26/2020 9:38,75.074,61.053
5/26/2020 11:38,75.074,61.143
5/26/2020 13:38,75.16,60.548
5/26/2020 15:38,75.16,60.457
5/26/2020 17:38,75.16,60.427
5/26/2020 19:38,75.16,60.88
5/26/2020 21:38,75.204,60.823
5/26/2020 23:38,69.514,71.58
5/27/2020 1:38,69.386,71.898
5/27/2020 3:38,69.343,72.142
5/27/2020 5:38,70.372,70.36
5/27/2020 7:38,74.986,61.165
5/27/2020 9:38,75.029,61.139
5/27/2020 11:38,75.594,59.556
5/27/2020 13:38,75.42,58.902
5/27/2020 15:38,75.42,58.597
5/27/2020 17:38,75.42,59.054
5/27/2020 19:38,75.42,59.146
5/27/2020 21:38,75.376,58.715
5/27/2020 23:38,69.427,69.366
5/28/2020 1:38,69.3,69.718
5/28/2020 3:38,69.256,70.022
5/28/2020 5:38,70.329,67.272
5/28/2020 7:38,75.247,56.925
5/28/2020 9:38,75.333,55.662
5/28/2020 11:38,75.29,54.066
5/28/2020 13:38,75.29,52.997
5/28/2020 15:38,75.29,51.889
5/28/2020 17:38,75.29,51.794
5/28/2020 19:38,75.333,52.526
5/28/2020 21:38,75.333,52.684
5/28/2020 23:38,69.213,61.016
5/29/2020 1:38,69.085,61.064
5/29/2020 3:38,69.042,61.119
5/29/2020 5:38,70.115,59.84
5/29/2020 7:38,75.204,52.453
5/29/2020 9:38,75.29,52.649
5/29/2020 11:38,75.29,51.762
5/29/2020 13:38,75.29,52.079
5/29/2020 15:38,75.29,52.396
5/29/2020 17:38,75.333,52.241
5/29/2020 19:38,75.29,52.333
5/29/2020 21:38,75.29,52.681
5/29/2020 23:38,69.213,60.45
5/30/2020 1:38,69.085,60.915
5/30/2020 3:38,69.085,60.856
5/30/2020 5:38,70.158,60.203
5/30/2020 7:38,75.16,52.196
5/30/2020 9:38,75.247,51.632
5/30/2020 11:38,75.204,50.672
5/30/2020 13:38,75.204,49.228
5/30/2020 15:38,75.204,48.841
5/30/2020 17:38,75.204,48.938
5/30/2020 19:38,75.463,48.795
5/30/2020 21:38,75.594,49.224
5/30/2020 23:38,69.343,57.114
5/31/2020 1:38,69.17,57.951
5/31/2020 3:38,69.17,58.465
5/31/2020 5:38,70.286,58.347
5/31/2020 7:38,75.42,50.784
5/31/2020 9:38,75.551,50.537
5/31/2020 11:38,75.594,49.867
5/31/2020 13:38,75.637,49.967
5/31/2020 15:38,75.637,50.863
5/31/2020 17:38,75.681,50.994
5/31/2020 19:38,75.724,51.635
5/31/2020 21:38,75.724,51.889
5/31/2020 23:38,69.557,60.599
6/1/2020 1:38,69.386,61.12
6/1/2020 3:38,69.343,61.443
6/1/2020 5:38,70.459,61.066
6/1/2020 7:38,75.681,54.097
6/1/2020 9:38,75.81,54.827
6/1/2020 11:38,75.898,55.084
6/1/2020 13:38,75.853,55.921
6/1/2020 15:38,75.853,56.448
6/1/2020 17:38,75.853,56.603
6/1/2020 19:38,75.898,56.792
6/1/2020 21:38,75.898,56.514
6/1/2020 23:38,69.685,66.494
6/2/2020 1:38,69.514,67.021
6/2/2020 3:38,69.514,67.107
6/2/2020 5:38,70.543,66.576
6/2/2020 7:38,75.681,56.713
6/2/2020 9:38,75.724,55.6
6/2/2020 11:38,75.767,55.697
6/2/2020 13:38,75.724,54.601
6/2/2020 15:38,75.81,54.264
6/2/2020 17:38,75.853,55.61
6/2/2020 19:38,75.81,56.723
6/2/2020 21:38,75.81,56.631
6/2/2020 23:38,69.685,66.866
6/3/2020 1:38,69.471,67.131
6/3/2020 3:38,69.427,67.413
6/3/2020 5:38,70.543,65.972
6/3/2020 7:38,75.594,57.015
6/3/2020 9:38,75.681,56.218
6/3/2020 11:38,75.724,54.726
6/3/2020 13:38,75.724,53.503
6/3/2020 15:38,75.767,53.033
6/3/2020 17:38,75.724,52.017
6/3/2020 19:38,75.767,52.242
6/3/2020 21:38,75.767,52.083
6/3/2020 23:38,69.514,60.655
6/4/2020 1:38,69.3,60.726
6/4/2020 3:38,69.3,60.964
6/4/2020 5:38,70.372,60.012
6/4/2020 7:38,75.551,53.111
6/4/2020 9:38,75.681,53.625
6/4/2020 11:38,75.724,53.849
6/4/2020 13:38,75.724,53.408
6/4/2020 15:38,75.724,51.953
6/4/2020 17:38,75.724,51.253
6/4/2020 19:38,75.767,51.575
6/4/2020 21:38,75.81,51.514
6/4/2020 23:38,69.514,59.938
6/5/2020 1:38,69.343,63.563
6/5/2020 3:38,69.386,64.093
6/5/2020 5:38,70.459,63.637
6/5/2020 7:38,75.681,54.504
6/5/2020 9:38,75.724,53.912
6/5/2020 11:38,75.681,53.184
6/5/2020 13:38,75.681,52.14
6/5/2020 15:38,75.637,50.48
6/5/2020 17:38,75.681,49.681
6/5/2020 19:38,75.681,49.681
6/5/2020 21:38,75.724,49.78
6/5/2020 23:38,69.427,57.972
6/6/2020 1:38,69.256,58.774
6/6/2020 3:38,69.256,59.406
6/6/2020 5:38,70.372,59.08
6/6/2020 7:38,75.551,52.352
6/6/2020 9:38,75.637,51.501
6/6/2020 11:38,75.681,51.122
6/6/2020 13:38,75.724,51.508
6/6/2020 15:38,75.724,52.048
6/6/2020 17:38,75.853,52.121
6/6/2020 19:38,75.898,53.074
6/6/2020 21:38,75.898,54.051
6/6/2020 23:38,69.6,63.118
6/7/2020 1:38,69.427,63.717
6/7/2020 3:38,69.427,63.571
6/7/2020 5:38,70.543,63.057
6/7/2020 7:38,75.637,54.72
6/7/2020 9:38,75.767,54.229
6/7/2020 11:38,75.81,55.264
6/7/2020 13:38,75.898,55.365
6/7/2020 15:38,75.942,55.648
6/7/2020 17:38,75.942,55.804
6/7/2020 19:38,75.985,55.901
6/7/2020 21:38,75.898,55.614
6/7/2020 23:38,69.685,65.456
6/8/2020 1:38,69.514,65.815
6/8/2020 3:38,69.514,66.218
6/8/2020 5:38,70.63,65.198
6/8/2020 7:38,75.767,56.287
6/8/2020 9:38,75.942,55.928
6/8/2020 11:38,75.942,56.021
6/8/2020 13:38,75.985,55.683
6/8/2020 15:38,75.985,54.997
6/8/2020 17:38,75.985,54.684
6/8/2020 19:38,76.028,54.312
6/8/2020 21:38,75.985,54.747
6/8/2020 23:38,69.6,64.317
6/9/2020 1:38,69.427,63.6
6/9/2020 3:38,69.343,63.065
6/9/2020 5:38,70.502,62.257
6/9/2020 7:38,75.681,54.473
6/9/2020 9:38,75.898,54.27
6/9/2020 11:38,75.942,54.869
6/9/2020 13:38,76.028,54.469
6/9/2020 15:38,76.071,54.441
6/9/2020 17:38,76.071,54.848
6/9/2020 19:38,76.114,54.601
6/9/2020 21:38,76.071,54.754
6/9/2020 23:38,69.643,64.525
6/10/2020 1:38,69.471,64.683
6/10/2020 3:38,69.427,64.824
6/10/2020 5:38,70.502,63.112
6/10/2020 7:38,75.81,54.075
6/10/2020 9:38,75.942,52.983
6/10/2020 11:38,75.942,52.287
6/10/2020 13:38,75.898,51.648
6/10/2020 15:38,76.158,50.549
6/10/2020 17:38,75.942,50.598
6/10/2020 19:38,75.898,50.178
6/10/2020 21:38,75.724,50.422
6/10/2020 23:38,69.343,58.449
6/11/2020 1:38,69.213,59.102
6/11/2020 3:38,69.213,59.162
6/11/2020 5:38,70.286,59.163
6/11/2020 7:38,75.681,51.664
6/11/2020 9:38,75.724,50.358
6/11/2020 11:38,75.767,49.88
6/11/2020 13:38,75.767,49.815
6/11/2020 15:38,75.767,49.59
6/11/2020 17:38,75.767,49.494
6/11/2020 19:38,75.767,49.3
6/11/2020 21:38,75.767,49.3
6/11/2020 23:38,69.343,57.814
6/12/2020 1:38,69.17,58.616
6/12/2020 3:38,69.17,58.646
6/12/2020 5:38,70.286,58.226
6/12/2020 7:38,75.594,51.88
6/12/2020 9:38,75.724,52.048
6/12/2020 11:38,75.724,52.682
6/12/2020 13:38,75.724,52.175
6/12/2020 15:38,75.942,51.619
6/12/2020 17:38,75.985,50.409
6/12/2020 19:38,76.071,49.901
6/12/2020 21:38,76.028,49.641
6/12/2020 23:38,69.514,55.69
6/13/2020 1:38,69.3,54.811
6/13/2020 3:38,69.256,54.838
6/13/2020 5:38,70.416,54.714
6/13/2020 7:38,75.767,49.01
6/13/2020 9:38,75.942,49.506
6/13/2020 11:38,75.985,49.638
6/13/2020 13:38,75.985,49.316
6/13/2020 15:38,75.985,49.541
6/13/2020 17:38,76.028,49.19
6/13/2020 19:38,76.028,48.446
6/13/2020 21:38,76.028,48.187
6/13/2020 23:38,69.6,55.544
6/14/2020 1:38,69.386,55.834
6/14/2020 3:38,69.343,55.738
6/14/2020 5:38,70.416,55.578
6/14/2020 7:38,75.724,48.296
6/14/2020 9:38,75.942,48.699
6/14/2020 11:38,75.985,48.605
6/14/2020 13:38,75.985,49.284
6/14/2020 15:38,76.028,49.641
6/14/2020 17:38,76.071,49.741
6/14/2020 19:38,76.114,48.97
6/14/2020 21:38,76.071,49.225
6/14/2020 23:38,69.685,57.021
6/15/2020 1:38,69.471,56.881
6/15/2020 3:38,69.427,56.572
6/15/2020 5:38,70.543,55.496
6/15/2020 7:38,75.853,48.175
6/15/2020 9:38,76.071,49.128
6/15/2020 11:38,76.071,50.255
6/15/2020 13:38,76.114,52.648
6/15/2020 15:38,76.158,52.366
6/15/2020 17:38,76.203,52.623
6/15/2020 19:38,76.158,52.493
6/15/2020 21:38,76.158,51.412
6/15/2020 23:38,69.728,60.046
6/16/2020 1:38,69.514,59.878
6/16/2020 3:38,69.471,59.724
6/16/2020 5:38,70.587,58.827
6/16/2020 7:38,75.898,51.329
6/16/2020 9:38,75.985,52.099
6/16/2020 11:38,76.071,52.423
6/16/2020 13:38,76.071,52.708
6/16/2020 15:38,76.114,52.3
6/16/2020 17:38,76.158,52.239
6/16/2020 19:38,76.158,52.683
6/16/2020 21:38,76.114,52.3
6/16/2020 23:38,69.685,59.353
6/17/2020 1:38,69.427,59.601
6/17/2020 3:38,69.427,59.631
6/17/2020 5:38,70.543,59.456
6/17/2020 7:38,75.853,51.74
6/17/2020 9:38,75.985,52.29
6/17/2020 11:38,75.985,52.29
6/17/2020 13:38,76.071,52.106
6/17/2020 15:38,76.071,51.915
6/17/2020 17:38,76.114,52.014
6/17/2020 19:38,76.114,51.791
6/17/2020 21:38,76.071,51.597
6/17/2020 23:38,69.643,59.529
6/18/2020 1:38,69.471,60.413
6/18/2020 3:38,69.427,60.975
6/18/2020 5:38,70.543,61.252
6/18/2020 7:38,75.898,53.138
6/18/2020 9:38,75.985,52.86
6/18/2020 11:38,76.028,52.673
6/18/2020 13:38,75.985,53.113
6/18/2020 15:38,76.071,52.645
6/18/2020 17:38,76.071,52.487
6/18/2020 19:38,76.114,52.585
6/18/2020 21:38,76.114,52.553
6/18/2020 23:38,69.728,61.892
6/19/2020 1:38,69.514,62.08
6/19/2020 3:38,69.514,62.434
6/19/2020 5:38,70.63,61.617
6/19/2020 7:38,75.853,53.764
6/19/2020 9:38,75.942,53.173
6/19/2020 11:38,75.985,52.226
6/19/2020 13:38,75.985,52.543
6/19/2020 15:38,75.985,52.86
6/19/2020 17:38,76.028,52.198
6/19/2020 19:38,76.028,51.753
6/19/2020 21:38,75.985,52.448
6/19/2020 23:38,69.6,60.633
6/20/2020 1:38,69.427,60.826
6/20/2020 3:38,69.386,60.196
6/20/2020 5:38,70.543,59.787
6/20/2020 7:38,75.81,51.642
6/20/2020 9:38,75.942,51.778
6/20/2020 11:38,75.985,51.144
6/20/2020 13:38,75.985,52.765
6/20/2020 15:38,76.028,52.293
6/20/2020 17:38,76.028,51.53
6/20/2020 19:38,76.028,51.403
6/20/2020 21:38,76.071,51.756
6/20/2020 23:38,69.643,61.054
6/21/2020 1:38,69.471,62.046
6/21/2020 3:38,69.471,62.4
6/21/2020 5:38,70.63,61.171
6/21/2020 7:38,75.942,53.299
6/21/2020 9:38,75.985,53.176
6/21/2020 11:38,76.028,53.526
6/21/2020 13:38,76.028,52.832
6/21/2020 15:38,76.071,52.582
6/21/2020 17:38,76.114,53.186
6/21/2020 19:38,76.114,53.659
6/21/2020 21:38,76.114,53.438
6/21/2020 23:38,69.728,62.188
6/22/2020 1:38,69.514,62.816
6/22/2020 3:38,69.471,62.194
6/22/2020 5:38,70.63,60.185
6/22/2020 7:38,75.853,51.708
6/22/2020 9:38,75.898,51.457
6/22/2020 11:38,75.942,50.63
6/22/2020 13:38,75.985,50.473
6/22/2020 15:38,75.985,50.473
6/22/2020 17:38,76.071,50.639
6/22/2020 19:38,76.071,50.703
6/22/2020 21:38,76.071,50.19
6/22/2020 23:38,69.6,58.229
6/23/2020 1:38,69.427,58.909
6/23/2020 3:38,69.427,59.15
6/23/2020 5:38,70.587,59.55
6/23/2020 7:38,75.898,52.6
6/23/2020 9:38,75.985,51.463
6/23/2020 11:38,75.985,50.729
6/23/2020 13:38,76.028,50.444
6/23/2020 15:38,76.028,49.512
6/23/2020 17:38,76.071,49.901
6/23/2020 19:38,76.071,51.915
6/23/2020 21:38,76.071,51.629
6/23/2020 23:38,69.685,60.461
6/24/2020 1:38,69.514,60.893
6/24/2020 3:38,69.471,60.86
6/24/2020 5:38,70.63,59.885
6/24/2020 7:38,75.942,52.287
6/24/2020 9:38,75.985,51.909
6/24/2020 11:38,76.028,50.988
6/24/2020 13:38,76.028,50.732
6/24/2020 15:38,76.071,50.126
6/24/2020 17:38,76.071,50.383
6/24/2020 19:38,76.114,49.39
6/24/2020 21:38,76.071,50.126
6/24/2020 23:38,69.685,60.073
6/25/2020 1:38,69.514,60.804
6/25/2020 3:38,69.514,61.012
6/25/2020 5:38,70.673,60.577
6/25/2020 7:38,75.898,52.537
6/25/2020 9:38,75.985,51.877
6/25/2020 11:38,75.985,51.591
6/25/2020 13:38,76.028,51.466
6/25/2020 15:38,76.071,51.661
6/25/2020 17:38,76.158,51.667
6/25/2020 19:38,76.158,50.965
6/25/2020 21:38,76.158,51.604
6/25/2020 23:38,69.728,60.763
6/26/2020 1:38,69.557,61.729
6/26/2020 3:38,69.557,62.143
6/26/2020 5:38,70.759,61.806
6/26/2020 7:38,75.985,53.932
6/26/2020 9:38,76.071,53.214
6/26/2020 11:38,76.071,52.866
6/26/2020 13:38,76.071,52.93
6/26/2020 15:38,76.114,53.028
6/26/2020 17:38,76.158,52.303
6/26/2020 19:38,76.114,52.901
6/26/2020 21:38,76.114,53.249
6/26/2020 23:38,69.728,61.744
6/27/2020 1:38,69.514,62.286
6/27/2020 3:38,69.514,62.552
6/27/2020 5:38,70.673,61.888
6/27/2020 7:38,75.898,54.051
6/27/2020 9:38,75.985,53.806
6/27/2020 11:38,76.028,53.084
6/27/2020 13:38,76.028,52.515
6/27/2020 15:38,76.028,52.515
6/27/2020 17:38,76.071,52.487
6/27/2020 19:38,76.071,52.423
6/27/2020 21:38,76.071,52.487
6/27/2020 23:38,69.728,62.128
6/28/2020 1:38,69.514,62.463
6/28/2020 3:38,69.514,62.728
6/28/2020 5:38,70.673,61.591
6/28/2020 7:38,75.898,53.453
6/28/2020 9:38,76.028,53.179
6/28/2020 11:38,76.028,53.179
6/28/2020 13:38,76.028,52.768
6/28/2020 15:38,76.071,52.835
6/28/2020 17:38,76.071,53.309
6/28/2020 19:38,76.071,53.529
6/28/2020 21:38,76.071,53.624
6/28/2020 23:38,69.685,62.714
6/29/2020 1:38,69.514,62.816
6/29/2020 3:38,69.471,62.607
6/29/2020 5:38,70.63,62.446
6/29/2020 7:38,75.853,53.984
6/29/2020 9:38,75.767,56.843
6/29/2020 11:38,75.767,55.448
6/29/2020 13:38,75.767,56.689
6/29/2020 15:38,75.767,56.287
6/29/2020 17:38,75.853,56.974
6/29/2020 19:38,75.853,55.859
6/29/2020 21:38,75.853,56.541
6/29/2020 23:38,69.6,66.657
6/30/2020 1:38,69.471,66.473
6/30/2020 3:38,69.427,66.698
6/30/2020 5:38,70.63,64.908
6/30/2020 7:38,75.681,56.682
6/30/2020 9:38,75.767,56.41
6/30/2020 11:38,75.767,56.782
6/30/2020 13:38,75.767,56.689
6/30/2020 15:38,75.767,56.596
6/30/2020 17:38,75.81,56.507
6/30/2020 19:38,75.853,56.294
6/30/2020 21:38,75.81,56.569
6/30/2020 23:38,69.643,66.26
7/1/2020 1:38,69.471,66.588
7/1/2020 3:38,69.427,66.469
7/1/2020 5:38,70.63,65.749
7/1/2020 7:38,75.637,55.873
7/1/2020 9:38,75.724,56.376
7/1/2020 11:38,75.767,56.905
7/1/2020 13:38,75.767,56.998
7/1/2020 15:38,75.767,56.318
7/1/2020 17:38,75.81,55.545
7/1/2020 19:38,75.853,55.641
7/1/2020 21:38,75.81,55.793
7/1/2020 23:38,69.685,65.918
7/2/2020 1:38,69.514,66.103
7/2/2020 3:38,69.471,66.128
7/2/2020 5:38,70.587,64.991
7/2/2020 7:38,75.637,55.717
7/2/2020 9:38,75.724,56.469
7/2/2020 11:38,75.767,55.572
7/2/2020 13:38,75.767,55.759
7/2/2020 15:38,75.81,56.352
7/2/2020 17:38,75.853,55.143
7/2/2020 19:38,75.898,55.458
7/2/2020 21:38,75.853,55.766
7/2/2020 23:38,69.685,65.37
7/3/2020 1:38,69.514,65.729
7/3/2020 3:38,69.427,65.836
7/3/2020 5:38,70.673,64.941
7/3/2020 7:38,75.681,56.218
7/3/2020 9:38,75.767,56.163
7/3/2020 11:38,75.81,56.352
7/3/2020 13:38,75.81,56.259
7/3/2020 15:38,75.81,55.202
7/3/2020 17:38,75.898,56.049
7/3/2020 19:38,75.898,55.894
7/3/2020 21:38,75.853,55.61
7/3/2020 23:38,69.685,65.196
7/4/2020 1:38,69.514,65.411
7/4/2020 3:38,69.471,65.725
7/4/2020 5:38,70.673,65.057
7/4/2020 7:38,75.724,55.755
7/4/2020 9:38,75.81,55.638
7/4/2020 11:38,75.81,55.949
7/4/2020 13:38,75.853,56.294
7/4/2020 15:38,75.853,56.448
7/4/2020 17:38,75.898,55.551
7/4/2020 19:38,75.898,55.489
7/4/2020 21:38,75.898,55.8
7/4/2020 23:38,69.643,65.452
7/5/2020 1:38,69.514,65.469
7/5/2020 3:38,69.471,65.205
7/5/2020 5:38,70.716,64.771
7/5/2020 7:38,75.767,56.379
7/5/2020 9:38,75.853,55.049
7/5/2020 11:38,75.898,56.204
7/5/2020 13:38,75.898,54.896
7/5/2020 15:38,75.898,55.489
7/5/2020 17:38,75.942,56.176
7/5/2020 19:38,75.942,55.243
7/5/2020 21:38,75.942,55.742
7/5/2020 23:38,69.685,65.225
7/6/2020 1:38,69.514,65.498
7/6/2020 3:38,69.471,65.436
7/6/2020 5:38,70.673,64.475
7/6/2020 7:38,75.724,56.283
7/6/2020 9:38,75.853,55.33
7/6/2020 11:38,75.898,54.959
7/6/2020 13:38,75.898,56.297
7/6/2020 15:38,75.898,55.24
7/6/2020 17:38,75.898,56.111
7/6/2020 19:38,75.942,55.742
7/6/2020 21:38,75.942,55.399
7/6/2020 23:38,69.685,65.485
7/7/2020 1:38,69.514,65.122
7/7/2020 3:38,69.471,65.292
7/7/2020 5:38,70.716,63.748
7/7/2020 7:38,75.724,55.507
7/7/2020 9:38,75.81,56.135
7/7/2020 11:38,75.898,54.646
7/7/2020 13:38,76.507,55.101
7/7/2020 15:38,76.899,54.034
7/7/2020 17:38,76.375,53.899
7/7/2020 19:38,76.332,53.959
7/7/2020 21:38,76.332,54.618
7/7/2020 23:38,69.728,64.591
7/8/2020 1:38,69.557,65.039
7/8/2020 3:38,69.514,64.745
7/8/2020 5:38,70.803,64.429
7/8/2020 7:38,76.158,54.134
7/8/2020 9:38,76.246,54.705
7/8/2020 11:38,76.289,54.99
7/8/2020 13:38,76.289,54.552
7/8/2020 15:38,76.289,55.24
7/8/2020 17:38,76.332,56.084
7/8/2020 19:38,76.375,56.149
7/8/2020 21:38,76.332,55.493
7/8/2020 23:38,69.728,65.461
7/9/2020 1:38,69.557,64.633
7/9/2020 3:38,69.514,65.902
7/9/2020 5:38,70.846,63.144
7/9/2020 7:38,76.158,54.291
7/9/2020 9:38,76.246,53.857
7/9/2020 11:38,76.289,56.266
7/9/2020 13:38,76.464,55.347
7/9/2020 15:38,76.375,54.056
7/9/2020 17:38,76.419,56.029
7/9/2020 19:38,76.419,53.902
7/9/2020 21:38,76.375,55.714
7/9/2020 23:38,69.728,64.562
7/10/2020 1:38,69.557,65.415
7/10/2020 3:38,69.514,65.498
7/10/2020 5:38,70.846,63.79
7/10/2020 7:38,76.158,55.946
7/10/2020 9:38,76.246,55.454
7/10/2020 11:38,76.289,54.332
7/10/2020 13:38,76.289,55.583
7/10/2020 15:38,76.246,53.795
7/10/2020 17:38,76.332,55.648
7/10/2020 19:38,76.332,54.931
7/10/2020 21:38,76.332,53.644
7/10/2020 23:38,69.685,64.004
7/11/2020 1:38,69.514,63.959
7/11/2020 3:38,69.514,64.803
7/11/2020 5:38,70.803,61.78
7/11/2020 7:38,76.203,54.2
7/11/2020 9:38,76.289,55.52
7/11/2020 11:38,76.332,54.116
7/11/2020 13:38,76.375,53.427
7/11/2020 15:38,76.375,53.93
7/11/2020 17:38,76.375,55.34
7/11/2020 19:38,76.375,55.09
7/11/2020 21:38,76.332,54.649
7/11/2020 23:38,69.685,63.8
7/12/2020 1:38,69.514,64.076
7/12/2020 3:38,69.471,64.654
7/12/2020 5:38,70.846,64.112
7/12/2020 7:38,76.158,55.541
7/12/2020 9:38,76.246,53.732
7/12/2020 11:38,76.246,54.986
7/12/2020 13:38,76.289,54.426
7/12/2020 15:38,76.246,54.391
7/12/2020 17:38,76.332,54.68
7/12/2020 19:38,76.332,54.335
7/12/2020 21:38,76.332,54.712
7/12/2020 23:38,69.685,64.47
7/13/2020 1:38,69.514,64.047
7/13/2020 3:38,69.514,63.725
7/13/2020 5:38,70.846,62.879
7/13/2020 7:38,76.114,55.195
7/13/2020 9:38,76.203,55.357
7/13/2020 11:38,76.203,53.634
7/13/2020 13:38,76.114,55.351
7/13/2020 15:38,76.375,55.028
7/13/2020 17:38,76.289,54.207
7/13/2020 19:38,76.289,53.703
7/13/2020 21:38,76.289,55.24
7/13/2020 23:38,69.685,64.761
7/14/2020 1:38,69.514,64.629
7/14/2020 3:38,69.514,64.774
7/14/2020 5:38,70.93,61.138
7/14/2020 7:38,76.114,55.818
7/14/2020 9:38,76.203,54.357
7/14/2020 11:38,76.246,55.299
7/14/2020 13:38,76.289,53.009
7/14/2020 15:38,76.289,54.458
7/14/2020 17:38,76.289,55.427
7/14/2020 19:38,76.289,53.073
7/14/2020 21:38,76.246,54.078
7/14/2020 23:38,69.685,63.038
7/15/2020 1:38,69.514,63.345
7/15/2020 3:38,69.471,64.479
7/15/2020 5:38,70.887,61.312
7/15/2020 7:38,76.028,54.28
7/15/2020 9:38,76.158,53.063
7/15/2020 11:38,76.158,54.353
7/15/2020 13:38,76.203,53.823
7/15/2020 15:38,76.464,52.801
7/15/2020 17:38,76.375,53.206
7/15/2020 19:38,76.375,53.079
7/15/2020 21:38,76.332,53.423
7/15/2020 23:38,69.643,61.558
7/16/2020 1:38,69.514,62.846
7/16/2020 3:38,69.471,62.93
7/16/2020 5:38,70.93,60.57
7/16/2020 7:38,76.158,54.071
7/16/2020 9:38,76.246,51.992
7/16/2020 11:38,76.246,53.574
7/16/2020 13:38,76.332,53.139
7/16/2020 15:38,76.375,53.521
7/16/2020 17:38,76.419,53.461
7/16/2020 19:38,76.375,52.129
7/16/2020 21:38,76.332,54.241
7/16/2020 23:38,69.685,62.39
7/17/2020 1:38,69.514,64.221
7/17/2020 3:38,69.514,63.521
7/17/2020 5:38,70.974,61.677
7/17/2020 7:38,76.464,59.051
7/17/2020 9:38,76.071,59.018
7/17/2020 11:38,75.985,60.287
7/17/2020 13:38,75.898,59.156
7/17/2020 15:38,75.637,61.042
7/17/2020 17:38,75.637,61.943
7/17/2020 19:38,75.681,62.096
7/17/2020 21:38,75.81,61.268
7/17/2020 23:38,69.514,74.699
7/18/2020 1:38,69.343,74.843
7/18/2020 3:38,69.256,74.887
7/18/2020 5:38,70.759,69.614
7/18/2020 7:38,75.594,60.344
7/18/2020 9:38,75.637,60.62
7/18/2020 11:38,75.637,62.57
7/18/2020 13:38,75.681,60.17
7/18/2020 15:38,75.681,61.976
7/18/2020 17:38,75.767,62.761
7/18/2020 19:38,75.767,61.714
7/18/2020 21:38,75.724,62.01
7/18/2020 23:38,69.471,73.881
7/19/2020 1:38,69.3,74.486
7/19/2020 3:38,69.256,74.563
7/19/2020 5:38,70.803,71.714
7/19/2020 7:38,75.594,60.253
7/19/2020 9:38,75.637,61.222
7/19/2020 11:38,75.637,60.499
7/19/2020 13:38,75.637,60.861
7/19/2020 15:38,75.637,61.433
7/19/2020 17:38,75.637,61.313
7/19/2020 19:38,75.637,59.56
7/19/2020 21:38,75.637,60.075
7/19/2020 23:38,69.427,72.013
7/20/2020 1:38,69.3,73.235
7/20/2020 3:38,69.213,73.116
7/20/2020 5:38,70.673,70.894
7/20/2020 7:38,75.463,59.879
7/20/2020 9:38,75.551,61.695
7/20/2020 11:38,75.551,57.627
7/20/2020 13:38,75.942,59.342
7/20/2020 15:38,75.942,59.707
7/20/2020 17:38,75.985,59.376
7/20/2020 19:38,75.985,59.285
7/20/2020 21:38,75.942,59.555
7/20/2020 23:38,69.771,71.274
7/21/2020 1:38,69.643,71.565
7/21/2020 3:38,69.6,71.672
7/21/2020 5:38,71.06,69.108
7/21/2020 7:38,75.898,60.401
7/21/2020 9:38,75.985,59.802
7/21/2020 11:38,75.985,60.166
7/21/2020 13:38,76.028,60.109
7/21/2020 15:38,76.028,59.927
7/21/2020 17:38,76.071,59.961
7/21/2020 19:38,76.071,59.809
7/21/2020 21:38,76.028,59.684
7/21/2020 23:38,69.771,70.912
7/22/2020 1:38,69.6,70.477
7/22/2020 3:38,69.6,70.113
7/22/2020 5:38,70.974,67.821
7/22/2020 7:38,75.853,58.266
7/22/2020 9:38,75.942,58.089
7/22/2020 11:38,75.942,58.181
7/22/2020 13:38,75.637,59.984
7/22/2020 15:38,75.985,58.613
7/22/2020 17:38,75.81,59.696
7/22/2020 19:38,75.767,59.753
7/22/2020 21:38,75.767,60.298
7/22/2020 23:38,69.685,71.154
7/23/2020 1:38,69.557,71.168
7/23/2020 3:38,69.557,71.224
7/23/2020 5:38,71.103,68.545
7/23/2020 7:38,75.637,60.589
7/23/2020 9:38,75.681,59.837
7/23/2020 11:38,75.681,60.503
7/23/2020 13:38,75.724,60.688
7/23/2020 15:38,75.767,60.48
7/23/2020 17:38,75.767,60.903
7/23/2020 19:38,75.81,61.177
7/23/2020 21:38,75.767,60.48
7/23/2020 23:38,69.771,72.38
7/24/2020 1:38,69.685,73.386
7/24/2020 3:38,69.6,73.349
7/24/2020 5:38,71.19,70.668
7/24/2020 7:38,75.681,61.707
7/24/2020 9:38,75.724,61.771
7/24/2020 11:38,75.767,61.744
7/24/2020 13:38,75.767,61.504
7/24/2020 15:38,75.767,61.324
7/24/2020 17:38,75.81,61.117
7/24/2020 19:38,75.81,61.508
7/24/2020 21:38,75.767,61.714
7/24/2020 23:38,69.771,73.094
7/25/2020 1:38,69.685,73.331
7/25/2020 3:38,69.643,73.299
7/25/2020 5:38,71.19,70.5
7/25/2020 7:38,75.681,61.677
7/25/2020 9:38,75.767,61.534
7/25/2020 11:38,75.767,61.414
7/25/2020 13:38,75.81,61.057
7/25/2020 15:38,75.81,61.328
7/25/2020 17:38,75.81,61.328
7/25/2020 19:38,75.853,61.332
7/25/2020 21:38,75.81,60.936
7/25/2020 23:38,69.771,72.435
7/26/2020 1:38,69.643,72.888
7/26/2020 3:38,69.6,73.513
7/26/2020 5:38,71.231,69.802
7/26/2020 7:38,75.724,61.591
7/26/2020 9:38,75.767,61.113
7/26/2020 11:38,75.767,60.419
7/26/2020 13:38,75.767,61.264
7/26/2020 15:38,75.81,60.997
7/26/2020 17:38,75.81,61.208
7/26/2020 19:38,75.81,60.967
7/26/2020 21:38,75.81,60.484
7/26/2020 23:38,69.728,71.823
7/27/2020 1:38,69.6,71.92
7/27/2020 3:38,69.557,71.944
7/27/2020 5:38,71.146,69.201
7/27/2020 7:38,75.681,60.563
7/27/2020 9:38,75.724,59.871
7/27/2020 11:38,75.724,60.022
7/27/2020 13:38,75.724,59.658
7/27/2020 15:38,75.767,58.992
7/27/2020 17:38,75.853,58.816
7/27/2020 19:38,75.853,58.572
7/27/2020 21:38,75.81,58.996
7/27/2020 23:38,69.685,70.234
7/28/2020 1:38,69.6,70.839
7/28/2020 3:38,69.6,71.367
7/28/2020 5:38,71.146,68.55
7/28/2020 7:38,75.724,60.537
7/28/2020 9:38,75.767,60.298
7/28/2020 11:38,75.81,60.756
7/28/2020 13:38,75.81,60.665
7/28/2020 15:38,75.853,60.003
7/28/2020 17:38,75.853,60.245
7/28/2020 19:38,75.853,59.851
7/28/2020 21:38,75.81,59.026
7/28/2020 23:38,69.728,70.908
7/29/2020 1:38,69.6,70.95
7/29/2020 3:38,69.6,71.006
7/29/2020 5:38,71.19,68.696
7/29/2020 7:38,75.681,60.261
7/29/2020 9:38,74.424,55.186
7/29/2020 11:38,82.085,55.855
7/29/2020 13:38,80.713,38.465
7/29/2020 14:53,,
7/29/2020 14:53,,
7/29/2020 14:55,,
7/29/2020 14:55,,
7/29/2020 14:55,,
7/29/2020 14:55,,
